[gd_scene load_steps=5 format=3]

[sub_resource type="GDScript" id="GDScript_6e4p7"]
resource_name = "den_item"
script/source = "extends Node2D

@export var data = {}
"

[sub_resource type="Image" id="Image_ms2qc"]
data = {
"data": PackedByteArray(0, 0, 0, 0, 0, 0, 0, 0, 0, 0, 0, 0, 0, 0, 0, 0, 0, 0, 0, 0, 0, 0, 0, 0, 0, 0, 0, 0, 0, 0, 0, 0, 0, 0, 0, 0, 0, 0, 0, 0, 0, 0, 0, 0, 0, 0, 0, 0, 0, 0, 0, 0, 0, 0, 0, 0, 0, 0, 0, 0, 0, 0, 0, 0, 0, 0, 0, 0, 0, 0, 0, 0, 0, 0, 0, 0, 0, 0, 0, 0, 0, 0, 0, 0, 0, 0, 0, 0, 0, 0, 0, 0, 0, 0, 0, 0, 0, 0, 0, 0, 0, 0, 0, 0, 0, 0, 0, 0, 0, 0, 0, 0, 0, 0, 0, 0, 242, 190, 131, 39, 242, 186, 132, 118, 243, 187, 132, 187, 243, 187, 132, 224, 243, 187, 133, 232, 242, 187, 133, 236, 243, 187, 133, 213, 243, 187, 132, 183, 243, 187, 132, 143, 243, 187, 134, 82, 243, 195, 134, 21, 0, 0, 0, 0, 0, 0, 0, 0, 0, 0, 0, 0, 0, 0, 0, 0, 0, 0, 0, 0, 0, 0, 0, 0, 0, 0, 0, 0, 0, 0, 0, 0, 0, 0, 0, 0, 0, 0, 0, 0, 0, 0, 0, 0, 0, 0, 0, 0, 0, 0, 0, 0, 0, 0, 0, 0, 0, 0, 0, 0, 0, 0, 0, 0, 0, 0, 0, 0, 0, 0, 0, 0, 0, 0, 0, 0, 0, 0, 0, 0, 0, 0, 0, 0, 0, 0, 0, 0, 0, 0, 0, 0, 0, 0, 0, 0, 0, 0, 0, 0, 0, 0, 0, 0, 0, 0, 0, 0, 0, 0, 0, 0, 0, 0, 0, 0, 0, 0, 0, 0, 0, 0, 0, 0, 0, 0, 0, 0, 0, 0, 0, 0, 0, 0, 0, 0, 0, 0, 0, 0, 0, 0, 0, 0, 0, 0, 0, 0, 0, 0, 0, 0, 0, 0, 0, 0, 0, 0, 0, 0, 0, 0, 0, 0, 0, 0, 0, 0, 0, 0, 0, 0, 0, 0, 0, 0, 0, 0, 0, 0, 0, 0, 0, 0, 0, 0, 0, 0, 0, 0, 0, 0, 0, 0, 0, 0, 0, 0, 0, 0, 0, 0, 0, 0, 0, 0, 0, 0, 0, 0, 0, 0, 0, 0, 0, 0, 0, 0, 0, 0, 0, 0, 0, 0, 0, 0, 0, 0, 0, 0, 0, 0, 0, 0, 0, 0, 0, 0, 0, 0, 0, 0, 0, 0, 0, 0, 0, 0, 0, 0, 0, 0, 0, 0, 0, 0, 0, 0, 0, 0, 0, 0, 0, 0, 0, 0, 0, 0, 0, 0, 0, 0, 0, 0, 0, 0, 0, 0, 0, 0, 0, 0, 0, 0, 0, 0, 0, 0, 0, 0, 0, 0, 0, 0, 0, 0, 0, 0, 0, 0, 0, 0, 0, 0, 0, 0, 0, 0, 0, 0, 0, 0, 0, 0, 0, 0, 0, 0, 0, 0, 0, 0, 0, 0, 0, 0, 0, 0, 0, 0, 0, 0, 0, 0, 0, 0, 0, 0, 0, 0, 0, 0, 0, 0, 0, 0, 0, 0, 0, 0, 0, 0, 0, 0, 0, 0, 0, 0, 0, 0, 0, 0, 0, 0, 0, 0, 0, 0, 0, 0, 0, 0, 0, 0, 0, 0, 0, 0, 0, 0, 0, 0, 0, 0, 0, 0, 0, 0, 0, 0, 0, 0, 0, 0, 0, 0, 0, 0, 0, 0, 0, 0, 0, 0, 0, 0, 0, 0, 0, 0, 0, 0, 0, 0, 0, 0, 0, 0, 0, 0, 0, 0, 0, 0, 0, 0, 0, 0, 0, 0, 0, 0, 0, 0, 0, 0, 0, 0, 0, 0, 0, 0, 0, 0, 0, 0, 0, 0, 0, 0, 0, 0, 0, 0, 0, 0, 0, 0, 0, 0, 0, 0, 0, 0, 0, 0, 0, 0, 0, 0, 0, 0, 0, 0, 0, 0, 0, 0, 0, 0, 0, 0, 0, 0, 0, 0, 0, 0, 0, 0, 0, 0, 0, 0, 0, 0, 0, 0, 0, 0, 0, 0, 0, 0, 0, 0, 0, 0, 0, 0, 0, 0, 0, 0, 0, 0, 0, 0, 0, 0, 0, 0, 0, 0, 0, 0, 0, 0, 0, 0, 0, 0, 0, 0, 0, 0, 0, 0, 0, 0, 0, 0, 0, 0, 0, 0, 0, 0, 0, 0, 0, 0, 0, 0, 0, 0, 0, 0, 0, 0, 0, 0, 0, 0, 0, 0, 0, 0, 0, 0, 0, 0, 0, 0, 0, 0, 0, 0, 0, 0, 0, 0, 0, 0, 0, 0, 0, 0, 0, 0, 0, 0, 0, 0, 0, 0, 0, 0, 0, 0, 0, 0, 0, 0, 0, 0, 0, 0, 0, 0, 0, 0, 0, 0, 0, 0, 0, 0, 0, 0, 0, 0, 0, 0, 0, 0, 0, 0, 0, 0, 0, 0, 0, 0, 0, 0, 0, 0, 0, 0, 0, 0, 0, 0, 0, 0, 0, 0, 0, 0, 0, 0, 0, 0, 0, 0, 0, 0, 0, 0, 0, 0, 0, 0, 0, 0, 0, 0, 0, 0, 0, 0, 0, 0, 0, 0, 0, 0, 0, 0, 0, 0, 0, 0, 0, 0, 0, 0, 0, 0, 0, 0, 0, 0, 0, 0, 0, 0, 0, 0, 0, 0, 0, 0, 0, 0, 0, 0, 0, 0, 0, 0, 0, 0, 0, 0, 255, 192, 128, 4, 243, 188, 133, 125, 243, 186, 133, 252, 243, 187, 133, 255, 243, 187, 133, 255, 243, 187, 133, 255, 243, 187, 133, 255, 243, 187, 133, 255, 243, 187, 133, 255, 243, 187, 133, 255, 243, 187, 133, 255, 243, 187, 133, 255, 243, 187, 133, 255, 242, 186, 133, 196, 243, 186, 134, 103, 255, 195, 135, 17, 0, 0, 0, 0, 0, 0, 0, 0, 0, 0, 0, 0, 0, 0, 0, 0, 0, 0, 0, 0, 0, 0, 0, 0, 0, 0, 0, 0, 0, 0, 0, 0, 0, 0, 0, 0, 0, 0, 0, 0, 0, 0, 0, 0, 0, 0, 0, 0, 0, 0, 0, 0, 0, 0, 0, 0, 0, 0, 0, 0, 0, 0, 0, 0, 0, 0, 0, 0, 0, 0, 0, 0, 0, 0, 0, 0, 0, 0, 0, 0, 0, 0, 0, 0, 0, 0, 0, 0, 0, 0, 0, 0, 0, 0, 0, 0, 0, 0, 0, 0, 0, 0, 0, 0, 0, 0, 0, 0, 0, 0, 0, 0, 0, 0, 0, 0, 0, 0, 0, 0, 0, 0, 0, 0, 0, 0, 0, 0, 0, 0, 0, 0, 0, 0, 0, 0, 0, 0, 0, 0, 0, 0, 0, 0, 0, 0, 0, 0, 0, 0, 0, 0, 0, 0, 0, 0, 0, 0, 0, 0, 0, 0, 0, 0, 0, 0, 0, 0, 0, 0, 0, 0, 0, 0, 0, 0, 0, 0, 0, 0, 0, 0, 0, 0, 0, 0, 0, 0, 0, 0, 0, 0, 0, 0, 0, 0, 0, 0, 0, 0, 0, 0, 0, 0, 0, 0, 0, 0, 0, 0, 0, 0, 0, 0, 0, 0, 0, 0, 0, 0, 0, 0, 0, 0, 0, 0, 0, 0, 0, 0, 0, 0, 0, 0, 0, 0, 0, 0, 0, 0, 0, 0, 0, 0, 0, 0, 0, 0, 0, 0, 0, 0, 0, 0, 0, 0, 0, 0, 0, 0, 0, 0, 0, 0, 0, 0, 0, 0, 0, 0, 0, 0, 0, 0, 0, 0, 0, 0, 0, 0, 0, 0, 0, 0, 0, 0, 0, 0, 0, 0, 0, 0, 0, 0, 0, 0, 0, 0, 0, 0, 0, 0, 0, 0, 0, 0, 0, 0, 0, 0, 0, 0, 0, 0, 0, 0, 0, 0, 0, 0, 0, 0, 0, 0, 0, 0, 0, 0, 0, 0, 0, 0, 0, 0, 0, 0, 0, 0, 0, 0, 0, 0, 0, 0, 0, 0, 0, 0, 0, 0, 0, 0, 0, 0, 0, 0, 0, 0, 0, 0, 0, 0, 0, 0, 0, 0, 0, 0, 0, 0, 0, 0, 0, 0, 0, 0, 0, 0, 0, 0, 0, 0, 0, 0, 0, 0, 0, 0, 0, 0, 0, 0, 0, 0, 0, 0, 0, 0, 0, 0, 0, 0, 0, 0, 0, 0, 0, 0, 0, 0, 0, 0, 0, 0, 0, 0, 0, 0, 0, 0, 0, 0, 0, 0, 0, 0, 0, 0, 0, 0, 0, 0, 0, 0, 0, 0, 0, 0, 0, 0, 0, 0, 0, 0, 0, 0, 0, 0, 0, 0, 0, 0, 0, 0, 0, 0, 0, 0, 0, 0, 0, 0, 0, 0, 0, 0, 0, 0, 0, 0, 0, 0, 0, 0, 0, 0, 0, 0, 0, 0, 0, 0, 0, 0, 0, 0, 0, 0, 0, 0, 0, 0, 0, 0, 0, 0, 0, 0, 0, 0, 0, 0, 0, 0, 0, 0, 0, 0, 0, 0, 0, 0, 0, 0, 0, 0, 0, 0, 0, 0, 0, 0, 0, 0, 0, 0, 0, 0, 0, 0, 0, 0, 0, 0, 0, 0, 0, 0, 0, 0, 0, 0, 0, 0, 0, 0, 0, 0, 0, 0, 0, 0, 0, 0, 0, 0, 0, 0, 0, 0, 0, 0, 0, 0, 0, 0, 0, 0, 0, 0, 0, 0, 0, 0, 0, 0, 0, 0, 0, 0, 0, 0, 0, 0, 0, 0, 0, 0, 0, 0, 0, 0, 0, 0, 0, 0, 0, 0, 0, 0, 0, 0, 0, 0, 0, 0, 0, 0, 0, 0, 0, 0, 0, 0, 0, 0, 0, 0, 0, 0, 0, 0, 0, 0, 0, 0, 0, 0, 0, 0, 0, 0, 0, 0, 0, 0, 0, 0, 0, 0, 0, 0, 0, 0, 0, 0, 0, 0, 0, 0, 0, 0, 0, 0, 0, 0, 0, 0, 0, 0, 0, 0, 0, 0, 0, 0, 0, 0, 0, 0, 0, 0, 0, 0, 0, 0, 0, 0, 0, 0, 0, 0, 0, 0, 0, 0, 0, 0, 0, 0, 0, 0, 0, 0, 0, 0, 0, 0, 0, 0, 255, 192, 128, 16, 243, 187, 132, 197, 243, 187, 133, 255, 243, 187, 133, 255, 243, 187, 133, 255, 243, 187, 133, 255, 243, 187, 133, 255, 243, 187, 133, 255, 243, 187, 133, 255, 243, 187, 133, 255, 243, 187, 133, 255, 243, 187, 133, 255, 243, 187, 133, 255, 243, 187, 133, 255, 243, 187, 133, 255, 243, 187, 133, 255, 243, 186, 133, 248, 244, 187, 133, 153, 248, 190, 131, 35, 0, 0, 0, 0, 0, 0, 0, 0, 0, 0, 0, 0, 0, 0, 0, 0, 0, 0, 0, 0, 0, 0, 0, 0, 0, 0, 0, 0, 0, 0, 0, 0, 0, 0, 0, 0, 0, 0, 0, 0, 0, 0, 0, 0, 0, 0, 0, 0, 0, 0, 0, 0, 0, 0, 0, 0, 0, 0, 0, 0, 0, 0, 0, 0, 0, 0, 0, 0, 0, 0, 0, 0, 0, 0, 0, 0, 0, 0, 0, 0, 0, 0, 0, 0, 0, 0, 0, 0, 0, 0, 0, 0, 0, 0, 0, 0, 0, 0, 0, 0, 0, 0, 0, 0, 0, 0, 0, 0, 0, 0, 0, 0, 0, 0, 0, 0, 0, 0, 0, 0, 0, 0, 0, 0, 0, 0, 0, 0, 0, 0, 0, 0, 0, 0, 0, 0, 0, 0, 0, 0, 0, 0, 0, 0, 0, 0, 0, 0, 0, 0, 0, 0, 0, 0, 0, 0, 0, 0, 0, 0, 0, 0, 0, 0, 0, 0, 0, 0, 0, 0, 0, 0, 0, 0, 0, 0, 0, 0, 0, 0, 0, 0, 0, 0, 0, 0, 0, 0, 0, 0, 0, 0, 0, 0, 0, 0, 0, 0, 0, 0, 0, 0, 0, 0, 0, 0, 0, 0, 0, 0, 0, 0, 0, 0, 0, 0, 0, 0, 0, 0, 0, 0, 0, 0, 0, 0, 0, 0, 0, 0, 0, 0, 0, 0, 0, 0, 0, 0, 0, 0, 0, 0, 0, 0, 0, 0, 0, 0, 0, 0, 0, 0, 0, 0, 0, 0, 0, 0, 0, 0, 0, 0, 0, 0, 0, 0, 0, 0, 0, 0, 0, 0, 0, 0, 0, 0, 0, 0, 0, 0, 0, 0, 0, 0, 0, 0, 0, 0, 0, 0, 0, 0, 0, 0, 0, 0, 0, 0, 0, 0, 0, 0, 0, 0, 0, 0, 0, 0, 0, 0, 0, 0, 0, 0, 0, 0, 0, 0, 0, 0, 0, 0, 0, 0, 0, 0, 0, 0, 0, 0, 0, 0, 0, 0, 0, 0, 0, 0, 0, 0, 0, 0, 0, 0, 0, 0, 0, 0, 0, 0, 0, 0, 0, 0, 0, 0, 0, 0, 0, 0, 0, 0, 0, 0, 0, 0, 0, 0, 0, 0, 0, 0, 0, 0, 0, 0, 0, 0, 0, 0, 0, 0, 0, 0, 0, 0, 0, 0, 0, 0, 0, 0, 0, 0, 0, 0, 0, 0, 0, 0, 0, 0, 0, 0, 0, 0, 0, 0, 0, 0, 0, 0, 0, 0, 0, 0, 0, 0, 0, 0, 0, 0, 0, 0, 0, 0, 0, 0, 0, 0, 0, 0, 0, 0, 0, 0, 0, 0, 0, 0, 0, 0, 0, 0, 0, 0, 0, 0, 0, 0, 0, 0, 0, 0, 0, 0, 0, 0, 0, 0, 0, 0, 0, 0, 0, 0, 0, 0, 0, 0, 0, 0, 0, 0, 0, 0, 0, 0, 0, 0, 0, 0, 0, 0, 0, 0, 0, 0, 0, 0, 0, 0, 0, 0, 0, 0, 0, 0, 0, 0, 0, 0, 0, 0, 0, 0, 0, 0, 0, 0, 0, 0, 0, 0, 0, 0, 0, 0, 0, 0, 0, 0, 0, 0, 0, 0, 0, 0, 0, 0, 0, 0, 0, 0, 0, 0, 0, 0, 0, 0, 0, 0, 0, 0, 0, 0, 0, 0, 0, 0, 0, 0, 0, 0, 0, 0, 0, 0, 0, 0, 0, 0, 0, 0, 0, 0, 0, 0, 0, 0, 0, 0, 0, 0, 0, 0, 0, 0, 0, 0, 0, 0, 0, 0, 0, 0, 0, 0, 0, 0, 0, 0, 0, 0, 0, 0, 0, 0, 0, 0, 0, 0, 0, 0, 0, 0, 0, 0, 0, 0, 0, 0, 0, 0, 0, 0, 0, 0, 0, 0, 0, 0, 0, 0, 0, 0, 0, 0, 0, 0, 0, 0, 0, 0, 0, 0, 0, 0, 0, 0, 0, 0, 0, 0, 0, 0, 0, 0, 0, 0, 0, 0, 0, 0, 0, 0, 0, 0, 0, 0, 0, 0, 0, 0, 0, 0, 0, 0, 0, 0, 0, 0, 0, 0, 0, 0, 0, 0, 0, 0, 0, 0, 0, 0, 0, 0, 0, 0, 255, 204, 153, 5, 243, 187, 133, 186, 243, 187, 133, 255, 243, 187, 133, 255, 243, 187, 133, 255, 243, 187, 133, 255, 243, 187, 133, 255, 243, 187, 133, 255, 243, 187, 133, 255, 243, 187, 133, 255, 243, 187, 133, 255, 243, 187, 133, 255, 243, 187, 133, 255, 243, 187, 133, 255, 243, 187, 133, 255, 243, 187, 133, 255, 243, 187, 133, 255, 243, 187, 133, 255, 243, 187, 133, 255, 243, 187, 132, 253, 243, 186, 132, 166, 248, 186, 131, 33, 0, 0, 0, 0, 0, 0, 0, 0, 0, 0, 0, 0, 0, 0, 0, 0, 0, 0, 0, 0, 0, 0, 0, 0, 0, 0, 0, 0, 0, 0, 0, 0, 0, 0, 0, 0, 0, 0, 0, 0, 0, 0, 0, 0, 0, 0, 0, 0, 0, 0, 0, 0, 0, 0, 0, 0, 0, 0, 0, 0, 0, 0, 0, 0, 0, 0, 0, 0, 0, 0, 0, 0, 0, 0, 0, 0, 0, 0, 0, 0, 0, 0, 0, 0, 0, 0, 0, 0, 0, 0, 0, 0, 0, 0, 0, 0, 0, 0, 0, 0, 0, 0, 0, 0, 0, 0, 0, 0, 0, 0, 0, 0, 0, 0, 0, 0, 0, 0, 0, 0, 0, 0, 0, 0, 0, 0, 0, 0, 0, 0, 0, 0, 0, 0, 0, 0, 0, 0, 0, 0, 0, 0, 0, 0, 0, 0, 0, 0, 0, 0, 0, 0, 0, 0, 0, 0, 0, 0, 0, 0, 0, 0, 0, 0, 0, 0, 0, 0, 0, 0, 0, 0, 0, 0, 0, 0, 0, 0, 0, 0, 0, 0, 0, 0, 0, 0, 0, 0, 0, 0, 0, 0, 0, 0, 0, 0, 0, 0, 0, 0, 0, 0, 0, 0, 0, 0, 0, 0, 0, 0, 0, 0, 0, 0, 0, 0, 0, 0, 0, 0, 0, 0, 0, 0, 0, 0, 0, 0, 0, 0, 0, 0, 0, 0, 0, 0, 0, 0, 0, 0, 0, 0, 0, 0, 0, 0, 0, 0, 0, 0, 0, 0, 0, 0, 0, 0, 0, 0, 0, 0, 0, 0, 0, 0, 0, 0, 0, 0, 0, 0, 0, 0, 0, 0, 0, 0, 0, 0, 0, 0, 0, 0, 0, 0, 0, 0, 0, 0, 0, 0, 0, 0, 0, 0, 0, 0, 0, 0, 0, 0, 0, 0, 0, 0, 0, 0, 0, 0, 0, 0, 0, 0, 0, 0, 0, 0, 0, 0, 0, 0, 0, 0, 0, 0, 0, 0, 0, 0, 0, 0, 0, 0, 0, 0, 0, 0, 0, 0, 0, 0, 0, 0, 0, 0, 0, 0, 0, 0, 0, 0, 0, 0, 0, 0, 0, 0, 0, 0, 0, 0, 0, 0, 0, 0, 0, 0, 0, 0, 0, 0, 0, 0, 0, 0, 0, 0, 0, 0, 0, 0, 0, 0, 0, 0, 0, 0, 0, 0, 0, 0, 0, 0, 0, 0, 0, 0, 0, 0, 0, 0, 0, 0, 0, 0, 0, 0, 0, 0, 0, 0, 0, 0, 0, 0, 0, 0, 0, 0, 0, 0, 0, 0, 0, 0, 0, 0, 0, 0, 0, 0, 0, 0, 0, 0, 0, 0, 0, 0, 0, 0, 0, 0, 0, 0, 0, 0, 0, 0, 0, 0, 0, 0, 0, 0, 0, 0, 0, 0, 0, 0, 0, 0, 0, 0, 0, 0, 0, 0, 0, 0, 0, 0, 0, 0, 0, 0, 0, 0, 0, 0, 0, 0, 0, 0, 0, 0, 0, 0, 0, 0, 0, 0, 0, 0, 0, 0, 0, 0, 0, 0, 0, 0, 0, 0, 0, 0, 0, 0, 0, 0, 0, 0, 0, 0, 0, 0, 0, 0, 0, 0, 0, 0, 0, 0, 0, 0, 0, 0, 0, 0, 0, 0, 0, 0, 0, 0, 0, 0, 0, 0, 0, 0, 0, 0, 0, 0, 0, 0, 0, 0, 0, 0, 0, 0, 0, 0, 0, 0, 0, 0, 0, 0, 0, 0, 0, 0, 0, 0, 0, 0, 0, 0, 0, 0, 0, 0, 0, 0, 0, 0, 0, 0, 0, 0, 0, 0, 0, 0, 0, 0, 0, 0, 0, 0, 0, 0, 0, 0, 0, 0, 0, 0, 0, 0, 0, 0, 0, 0, 0, 0, 0, 0, 0, 0, 0, 0, 0, 0, 0, 0, 0, 0, 0, 0, 0, 0, 0, 0, 0, 0, 0, 0, 0, 0, 0, 0, 0, 0, 0, 0, 0, 0, 0, 0, 0, 0, 0, 0, 0, 0, 0, 0, 0, 0, 0, 0, 0, 0, 0, 0, 0, 0, 0, 0, 0, 0, 0, 0, 0, 0, 0, 0, 0, 0, 0, 0, 255, 255, 255, 1, 244, 187, 133, 153, 243, 187, 133, 255, 243, 187, 133, 255, 243, 187, 133, 255, 243, 187, 133, 255, 243, 187, 133, 255, 243, 187, 133, 255, 243, 187, 133, 255, 243, 187, 133, 255, 243, 187, 133, 255, 243, 187, 133, 255, 243, 187, 133, 255, 243, 187, 133, 255, 243, 187, 133, 255, 243, 187, 133, 255, 243, 187, 133, 255, 243, 187, 133, 255, 243, 187, 133, 255, 243, 187, 133, 255, 243, 187, 133, 255, 243, 187, 133, 255, 243, 186, 133, 248, 244, 188, 133, 132, 255, 192, 128, 12, 0, 0, 0, 0, 0, 0, 0, 0, 0, 0, 0, 0, 0, 0, 0, 0, 0, 0, 0, 0, 0, 0, 0, 0, 0, 0, 0, 0, 0, 0, 0, 0, 0, 0, 0, 0, 0, 0, 0, 0, 0, 0, 0, 0, 0, 0, 0, 0, 0, 0, 0, 0, 0, 0, 0, 0, 0, 0, 0, 0, 0, 0, 0, 0, 0, 0, 0, 0, 0, 0, 0, 0, 0, 0, 0, 0, 0, 0, 0, 0, 0, 0, 0, 0, 0, 0, 0, 0, 0, 0, 0, 0, 0, 0, 0, 0, 0, 0, 0, 0, 0, 0, 0, 0, 0, 0, 0, 0, 0, 0, 0, 0, 0, 0, 0, 0, 0, 0, 0, 0, 0, 0, 0, 0, 0, 0, 0, 0, 0, 0, 0, 0, 0, 0, 0, 0, 0, 0, 0, 0, 0, 0, 0, 0, 0, 0, 0, 0, 0, 0, 0, 0, 0, 0, 0, 0, 0, 0, 0, 0, 0, 0, 0, 0, 0, 0, 0, 0, 0, 0, 0, 0, 0, 0, 0, 0, 0, 0, 0, 0, 0, 0, 0, 0, 0, 0, 0, 0, 0, 0, 0, 0, 0, 0, 0, 0, 0, 0, 0, 0, 0, 0, 0, 0, 0, 0, 0, 0, 0, 0, 0, 0, 0, 0, 0, 0, 0, 0, 0, 0, 0, 0, 0, 0, 0, 0, 0, 0, 0, 0, 0, 0, 0, 0, 0, 0, 0, 0, 0, 0, 0, 0, 0, 0, 0, 0, 0, 0, 0, 0, 0, 0, 0, 0, 0, 0, 0, 0, 0, 0, 0, 0, 0, 0, 0, 0, 0, 0, 0, 0, 0, 0, 0, 0, 0, 0, 0, 0, 0, 0, 0, 0, 0, 0, 0, 0, 0, 0, 0, 0, 0, 0, 0, 0, 0, 0, 0, 0, 0, 0, 0, 0, 0, 0, 0, 0, 0, 0, 0, 0, 0, 0, 0, 0, 0, 0, 0, 0, 0, 0, 0, 0, 0, 0, 0, 0, 0, 0, 0, 0, 0, 0, 0, 0, 0, 0, 0, 0, 0, 0, 0, 0, 0, 0, 0, 0, 0, 0, 0, 0, 0, 0, 0, 0, 0, 0, 0, 0, 0, 0, 0, 0, 0, 0, 0, 0, 0, 0, 0, 0, 0, 0, 0, 0, 0, 0, 0, 0, 0, 0, 0, 0, 0, 0, 0, 0, 0, 0, 0, 0, 0, 0, 0, 0, 0, 0, 0, 0, 0, 0, 0, 0, 0, 0, 0, 0, 0, 0, 0, 0, 0, 0, 0, 0, 0, 0, 0, 0, 0, 0, 0, 0, 0, 0, 0, 0, 0, 0, 0, 0, 0, 0, 0, 0, 0, 0, 0, 0, 0, 0, 0, 0, 0, 0, 0, 0, 0, 0, 0, 0, 0, 0, 0, 0, 0, 0, 0, 0, 0, 0, 0, 0, 0, 0, 0, 0, 0, 0, 0, 0, 0, 0, 0, 0, 0, 0, 0, 0, 0, 0, 0, 0, 0, 0, 0, 0, 0, 0, 0, 0, 0, 0, 0, 0, 0, 0, 0, 0, 0, 0, 0, 0, 0, 0, 0, 0, 0, 0, 0, 0, 0, 0, 0, 0, 0, 0, 0, 0, 0, 0, 0, 0, 0, 0, 0, 0, 0, 0, 0, 0, 0, 0, 0, 0, 0, 0, 0, 0, 0, 0, 0, 0, 0, 0, 0, 0, 0, 0, 0, 0, 0, 0, 0, 0, 0, 0, 0, 0, 0, 0, 0, 0, 0, 0, 0, 0, 0, 0, 0, 0, 0, 0, 0, 0, 0, 0, 0, 0, 0, 0, 0, 0, 0, 0, 0, 0, 0, 0, 0, 0, 0, 0, 0, 0, 0, 0, 0, 0, 0, 0, 0, 0, 0, 0, 0, 0, 0, 0, 0, 0, 0, 0, 0, 0, 0, 0, 0, 0, 0, 0, 0, 0, 0, 0, 0, 0, 0, 0, 0, 0, 0, 0, 0, 0, 0, 0, 0, 0, 0, 0, 0, 0, 0, 0, 0, 0, 0, 0, 0, 0, 0, 0, 0, 0, 0, 0, 0, 0, 0, 0, 0, 0, 0, 0, 0, 0, 0, 0, 244, 188, 132, 87, 243, 187, 133, 255, 243, 187, 133, 255, 243, 187, 133, 255, 243, 187, 133, 255, 243, 187, 133, 255, 243, 187, 133, 255, 243, 187, 133, 255, 243, 187, 133, 255, 243, 187, 133, 255, 243, 187, 133, 255, 243, 187, 133, 255, 243, 187, 133, 255, 243, 187, 133, 255, 243, 187, 133, 255, 243, 187, 133, 255, 243, 187, 133, 255, 243, 187, 133, 255, 243, 187, 133, 255, 243, 187, 133, 255, 243, 187, 133, 255, 243, 187, 133, 255, 243, 187, 133, 255, 243, 187, 133, 255, 243, 187, 132, 228, 244, 189, 133, 69, 0, 0, 0, 0, 0, 0, 0, 0, 0, 0, 0, 0, 0, 0, 0, 0, 0, 0, 0, 0, 0, 0, 0, 0, 0, 0, 0, 0, 0, 0, 0, 0, 0, 0, 0, 0, 0, 0, 0, 0, 0, 0, 0, 0, 0, 0, 0, 0, 0, 0, 0, 0, 0, 0, 0, 0, 0, 0, 0, 0, 0, 0, 0, 0, 0, 0, 0, 0, 0, 0, 0, 0, 0, 0, 0, 0, 0, 0, 0, 0, 0, 0, 0, 0, 0, 0, 0, 0, 0, 0, 0, 0, 0, 0, 0, 0, 0, 0, 0, 0, 0, 0, 0, 0, 0, 0, 0, 0, 0, 0, 0, 0, 0, 0, 0, 0, 0, 0, 0, 0, 0, 0, 0, 0, 0, 0, 0, 0, 0, 0, 0, 0, 0, 0, 0, 0, 0, 0, 0, 0, 0, 0, 0, 0, 0, 0, 0, 0, 0, 0, 0, 0, 0, 0, 0, 0, 0, 0, 0, 0, 0, 0, 0, 0, 0, 0, 0, 0, 0, 0, 0, 0, 0, 0, 0, 0, 0, 0, 0, 0, 0, 0, 0, 0, 0, 0, 0, 0, 0, 0, 0, 0, 0, 0, 0, 0, 0, 0, 0, 0, 0, 0, 0, 0, 0, 0, 0, 0, 0, 0, 0, 0, 0, 0, 0, 0, 0, 0, 0, 0, 0, 0, 0, 0, 0, 0, 0, 0, 0, 0, 0, 0, 0, 0, 0, 0, 0, 0, 0, 0, 0, 0, 0, 0, 0, 0, 0, 0, 0, 0, 0, 0, 0, 0, 0, 0, 0, 0, 0, 0, 0, 0, 0, 0, 0, 0, 0, 0, 0, 0, 0, 0, 0, 0, 0, 0, 0, 0, 0, 0, 0, 0, 0, 0, 0, 0, 0, 0, 0, 0, 0, 0, 0, 0, 0, 0, 0, 0, 0, 0, 0, 0, 0, 0, 0, 0, 0, 0, 0, 0, 0, 0, 0, 0, 0, 0, 0, 0, 0, 0, 0, 0, 0, 0, 0, 0, 0, 0, 0, 0, 0, 0, 0, 0, 0, 0, 0, 0, 0, 0, 0, 0, 0, 0, 0, 0, 0, 0, 0, 0, 0, 0, 0, 0, 0, 0, 0, 0, 0, 0, 0, 0, 0, 0, 0, 0, 0, 0, 0, 0, 0, 0, 0, 0, 0, 0, 0, 0, 0, 0, 0, 0, 0, 0, 0, 0, 0, 0, 0, 0, 0, 0, 0, 0, 0, 0, 0, 0, 0, 0, 0, 0, 0, 0, 0, 0, 0, 0, 0, 0, 0, 0, 0, 0, 0, 0, 0, 0, 0, 0, 0, 0, 0, 0, 0, 0, 0, 0, 0, 0, 0, 0, 0, 0, 0, 0, 0, 0, 0, 0, 0, 0, 0, 0, 0, 0, 0, 0, 0, 0, 0, 0, 0, 0, 0, 0, 0, 0, 0, 0, 0, 0, 0, 0, 0, 0, 0, 0, 0, 0, 0, 0, 0, 0, 0, 0, 0, 0, 0, 0, 0, 0, 0, 0, 0, 0, 0, 0, 0, 0, 0, 0, 0, 0, 0, 0, 0, 0, 0, 0, 0, 0, 0, 0, 0, 0, 0, 0, 0, 0, 0, 0, 0, 0, 0, 0, 0, 0, 0, 0, 0, 0, 0, 0, 0, 0, 0, 0, 0, 0, 0, 0, 0, 0, 0, 0, 0, 0, 0, 0, 0, 0, 0, 0, 0, 0, 0, 0, 0, 0, 0, 0, 0, 0, 0, 0, 0, 0, 0, 0, 0, 0, 0, 0, 0, 0, 0, 0, 0, 0, 0, 0, 0, 0, 0, 0, 0, 0, 0, 0, 0, 0, 0, 0, 0, 0, 0, 0, 0, 0, 0, 0, 0, 0, 0, 0, 0, 0, 0, 0, 0, 0, 0, 0, 0, 0, 0, 0, 0, 0, 0, 0, 0, 0, 0, 0, 0, 0, 0, 0, 0, 0, 0, 0, 0, 0, 0, 0, 0, 0, 0, 0, 0, 0, 0, 0, 0, 0, 0, 0, 0, 0, 0, 0, 0, 0, 0, 0, 0, 0, 0, 0, 0, 0, 0, 0, 0, 0, 0, 0, 255, 186, 139, 11, 243, 187, 133, 227, 243, 187, 133, 255, 243, 187, 133, 255, 243, 187, 133, 255, 243, 187, 133, 255, 243, 187, 133, 255, 243, 187, 133, 255, 243, 187, 133, 255, 243, 187, 133, 255, 243, 187, 133, 255, 243, 187, 133, 255, 243, 187, 133, 255, 243, 187, 133, 255, 243, 187, 133, 255, 243, 187, 133, 255, 243, 187, 133, 255, 243, 187, 133, 255, 243, 187, 133, 255, 243, 187, 133, 255, 243, 187, 133, 255, 243, 187, 133, 255, 243, 187, 133, 255, 243, 187, 133, 255, 243, 187, 133, 255, 243, 187, 133, 255, 243, 187, 133, 255, 243, 187, 133, 138, 255, 213, 128, 6, 0, 0, 0, 0, 0, 0, 0, 0, 0, 0, 0, 0, 0, 0, 0, 0, 0, 0, 0, 0, 0, 0, 0, 0, 0, 0, 0, 0, 0, 0, 0, 0, 0, 0, 0, 0, 0, 0, 0, 0, 0, 0, 0, 0, 0, 0, 0, 0, 0, 0, 0, 0, 0, 0, 0, 0, 0, 0, 0, 0, 0, 0, 0, 0, 0, 0, 0, 0, 0, 0, 0, 0, 0, 0, 0, 0, 0, 0, 0, 0, 0, 0, 0, 0, 0, 0, 0, 0, 0, 0, 0, 0, 0, 0, 0, 0, 0, 0, 0, 0, 0, 0, 0, 0, 0, 0, 0, 0, 0, 0, 0, 0, 0, 0, 0, 0, 0, 0, 0, 0, 0, 0, 0, 0, 0, 0, 0, 0, 0, 0, 0, 0, 0, 0, 0, 0, 0, 0, 0, 0, 0, 0, 0, 0, 0, 0, 0, 0, 0, 0, 0, 0, 0, 0, 0, 0, 0, 0, 0, 0, 0, 0, 0, 0, 0, 0, 0, 0, 0, 0, 0, 0, 0, 0, 0, 0, 0, 0, 0, 0, 0, 0, 0, 0, 0, 0, 0, 0, 0, 0, 0, 0, 0, 0, 0, 0, 0, 0, 0, 0, 0, 0, 0, 0, 0, 0, 0, 0, 0, 0, 0, 0, 0, 0, 0, 0, 0, 0, 0, 0, 0, 0, 0, 0, 0, 0, 0, 0, 0, 0, 0, 0, 0, 0, 0, 0, 0, 0, 0, 0, 0, 0, 0, 0, 0, 0, 0, 0, 0, 0, 0, 0, 0, 0, 0, 0, 0, 0, 0, 0, 0, 0, 0, 0, 0, 0, 0, 0, 0, 0, 0, 0, 0, 0, 0, 0, 0, 0, 0, 0, 0, 0, 0, 0, 0, 0, 0, 0, 0, 0, 0, 0, 0, 0, 0, 0, 0, 0, 0, 0, 0, 0, 0, 0, 0, 0, 0, 0, 0, 0, 0, 0, 0, 0, 0, 0, 0, 0, 0, 0, 0, 0, 0, 0, 0, 0, 0, 0, 0, 0, 0, 0, 0, 0, 0, 0, 0, 0, 0, 0, 0, 0, 0, 0, 0, 0, 0, 0, 0, 0, 0, 0, 0, 0, 0, 0, 0, 0, 0, 0, 0, 0, 0, 0, 0, 0, 0, 0, 0, 0, 0, 0, 0, 0, 0, 0, 0, 0, 0, 0, 0, 0, 0, 0, 0, 0, 0, 0, 0, 0, 0, 0, 0, 0, 0, 0, 0, 0, 0, 0, 0, 0, 0, 0, 0, 0, 0, 0, 0, 0, 0, 0, 0, 0, 0, 0, 0, 0, 0, 0, 0, 0, 0, 0, 0, 0, 0, 0, 0, 0, 0, 0, 0, 0, 0, 0, 0, 0, 0, 0, 0, 0, 0, 0, 0, 0, 0, 0, 0, 0, 0, 0, 0, 0, 0, 0, 0, 0, 0, 0, 0, 0, 0, 0, 0, 0, 0, 0, 0, 0, 0, 0, 0, 0, 0, 0, 0, 0, 0, 0, 0, 0, 0, 0, 0, 0, 0, 0, 0, 0, 0, 0, 0, 0, 0, 0, 0, 0, 0, 0, 0, 0, 0, 0, 0, 0, 0, 0, 0, 0, 0, 0, 0, 0, 0, 0, 0, 0, 0, 0, 0, 0, 0, 0, 0, 0, 0, 0, 0, 0, 0, 0, 0, 0, 0, 0, 0, 0, 0, 0, 0, 0, 0, 0, 0, 0, 0, 0, 0, 0, 0, 0, 0, 0, 0, 0, 0, 0, 0, 0, 0, 0, 0, 0, 0, 0, 0, 0, 0, 0, 0, 0, 0, 0, 0, 0, 0, 0, 0, 0, 0, 0, 0, 0, 0, 0, 0, 0, 0, 0, 0, 0, 0, 0, 0, 0, 0, 0, 0, 0, 0, 0, 0, 0, 0, 0, 0, 0, 0, 0, 0, 0, 0, 0, 0, 0, 0, 0, 0, 0, 0, 0, 0, 0, 0, 0, 0, 0, 0, 0, 0, 0, 0, 0, 0, 0, 0, 0, 0, 0, 0, 0, 0, 0, 0, 0, 0, 0, 0, 0, 0, 0, 244, 187, 133, 130, 243, 187, 133, 255, 243, 187, 133, 255, 243, 187, 133, 255, 243, 187, 133, 255, 243, 187, 133, 255, 243, 187, 133, 255, 243, 187, 133, 255, 243, 187, 133, 255, 243, 187, 133, 255, 243, 187, 133, 255, 243, 187, 133, 255, 243, 187, 133, 255, 243, 187, 133, 255, 243, 187, 133, 255, 243, 187, 133, 255, 243, 187, 133, 255, 243, 187, 133, 255, 243, 187, 133, 255, 243, 187, 133, 255, 243, 187, 133, 255, 243, 187, 133, 255, 243, 187, 133, 255, 243, 187, 133, 255, 243, 187, 133, 255, 243, 187, 133, 255, 243, 187, 133, 255, 243, 187, 133, 255, 243, 186, 133, 204, 249, 188, 134, 38, 0, 0, 0, 0, 0, 0, 0, 0, 0, 0, 0, 0, 0, 0, 0, 0, 0, 0, 0, 0, 0, 0, 0, 0, 0, 0, 0, 0, 0, 0, 0, 0, 0, 0, 0, 0, 0, 0, 0, 0, 0, 0, 0, 0, 0, 0, 0, 0, 0, 0, 0, 0, 0, 0, 0, 0, 0, 0, 0, 0, 0, 0, 0, 0, 0, 0, 0, 0, 0, 0, 0, 0, 0, 0, 0, 0, 0, 0, 0, 0, 0, 0, 0, 0, 0, 0, 0, 0, 0, 0, 0, 0, 0, 0, 0, 0, 0, 0, 0, 0, 0, 0, 0, 0, 0, 0, 0, 0, 0, 0, 0, 0, 0, 0, 0, 0, 0, 0, 0, 0, 0, 0, 0, 0, 0, 0, 0, 0, 0, 0, 0, 0, 0, 0, 0, 0, 0, 0, 0, 0, 0, 0, 0, 0, 0, 0, 0, 0, 0, 0, 0, 0, 0, 0, 0, 0, 0, 0, 0, 0, 0, 0, 0, 0, 0, 0, 0, 0, 0, 0, 0, 0, 0, 0, 0, 0, 0, 0, 0, 0, 0, 0, 0, 0, 0, 0, 0, 0, 0, 0, 0, 0, 0, 0, 0, 0, 0, 0, 0, 0, 0, 0, 0, 0, 0, 0, 0, 0, 0, 0, 0, 0, 0, 0, 0, 0, 0, 0, 0, 0, 0, 0, 0, 0, 0, 0, 0, 0, 0, 0, 0, 0, 0, 0, 0, 0, 0, 0, 0, 0, 0, 0, 0, 0, 0, 0, 0, 0, 0, 0, 0, 0, 0, 0, 0, 0, 0, 0, 0, 0, 0, 0, 0, 0, 0, 0, 0, 0, 0, 0, 0, 0, 0, 0, 0, 0, 0, 0, 0, 0, 0, 0, 0, 0, 0, 0, 0, 0, 0, 0, 0, 0, 0, 0, 0, 0, 0, 0, 0, 0, 0, 0, 0, 0, 0, 0, 0, 0, 0, 0, 0, 0, 0, 0, 0, 0, 0, 0, 0, 0, 0, 0, 0, 0, 0, 0, 0, 0, 0, 0, 0, 0, 0, 0, 0, 0, 0, 0, 0, 0, 0, 0, 0, 0, 0, 0, 0, 0, 0, 0, 0, 0, 0, 0, 0, 0, 0, 0, 0, 0, 0, 0, 0, 0, 0, 0, 0, 0, 0, 0, 0, 0, 0, 0, 0, 0, 0, 0, 0, 0, 0, 0, 0, 0, 0, 0, 0, 0, 0, 0, 0, 0, 0, 0, 0, 0, 0, 0, 0, 0, 0, 0, 0, 0, 0, 0, 0, 0, 0, 0, 0, 0, 0, 0, 0, 0, 0, 0, 0, 0, 0, 0, 0, 0, 0, 0, 0, 0, 0, 0, 0, 0, 0, 0, 0, 0, 0, 0, 0, 0, 0, 0, 0, 0, 0, 0, 0, 0, 0, 0, 0, 0, 0, 0, 0, 0, 0, 0, 0, 0, 0, 0, 0, 0, 0, 0, 0, 0, 0, 0, 0, 0, 0, 0, 0, 0, 0, 0, 0, 0, 0, 0, 0, 0, 0, 0, 0, 0, 0, 0, 0, 0, 0, 0, 0, 0, 0, 0, 0, 0, 0, 0, 0, 0, 0, 0, 0, 0, 0, 0, 0, 0, 0, 0, 0, 0, 0, 0, 0, 0, 0, 0, 0, 0, 0, 0, 0, 0, 0, 0, 0, 0, 0, 0, 0, 0, 0, 0, 0, 0, 0, 0, 0, 0, 0, 0, 0, 0, 0, 0, 0, 0, 0, 0, 0, 0, 0, 0, 0, 0, 0, 0, 0, 0, 0, 0, 0, 0, 0, 0, 0, 0, 0, 0, 0, 0, 0, 0, 0, 0, 0, 0, 0, 0, 0, 0, 0, 0, 0, 0, 0, 0, 0, 0, 0, 0, 0, 0, 0, 0, 0, 0, 0, 0, 0, 0, 0, 0, 0, 0, 0, 0, 0, 0, 0, 0, 0, 0, 0, 0, 0, 0, 0, 0, 0, 0, 0, 0, 0, 0, 0, 0, 0, 0, 0, 0, 0, 0, 0, 0, 0, 0, 0, 0, 247, 189, 132, 31, 243, 186, 133, 248, 243, 187, 133, 255, 243, 187, 133, 255, 243, 187, 133, 255, 243, 187, 133, 255, 243, 187, 133, 255, 243, 187, 133, 255, 243, 187, 133, 255, 243, 187, 133, 255, 243, 187, 133, 255, 243, 187, 133, 255, 243, 187, 133, 255, 243, 187, 133, 255, 243, 187, 133, 255, 243, 187, 133, 255, 243, 187, 133, 255, 243, 187, 133, 255, 243, 187, 133, 255, 243, 187, 133, 255, 243, 187, 133, 255, 243, 187, 133, 255, 243, 187, 133, 255, 243, 187, 133, 255, 243, 187, 133, 255, 243, 187, 133, 255, 243, 187, 133, 255, 243, 187, 133, 255, 243, 187, 133, 255, 243, 187, 133, 255, 243, 186, 133, 244, 245, 187, 131, 97, 255, 255, 255, 1, 0, 0, 0, 0, 0, 0, 0, 0, 0, 0, 0, 0, 0, 0, 0, 0, 0, 0, 0, 0, 0, 0, 0, 0, 0, 0, 0, 0, 0, 0, 0, 0, 0, 0, 0, 0, 0, 0, 0, 0, 0, 0, 0, 0, 0, 0, 0, 0, 0, 0, 0, 0, 0, 0, 0, 0, 0, 0, 0, 0, 0, 0, 0, 0, 0, 0, 0, 0, 0, 0, 0, 0, 0, 0, 0, 0, 0, 0, 0, 0, 0, 0, 0, 0, 0, 0, 0, 0, 0, 0, 0, 0, 0, 0, 0, 0, 0, 0, 0, 0, 0, 0, 0, 0, 0, 0, 0, 0, 0, 0, 0, 0, 0, 0, 0, 0, 0, 0, 0, 0, 0, 0, 0, 0, 0, 0, 0, 0, 0, 0, 0, 0, 0, 0, 0, 0, 0, 0, 0, 0, 0, 0, 0, 0, 0, 0, 0, 0, 0, 0, 0, 0, 0, 0, 0, 0, 0, 0, 0, 0, 0, 0, 0, 0, 0, 0, 0, 0, 0, 0, 0, 0, 0, 0, 0, 0, 0, 0, 0, 0, 0, 0, 0, 0, 0, 0, 0, 0, 0, 0, 0, 0, 0, 0, 0, 0, 0, 0, 0, 0, 0, 0, 0, 0, 0, 0, 0, 0, 0, 0, 0, 0, 0, 0, 0, 0, 0, 0, 0, 0, 0, 0, 0, 0, 0, 0, 0, 0, 0, 0, 0, 0, 0, 0, 0, 0, 0, 0, 0, 0, 0, 0, 0, 0, 0, 0, 0, 0, 0, 0, 0, 0, 0, 0, 0, 0, 0, 0, 0, 0, 0, 0, 0, 0, 0, 0, 0, 0, 0, 0, 0, 0, 0, 0, 0, 0, 0, 0, 0, 0, 0, 0, 0, 0, 0, 0, 0, 0, 0, 0, 0, 0, 0, 0, 0, 0, 0, 0, 0, 0, 0, 0, 0, 0, 0, 0, 0, 0, 0, 0, 0, 0, 0, 0, 0, 0, 0, 0, 0, 0, 0, 0, 0, 0, 0, 0, 0, 0, 0, 0, 0, 0, 0, 0, 0, 0, 0, 0, 0, 0, 0, 0, 0, 0, 0, 0, 0, 0, 0, 0, 0, 0, 0, 0, 0, 0, 0, 0, 0, 0, 0, 0, 0, 0, 0, 0, 0, 0, 0, 0, 0, 0, 0, 0, 0, 0, 0, 0, 0, 0, 0, 0, 0, 0, 0, 0, 0, 0, 0, 0, 0, 0, 0, 0, 0, 0, 0, 0, 0, 0, 0, 0, 0, 0, 0, 0, 0, 0, 0, 0, 0, 0, 0, 0, 0, 0, 0, 0, 0, 0, 0, 0, 0, 0, 0, 0, 0, 0, 0, 0, 0, 0, 0, 0, 0, 0, 0, 0, 0, 0, 0, 0, 0, 0, 0, 0, 0, 0, 0, 0, 0, 0, 0, 0, 0, 0, 0, 0, 0, 0, 0, 0, 0, 0, 0, 0, 0, 0, 0, 0, 0, 0, 0, 0, 0, 0, 0, 0, 0, 0, 0, 0, 0, 0, 0, 0, 0, 0, 0, 0, 0, 0, 0, 0, 0, 0, 0, 0, 0, 0, 0, 0, 0, 0, 0, 0, 0, 0, 0, 0, 0, 0, 0, 0, 0, 0, 0, 0, 0, 0, 0, 0, 0, 0, 0, 0, 0, 0, 0, 0, 0, 0, 0, 0, 0, 0, 0, 0, 0, 0, 0, 0, 0, 0, 0, 0, 0, 0, 0, 0, 0, 0, 0, 0, 0, 0, 0, 0, 0, 0, 0, 0, 0, 0, 0, 0, 0, 0, 0, 0, 0, 0, 0, 0, 0, 0, 0, 0, 0, 0, 0, 0, 0, 0, 0, 0, 0, 0, 0, 0, 0, 0, 0, 0, 0, 0, 0, 0, 0, 0, 0, 0, 0, 0, 0, 0, 0, 0, 0, 0, 0, 0, 0, 0, 0, 0, 0, 0, 0, 0, 0, 0, 0, 0, 0, 0, 0, 0, 0, 0, 0, 0, 0, 0, 0, 0, 243, 187, 132, 143, 243, 187, 133, 255, 243, 187, 133, 255, 243, 187, 133, 255, 243, 187, 133, 255, 243, 187, 133, 255, 243, 187, 133, 255, 243, 187, 133, 255, 243, 187, 133, 255, 243, 187, 133, 255, 243, 187, 133, 255, 243, 187, 133, 255, 243, 187, 133, 255, 243, 187, 133, 255, 243, 187, 133, 255, 243, 187, 133, 255, 243, 187, 133, 255, 243, 187, 133, 255, 243, 187, 133, 255, 243, 187, 133, 255, 243, 187, 133, 255, 243, 187, 133, 255, 243, 187, 133, 255, 243, 187, 133, 255, 243, 187, 133, 255, 243, 187, 133, 255, 243, 187, 133, 255, 243, 187, 133, 255, 243, 187, 133, 255, 243, 187, 133, 255, 243, 187, 133, 255, 243, 187, 133, 255, 243, 187, 132, 168, 255, 192, 128, 16, 0, 0, 0, 0, 0, 0, 0, 0, 0, 0, 0, 0, 0, 0, 0, 0, 0, 0, 0, 0, 0, 0, 0, 0, 0, 0, 0, 0, 0, 0, 0, 0, 0, 0, 0, 0, 0, 0, 0, 0, 0, 0, 0, 0, 0, 0, 0, 0, 0, 0, 0, 0, 0, 0, 0, 0, 0, 0, 0, 0, 0, 0, 0, 0, 0, 0, 0, 0, 0, 0, 0, 0, 0, 0, 0, 0, 0, 0, 0, 0, 0, 0, 0, 0, 0, 0, 0, 0, 0, 0, 0, 0, 0, 0, 0, 0, 0, 0, 0, 0, 0, 0, 0, 0, 0, 0, 0, 0, 0, 0, 0, 0, 0, 0, 0, 0, 0, 0, 0, 0, 0, 0, 0, 0, 0, 0, 0, 0, 0, 0, 0, 0, 0, 0, 0, 0, 0, 0, 0, 0, 0, 0, 0, 0, 0, 0, 0, 0, 0, 0, 0, 0, 0, 0, 0, 0, 0, 0, 0, 0, 0, 0, 0, 0, 0, 0, 0, 0, 0, 0, 0, 0, 0, 0, 0, 0, 0, 0, 0, 0, 0, 0, 0, 0, 0, 0, 0, 0, 0, 0, 0, 0, 0, 0, 0, 0, 0, 0, 0, 0, 0, 0, 0, 0, 0, 0, 0, 0, 0, 0, 0, 0, 0, 0, 0, 0, 0, 0, 0, 0, 0, 0, 0, 0, 0, 0, 0, 0, 0, 0, 0, 0, 0, 0, 0, 0, 0, 0, 0, 0, 0, 0, 0, 0, 0, 0, 0, 0, 0, 0, 0, 0, 0, 0, 0, 0, 0, 0, 0, 0, 0, 0, 0, 0, 0, 0, 0, 0, 0, 0, 0, 0, 0, 0, 0, 0, 0, 0, 0, 0, 0, 0, 0, 0, 0, 0, 0, 0, 0, 0, 0, 0, 0, 0, 0, 0, 0, 0, 0, 0, 0, 0, 0, 0, 0, 0, 0, 0, 0, 0, 0, 0, 0, 0, 0, 0, 0, 0, 0, 0, 0, 0, 0, 0, 0, 0, 0, 0, 0, 0, 0, 0, 0, 0, 0, 0, 0, 0, 0, 0, 0, 0, 0, 0, 0, 0, 0, 0, 0, 0, 0, 0, 0, 0, 0, 0, 0, 0, 0, 0, 0, 0, 0, 0, 0, 0, 0, 0, 0, 0, 0, 0, 0, 0, 0, 0, 0, 0, 0, 0, 0, 0, 0, 0, 0, 0, 0, 0, 0, 0, 0, 0, 0, 0, 0, 0, 0, 0, 0, 0, 0, 0, 0, 0, 0, 0, 0, 0, 0, 0, 0, 0, 0, 0, 0, 0, 0, 0, 0, 0, 0, 0, 0, 0, 0, 0, 0, 0, 0, 0, 0, 0, 0, 0, 0, 0, 0, 0, 0, 0, 0, 0, 0, 0, 0, 0, 0, 0, 0, 0, 0, 0, 0, 0, 0, 0, 0, 0, 0, 0, 0, 0, 0, 0, 0, 0, 0, 0, 0, 0, 0, 0, 0, 0, 0, 0, 0, 0, 0, 0, 0, 0, 0, 0, 0, 0, 0, 0, 0, 0, 0, 0, 0, 0, 0, 0, 0, 0, 0, 0, 0, 0, 0, 0, 0, 0, 0, 0, 0, 0, 0, 0, 0, 0, 0, 0, 0, 0, 0, 0, 0, 0, 0, 0, 0, 0, 0, 0, 0, 0, 0, 0, 0, 0, 0, 0, 0, 0, 0, 0, 0, 0, 0, 0, 0, 0, 0, 0, 0, 0, 0, 0, 0, 0, 0, 0, 0, 0, 0, 0, 0, 0, 0, 0, 0, 0, 0, 0, 0, 0, 0, 0, 0, 0, 0, 0, 0, 0, 0, 0, 0, 0, 0, 0, 0, 0, 0, 0, 0, 0, 0, 0, 0, 0, 0, 0, 0, 0, 0, 0, 0, 0, 0, 0, 0, 0, 0, 0, 0, 0, 0, 0, 0, 0, 0, 0, 0, 0, 0, 0, 0, 0, 0, 0, 0, 0, 0, 0, 255, 196, 137, 13, 243, 186, 132, 241, 243, 187, 133, 255, 243, 187, 133, 255, 243, 187, 133, 255, 243, 187, 133, 255, 243, 187, 133, 255, 243, 187, 133, 255, 243, 187, 133, 255, 243, 187, 133, 255, 243, 187, 133, 255, 243, 187, 133, 255, 243, 187, 133, 255, 243, 187, 133, 255, 243, 187, 133, 255, 243, 187, 133, 255, 243, 187, 133, 255, 243, 187, 133, 255, 243, 187, 133, 255, 243, 187, 133, 255, 243, 187, 133, 255, 243, 187, 133, 255, 243, 187, 133, 255, 243, 187, 133, 255, 243, 187, 133, 255, 243, 187, 133, 255, 243, 187, 133, 255, 243, 187, 133, 255, 243, 187, 133, 255, 243, 187, 133, 255, 243, 187, 133, 255, 243, 187, 133, 255, 243, 187, 133, 255, 243, 187, 133, 255, 225, 186, 132, 170, 219, 190, 131, 35, 0, 0, 0, 0, 0, 0, 0, 0, 0, 0, 0, 0, 0, 0, 0, 0, 0, 0, 0, 0, 0, 0, 0, 0, 0, 0, 0, 0, 0, 0, 0, 0, 0, 0, 0, 0, 0, 0, 0, 0, 0, 0, 0, 0, 0, 0, 0, 0, 0, 0, 0, 0, 0, 0, 0, 0, 0, 0, 0, 0, 0, 0, 0, 0, 0, 0, 0, 0, 0, 0, 0, 0, 0, 0, 0, 0, 0, 0, 0, 0, 0, 0, 0, 0, 0, 0, 0, 0, 0, 0, 0, 0, 0, 0, 0, 0, 0, 0, 0, 0, 0, 0, 0, 0, 0, 0, 0, 0, 0, 0, 0, 0, 0, 0, 0, 0, 0, 0, 0, 0, 0, 0, 0, 0, 0, 0, 0, 0, 0, 0, 0, 0, 0, 0, 0, 0, 0, 0, 0, 0, 0, 0, 0, 0, 0, 0, 0, 0, 0, 0, 0, 0, 0, 0, 0, 0, 0, 0, 0, 0, 0, 0, 0, 0, 0, 0, 0, 0, 0, 0, 0, 0, 0, 0, 0, 0, 0, 0, 0, 0, 0, 0, 0, 0, 0, 0, 0, 0, 0, 0, 0, 0, 0, 0, 0, 0, 0, 0, 0, 0, 0, 0, 0, 0, 0, 0, 0, 0, 0, 0, 0, 0, 0, 0, 0, 0, 0, 0, 0, 0, 0, 0, 0, 0, 0, 0, 0, 0, 0, 0, 0, 0, 0, 0, 0, 0, 0, 0, 0, 0, 0, 0, 0, 0, 0, 0, 0, 0, 0, 0, 0, 0, 0, 0, 0, 0, 0, 0, 0, 0, 0, 0, 0, 0, 0, 0, 0, 0, 0, 0, 0, 0, 0, 0, 0, 0, 0, 0, 0, 0, 0, 0, 0, 0, 0, 0, 0, 0, 0, 0, 0, 0, 0, 0, 0, 0, 0, 0, 0, 0, 0, 0, 0, 0, 0, 0, 0, 0, 0, 0, 0, 0, 0, 0, 0, 0, 0, 0, 0, 0, 0, 0, 0, 0, 0, 0, 0, 0, 0, 0, 0, 0, 0, 0, 0, 0, 0, 0, 0, 0, 0, 0, 0, 0, 0, 0, 0, 0, 0, 0, 0, 0, 0, 0, 0, 0, 0, 0, 0, 0, 0, 0, 0, 0, 0, 0, 0, 0, 0, 0, 0, 0, 0, 0, 0, 0, 0, 0, 0, 0, 0, 0, 0, 0, 0, 0, 0, 0, 0, 0, 0, 0, 0, 0, 0, 0, 0, 0, 0, 0, 0, 0, 0, 0, 0, 0, 0, 0, 0, 0, 0, 0, 0, 0, 0, 0, 0, 0, 0, 0, 0, 0, 0, 0, 0, 0, 0, 0, 0, 0, 0, 0, 0, 0, 0, 0, 0, 0, 0, 0, 0, 0, 0, 0, 0, 0, 0, 0, 0, 0, 0, 0, 0, 0, 0, 0, 0, 0, 0, 0, 0, 0, 0, 0, 0, 0, 0, 0, 0, 0, 0, 0, 0, 0, 0, 0, 0, 0, 0, 0, 0, 0, 0, 0, 0, 0, 0, 0, 0, 0, 0, 0, 0, 0, 0, 0, 0, 0, 0, 0, 0, 0, 0, 0, 0, 0, 0, 0, 0, 0, 0, 0, 0, 0, 0, 0, 0, 0, 0, 0, 0, 0, 0, 0, 0, 0, 0, 0, 0, 0, 0, 0, 0, 0, 0, 0, 0, 0, 0, 0, 0, 0, 0, 0, 0, 0, 0, 0, 0, 0, 0, 0, 0, 0, 0, 0, 0, 0, 0, 0, 0, 0, 0, 0, 0, 0, 0, 0, 0, 0, 0, 0, 0, 0, 0, 0, 0, 0, 0, 0, 0, 0, 0, 0, 0, 0, 0, 0, 0, 0, 0, 0, 0, 0, 0, 0, 0, 0, 0, 0, 0, 0, 0, 0, 0, 0, 0, 0, 0, 0, 0, 0, 0, 0, 0, 0, 0, 0, 0, 0, 0, 0, 0, 0, 244, 187, 133, 109, 243, 187, 133, 255, 243, 187, 133, 255, 243, 187, 133, 255, 243, 187, 133, 255, 243, 187, 133, 255, 243, 187, 133, 255, 243, 187, 133, 255, 243, 187, 133, 255, 243, 187, 133, 255, 243, 187, 133, 255, 243, 187, 133, 255, 243, 187, 133, 255, 243, 187, 133, 255, 243, 187, 133, 255, 243, 187, 133, 255, 243, 187, 133, 255, 243, 187, 133, 255, 243, 187, 133, 255, 243, 187, 133, 255, 243, 187, 133, 255, 243, 187, 133, 255, 243, 187, 133, 255, 243, 187, 133, 255, 243, 187, 133, 255, 243, 187, 133, 255, 243, 187, 133, 255, 243, 187, 133, 255, 243, 187, 133, 255, 243, 187, 133, 255, 243, 187, 133, 255, 243, 187, 133, 255, 243, 187, 133, 255, 243, 187, 133, 255, 230, 185, 132, 199, 215, 186, 132, 236, 217, 187, 132, 60, 0, 0, 0, 0, 0, 0, 0, 0, 0, 0, 0, 0, 0, 0, 0, 0, 0, 0, 0, 0, 0, 0, 0, 0, 0, 0, 0, 0, 0, 0, 0, 0, 0, 0, 0, 0, 0, 0, 0, 0, 0, 0, 0, 0, 0, 0, 0, 0, 0, 0, 0, 0, 0, 0, 0, 0, 0, 0, 0, 0, 0, 0, 0, 0, 0, 0, 0, 0, 0, 0, 0, 0, 0, 0, 0, 0, 0, 0, 0, 0, 0, 0, 0, 0, 0, 0, 0, 0, 0, 0, 0, 0, 0, 0, 0, 0, 0, 0, 0, 0, 0, 0, 0, 0, 0, 0, 0, 0, 0, 0, 0, 0, 0, 0, 0, 0, 0, 0, 0, 0, 0, 0, 0, 0, 0, 0, 0, 0, 0, 0, 0, 0, 0, 0, 0, 0, 0, 0, 0, 0, 0, 0, 0, 0, 0, 0, 0, 0, 0, 0, 0, 0, 0, 0, 0, 0, 0, 0, 0, 0, 0, 0, 0, 0, 0, 0, 0, 0, 0, 0, 0, 0, 0, 0, 0, 0, 0, 0, 0, 0, 0, 0, 0, 0, 0, 0, 0, 0, 0, 0, 0, 0, 0, 0, 0, 0, 0, 0, 0, 0, 0, 0, 0, 0, 0, 0, 0, 0, 0, 0, 0, 0, 0, 0, 0, 0, 0, 0, 0, 0, 0, 0, 0, 0, 0, 0, 0, 0, 0, 0, 0, 0, 0, 0, 0, 0, 0, 0, 0, 0, 0, 0, 0, 0, 0, 0, 0, 0, 0, 0, 0, 0, 0, 0, 0, 0, 0, 0, 0, 0, 0, 0, 0, 0, 0, 0, 0, 0, 0, 0, 0, 0, 0, 0, 0, 0, 0, 0, 0, 0, 0, 0, 0, 0, 0, 0, 0, 0, 0, 0, 0, 0, 0, 0, 0, 0, 0, 0, 0, 0, 0, 0, 0, 0, 0, 0, 0, 0, 0, 0, 0, 0, 0, 0, 0, 0, 0, 0, 0, 0, 0, 0, 0, 0, 0, 0, 0, 0, 0, 0, 0, 0, 0, 0, 0, 0, 0, 0, 0, 0, 0, 0, 0, 0, 0, 0, 0, 0, 0, 0, 0, 0, 0, 0, 0, 0, 0, 0, 0, 0, 0, 0, 0, 0, 0, 0, 0, 0, 0, 0, 0, 0, 0, 0, 0, 0, 0, 0, 0, 0, 0, 0, 0, 0, 0, 0, 0, 0, 0, 0, 0, 0, 0, 0, 0, 0, 0, 0, 0, 0, 0, 0, 0, 0, 0, 0, 0, 0, 0, 0, 0, 0, 0, 0, 0, 0, 0, 0, 0, 0, 0, 0, 0, 0, 0, 0, 0, 0, 0, 0, 0, 0, 0, 0, 0, 0, 0, 0, 0, 0, 0, 0, 0, 0, 0, 0, 0, 0, 0, 0, 0, 0, 0, 0, 0, 0, 0, 0, 0, 0, 0, 0, 0, 0, 0, 0, 0, 0, 0, 0, 0, 0, 0, 0, 0, 0, 0, 0, 0, 0, 0, 0, 0, 0, 0, 0, 0, 0, 0, 0, 0, 0, 0, 0, 0, 0, 0, 0, 0, 0, 0, 0, 0, 0, 0, 0, 0, 0, 0, 0, 0, 0, 0, 0, 0, 0, 0, 0, 0, 0, 0, 0, 0, 0, 0, 0, 0, 0, 0, 0, 0, 0, 0, 0, 0, 0, 0, 0, 0, 0, 0, 0, 0, 0, 0, 0, 0, 0, 0, 0, 0, 0, 0, 0, 0, 0, 0, 0, 0, 0, 0, 0, 0, 0, 0, 0, 0, 0, 0, 0, 0, 0, 0, 0, 0, 0, 0, 0, 0, 0, 0, 0, 0, 0, 0, 0, 0, 0, 0, 0, 0, 0, 0, 0, 0, 0, 0, 0, 0, 0, 0, 0, 0, 0, 0, 0, 0, 0, 0, 0, 0, 0, 0, 0, 0, 0, 255, 255, 128, 2, 243, 187, 133, 219, 243, 187, 133, 255, 243, 187, 133, 255, 243, 187, 133, 255, 243, 187, 133, 255, 243, 187, 133, 255, 243, 187, 133, 255, 243, 187, 133, 255, 243, 187, 133, 255, 243, 187, 133, 255, 243, 187, 133, 255, 243, 187, 133, 255, 243, 187, 133, 255, 243, 187, 133, 255, 243, 187, 133, 255, 243, 187, 133, 255, 243, 187, 133, 255, 243, 187, 133, 255, 243, 187, 133, 255, 243, 187, 133, 255, 243, 187, 133, 255, 243, 187, 133, 255, 243, 187, 133, 255, 243, 187, 133, 255, 243, 187, 133, 255, 243, 187, 133, 255, 243, 187, 133, 255, 243, 187, 133, 255, 243, 187, 133, 255, 243, 187, 133, 255, 243, 187, 133, 255, 243, 187, 133, 255, 243, 187, 133, 255, 243, 187, 133, 255, 233, 187, 131, 202, 215, 186, 132, 255, 214, 186, 131, 249, 216, 185, 132, 91, 0, 0, 0, 0, 0, 0, 0, 0, 0, 0, 0, 0, 0, 0, 0, 0, 0, 0, 0, 0, 0, 0, 0, 0, 0, 0, 0, 0, 0, 0, 0, 0, 0, 0, 0, 0, 0, 0, 0, 0, 0, 0, 0, 0, 0, 0, 0, 0, 0, 0, 0, 0, 0, 0, 0, 0, 0, 0, 0, 0, 0, 0, 0, 0, 0, 0, 0, 0, 0, 0, 0, 0, 0, 0, 0, 0, 0, 0, 0, 0, 0, 0, 0, 0, 0, 0, 0, 0, 0, 0, 0, 0, 0, 0, 0, 0, 0, 0, 0, 0, 0, 0, 0, 0, 0, 0, 0, 0, 0, 0, 0, 0, 0, 0, 0, 0, 0, 0, 0, 0, 0, 0, 0, 0, 0, 0, 0, 0, 0, 0, 0, 0, 0, 0, 0, 0, 0, 0, 0, 0, 0, 0, 0, 0, 0, 0, 0, 0, 0, 0, 0, 0, 0, 0, 0, 0, 0, 0, 0, 0, 0, 0, 0, 0, 0, 0, 0, 0, 0, 0, 0, 0, 0, 0, 0, 0, 0, 0, 0, 0, 0, 0, 0, 0, 0, 0, 0, 0, 0, 0, 0, 0, 0, 0, 0, 0, 0, 0, 0, 0, 0, 0, 0, 0, 0, 0, 0, 0, 0, 0, 0, 0, 0, 0, 0, 0, 0, 0, 0, 0, 0, 0, 0, 0, 0, 0, 0, 0, 0, 0, 0, 0, 0, 0, 0, 0, 0, 0, 0, 0, 0, 0, 0, 0, 0, 0, 0, 0, 0, 0, 0, 0, 0, 0, 0, 0, 0, 0, 0, 0, 0, 0, 0, 0, 0, 0, 0, 0, 0, 0, 0, 0, 0, 0, 0, 0, 0, 0, 0, 0, 0, 0, 0, 0, 0, 0, 0, 0, 0, 0, 0, 0, 0, 0, 0, 0, 0, 0, 0, 0, 0, 0, 0, 0, 0, 0, 0, 0, 0, 0, 0, 0, 0, 0, 0, 0, 0, 0, 0, 0, 0, 0, 0, 0, 0, 0, 0, 0, 0, 0, 0, 0, 0, 0, 0, 0, 0, 0, 0, 0, 0, 0, 0, 0, 0, 0, 0, 0, 0, 0, 0, 0, 0, 0, 0, 0, 0, 0, 0, 0, 0, 0, 0, 0, 0, 0, 0, 0, 0, 0, 0, 0, 0, 0, 0, 0, 0, 0, 0, 0, 0, 0, 0, 0, 0, 0, 0, 0, 0, 0, 0, 0, 0, 0, 0, 0, 0, 0, 0, 0, 0, 0, 0, 0, 0, 0, 0, 0, 0, 0, 0, 0, 0, 0, 0, 0, 0, 0, 0, 0, 0, 0, 0, 0, 0, 0, 0, 0, 0, 0, 0, 0, 0, 0, 0, 0, 0, 0, 0, 0, 0, 0, 0, 0, 0, 0, 0, 0, 0, 0, 0, 0, 0, 0, 0, 0, 0, 0, 0, 0, 0, 0, 0, 0, 0, 0, 0, 0, 0, 0, 0, 0, 0, 0, 0, 0, 0, 0, 0, 0, 0, 0, 0, 0, 0, 0, 0, 0, 0, 0, 0, 0, 0, 0, 0, 0, 0, 0, 0, 0, 0, 0, 0, 0, 0, 0, 0, 0, 0, 0, 0, 0, 0, 0, 0, 0, 0, 0, 0, 0, 0, 0, 0, 0, 0, 0, 0, 0, 0, 0, 0, 0, 0, 0, 0, 0, 0, 0, 0, 0, 0, 0, 0, 0, 0, 0, 0, 0, 0, 0, 0, 0, 0, 0, 0, 0, 0, 0, 0, 0, 0, 0, 0, 0, 0, 0, 0, 0, 0, 0, 0, 0, 0, 0, 0, 0, 0, 0, 0, 0, 0, 0, 0, 0, 0, 0, 0, 0, 0, 0, 0, 0, 0, 0, 0, 0, 0, 0, 0, 0, 0, 0, 0, 0, 0, 0, 0, 0, 0, 0, 0, 0, 244, 189, 133, 69, 243, 187, 133, 255, 243, 187, 133, 255, 243, 187, 133, 255, 243, 187, 133, 255, 243, 187, 133, 255, 243, 187, 133, 255, 243, 187, 133, 255, 243, 187, 133, 255, 243, 187, 133, 255, 243, 187, 133, 255, 243, 187, 133, 255, 243, 187, 133, 255, 243, 187, 133, 255, 243, 187, 133, 255, 243, 187, 133, 255, 243, 187, 133, 255, 243, 187, 133, 255, 243, 187, 133, 255, 243, 187, 133, 255, 243, 187, 133, 255, 243, 187, 133, 255, 243, 187, 133, 255, 243, 187, 133, 255, 243, 187, 133, 255, 243, 187, 133, 255, 243, 187, 133, 255, 243, 187, 133, 255, 243, 187, 133, 255, 243, 187, 133, 255, 243, 187, 133, 255, 243, 187, 133, 255, 243, 187, 133, 255, 243, 187, 133, 255, 243, 187, 133, 255, 224, 185, 132, 192, 215, 186, 132, 255, 215, 186, 132, 255, 215, 186, 132, 255, 215, 187, 133, 127, 255, 255, 255, 1, 0, 0, 0, 0, 0, 0, 0, 0, 0, 0, 0, 0, 0, 0, 0, 0, 0, 0, 0, 0, 0, 0, 0, 0, 0, 0, 0, 0, 0, 0, 0, 0, 0, 0, 0, 0, 0, 0, 0, 0, 0, 0, 0, 0, 0, 0, 0, 0, 0, 0, 0, 0, 0, 0, 0, 0, 0, 0, 0, 0, 0, 0, 0, 0, 0, 0, 0, 0, 0, 0, 0, 0, 0, 0, 0, 0, 0, 0, 0, 0, 0, 0, 0, 0, 0, 0, 0, 0, 0, 0, 0, 0, 0, 0, 0, 0, 0, 0, 0, 0, 0, 0, 0, 0, 0, 0, 0, 0, 0, 0, 0, 0, 0, 0, 0, 0, 0, 0, 0, 0, 0, 0, 0, 0, 0, 0, 0, 0, 0, 0, 0, 0, 0, 0, 0, 0, 0, 0, 0, 0, 0, 0, 0, 0, 0, 0, 0, 0, 0, 0, 0, 0, 0, 0, 0, 0, 0, 0, 0, 0, 0, 0, 0, 0, 0, 0, 0, 0, 0, 0, 0, 0, 0, 0, 0, 0, 0, 0, 0, 0, 0, 0, 0, 0, 0, 0, 0, 0, 0, 0, 0, 0, 0, 0, 0, 0, 0, 0, 0, 0, 0, 0, 0, 0, 0, 0, 0, 0, 0, 0, 0, 0, 0, 0, 0, 0, 0, 0, 0, 0, 0, 0, 0, 0, 0, 0, 0, 0, 0, 0, 0, 0, 0, 0, 0, 0, 0, 0, 0, 0, 0, 0, 0, 0, 0, 0, 0, 0, 0, 0, 0, 0, 0, 0, 0, 0, 0, 0, 0, 0, 0, 0, 0, 0, 0, 0, 0, 0, 0, 0, 0, 0, 0, 0, 0, 0, 0, 0, 0, 0, 0, 0, 0, 0, 0, 0, 0, 0, 0, 0, 0, 0, 0, 0, 0, 0, 0, 0, 0, 0, 0, 0, 0, 0, 0, 0, 0, 0, 0, 0, 0, 0, 0, 0, 0, 0, 0, 0, 0, 0, 0, 0, 0, 0, 0, 0, 0, 0, 0, 0, 0, 0, 0, 0, 0, 0, 0, 0, 0, 0, 0, 0, 0, 0, 0, 0, 0, 0, 0, 0, 0, 0, 0, 0, 0, 0, 0, 0, 0, 0, 0, 0, 0, 0, 0, 0, 0, 0, 0, 0, 0, 0, 0, 0, 0, 0, 0, 0, 0, 0, 0, 0, 0, 0, 0, 0, 0, 0, 0, 0, 0, 0, 0, 0, 0, 0, 0, 0, 0, 0, 0, 0, 0, 0, 0, 0, 0, 0, 0, 0, 0, 0, 0, 0, 0, 0, 0, 0, 0, 0, 0, 0, 0, 0, 0, 0, 0, 0, 0, 0, 0, 0, 0, 0, 0, 0, 0, 0, 0, 0, 0, 0, 0, 0, 0, 0, 0, 0, 0, 0, 0, 0, 0, 0, 0, 0, 0, 0, 0, 0, 0, 0, 0, 0, 0, 0, 0, 0, 0, 0, 0, 0, 0, 0, 0, 0, 0, 0, 0, 0, 0, 0, 0, 0, 0, 0, 0, 0, 0, 0, 0, 0, 0, 0, 0, 0, 0, 0, 0, 0, 0, 0, 0, 0, 0, 0, 0, 0, 0, 0, 0, 0, 0, 0, 0, 0, 0, 0, 0, 0, 0, 0, 0, 0, 0, 0, 0, 0, 0, 0, 0, 0, 0, 0, 0, 0, 0, 0, 0, 0, 0, 0, 0, 0, 0, 0, 0, 0, 0, 0, 0, 0, 0, 0, 0, 0, 0, 0, 0, 0, 0, 0, 0, 0, 0, 0, 0, 0, 0, 0, 0, 0, 0, 0, 0, 0, 0, 0, 0, 0, 0, 0, 0, 0, 0, 0, 0, 0, 0, 0, 0, 0, 0, 0, 0, 0, 0, 0, 0, 0, 0, 0, 0, 0, 244, 187, 132, 156, 243, 187, 133, 255, 243, 187, 133, 255, 243, 187, 133, 255, 243, 187, 133, 255, 243, 187, 133, 255, 243, 187, 133, 255, 243, 187, 133, 255, 243, 187, 133, 255, 243, 187, 133, 255, 243, 187, 133, 255, 243, 187, 133, 255, 240, 187, 132, 238, 236, 187, 131, 209, 229, 187, 132, 195, 228, 187, 131, 193, 228, 187, 131, 193, 228, 187, 131, 193, 228, 187, 131, 193, 228, 187, 132, 193, 231, 187, 131, 197, 235, 187, 131, 212, 241, 186, 132, 235, 243, 187, 133, 255, 243, 187, 133, 255, 243, 187, 133, 255, 243, 187, 133, 255, 243, 187, 133, 255, 243, 187, 133, 255, 243, 187, 133, 255, 243, 187, 133, 255, 243, 187, 133, 255, 243, 187, 133, 255, 243, 187, 133, 255, 236, 187, 132, 208, 215, 186, 132, 242, 215, 186, 132, 255, 215, 186, 132, 255, 215, 186, 132, 255, 215, 186, 132, 255, 215, 185, 132, 164, 219, 182, 146, 7, 0, 0, 0, 0, 0, 0, 0, 0, 0, 0, 0, 0, 0, 0, 0, 0, 0, 0, 0, 0, 0, 0, 0, 0, 0, 0, 0, 0, 0, 0, 0, 0, 0, 0, 0, 0, 0, 0, 0, 0, 0, 0, 0, 0, 0, 0, 0, 0, 0, 0, 0, 0, 0, 0, 0, 0, 0, 0, 0, 0, 0, 0, 0, 0, 0, 0, 0, 0, 0, 0, 0, 0, 0, 0, 0, 0, 0, 0, 0, 0, 0, 0, 0, 0, 0, 0, 0, 0, 0, 0, 0, 0, 0, 0, 0, 0, 0, 0, 0, 0, 0, 0, 0, 0, 0, 0, 0, 0, 0, 0, 0, 0, 0, 0, 0, 0, 0, 0, 0, 0, 0, 0, 0, 0, 0, 0, 0, 0, 0, 0, 0, 0, 0, 0, 0, 0, 0, 0, 0, 0, 0, 0, 0, 0, 0, 0, 0, 0, 0, 0, 0, 0, 0, 0, 0, 0, 0, 0, 0, 0, 0, 0, 0, 0, 0, 0, 0, 0, 0, 0, 0, 0, 0, 0, 0, 0, 0, 0, 0, 0, 0, 0, 0, 0, 0, 0, 0, 0, 0, 0, 0, 0, 0, 0, 0, 0, 0, 0, 0, 0, 0, 0, 0, 0, 0, 0, 0, 0, 0, 0, 0, 0, 0, 0, 0, 0, 0, 0, 0, 0, 0, 0, 0, 0, 0, 0, 0, 0, 0, 0, 0, 0, 0, 0, 0, 0, 0, 0, 0, 0, 0, 0, 0, 0, 0, 0, 0, 0, 0, 0, 0, 0, 0, 0, 0, 0, 0, 0, 0, 0, 0, 0, 0, 0, 0, 0, 0, 0, 0, 0, 0, 0, 0, 0, 0, 0, 0, 0, 0, 0, 0, 0, 0, 0, 0, 0, 0, 0, 0, 0, 0, 0, 0, 0, 0, 0, 0, 0, 0, 0, 0, 0, 0, 0, 0, 0, 0, 0, 0, 0, 0, 0, 0, 0, 0, 0, 0, 0, 0, 0, 0, 0, 0, 0, 0, 0, 0, 0, 0, 0, 0, 0, 0, 0, 0, 0, 0, 0, 0, 0, 0, 0, 0, 0, 0, 0, 0, 0, 0, 0, 0, 0, 0, 0, 0, 0, 0, 0, 0, 0, 0, 0, 0, 0, 0, 0, 0, 0, 0, 0, 0, 0, 0, 0, 0, 0, 0, 0, 0, 0, 0, 0, 0, 0, 0, 0, 0, 0, 0, 0, 0, 0, 0, 0, 0, 0, 0, 0, 0, 0, 0, 0, 0, 0, 0, 0, 0, 0, 0, 0, 0, 0, 0, 0, 0, 0, 0, 0, 0, 0, 0, 0, 0, 0, 0, 0, 0, 0, 0, 0, 0, 0, 0, 0, 0, 0, 0, 0, 0, 0, 0, 0, 0, 0, 0, 0, 0, 0, 0, 0, 0, 0, 0, 0, 0, 0, 0, 0, 0, 0, 0, 0, 0, 0, 0, 0, 0, 0, 0, 0, 0, 0, 0, 0, 0, 0, 0, 0, 0, 0, 0, 0, 0, 0, 0, 0, 0, 0, 0, 0, 0, 0, 0, 0, 0, 0, 0, 0, 0, 0, 0, 0, 0, 0, 0, 0, 0, 0, 0, 0, 0, 0, 0, 0, 0, 0, 0, 0, 0, 0, 0, 0, 0, 0, 0, 0, 0, 0, 0, 0, 0, 0, 0, 0, 0, 0, 0, 0, 0, 0, 0, 0, 0, 0, 0, 0, 0, 0, 0, 0, 0, 0, 0, 0, 0, 0, 0, 0, 0, 0, 0, 0, 0, 0, 0, 0, 0, 0, 0, 0, 0, 0, 0, 0, 0, 0, 0, 0, 0, 0, 0, 0, 0, 0, 0, 0, 0, 0, 0, 0, 0, 0, 0, 0, 0, 0, 255, 204, 153, 5, 243, 186, 132, 237, 243, 187, 133, 255, 243, 187, 133, 255, 243, 187, 133, 255, 243, 187, 133, 255, 243, 187, 133, 255, 243, 187, 133, 255, 243, 187, 133, 255, 241, 187, 133, 235, 226, 187, 131, 193, 217, 187, 131, 208, 215, 186, 132, 235, 215, 186, 132, 255, 215, 186, 132, 255, 215, 186, 132, 255, 215, 186, 132, 255, 215, 186, 132, 255, 215, 186, 132, 255, 215, 186, 132, 255, 215, 186, 132, 255, 215, 186, 132, 255, 215, 186, 132, 255, 215, 186, 132, 255, 215, 185, 131, 245, 216, 185, 130, 219, 217, 186, 131, 202, 222, 187, 132, 193, 228, 187, 131, 193, 231, 187, 132, 201, 233, 186, 132, 205, 235, 187, 133, 209, 231, 186, 131, 202, 228, 187, 132, 193, 219, 186, 131, 204, 215, 186, 131, 253, 215, 186, 132, 255, 215, 186, 132, 255, 215, 186, 132, 255, 215, 186, 132, 255, 215, 186, 132, 255, 215, 186, 132, 255, 214, 185, 132, 193, 219, 182, 128, 14, 0, 0, 0, 0, 0, 0, 0, 0, 0, 0, 0, 0, 0, 0, 0, 0, 0, 0, 0, 0, 0, 0, 0, 0, 0, 0, 0, 0, 0, 0, 0, 0, 0, 0, 0, 0, 0, 0, 0, 0, 0, 0, 0, 0, 0, 0, 0, 0, 0, 0, 0, 0, 0, 0, 0, 0, 0, 0, 0, 0, 0, 0, 0, 0, 0, 0, 0, 0, 0, 0, 0, 0, 0, 0, 0, 0, 0, 0, 0, 0, 0, 0, 0, 0, 0, 0, 0, 0, 0, 0, 0, 0, 0, 0, 0, 0, 0, 0, 0, 0, 0, 0, 0, 0, 0, 0, 0, 0, 0, 0, 0, 0, 0, 0, 0, 0, 0, 0, 0, 0, 0, 0, 0, 0, 0, 0, 0, 0, 0, 0, 0, 0, 0, 0, 0, 0, 0, 0, 0, 0, 0, 0, 0, 0, 0, 0, 0, 0, 0, 0, 0, 0, 0, 0, 0, 0, 0, 0, 0, 0, 0, 0, 0, 0, 0, 0, 0, 0, 0, 0, 0, 0, 0, 0, 0, 0, 0, 0, 0, 0, 0, 0, 0, 0, 0, 0, 0, 0, 0, 0, 0, 0, 0, 0, 0, 0, 0, 0, 0, 0, 0, 0, 0, 0, 0, 0, 0, 0, 0, 0, 0, 0, 0, 0, 0, 0, 0, 0, 0, 0, 0, 0, 0, 0, 0, 0, 0, 0, 0, 0, 0, 0, 0, 0, 0, 0, 0, 0, 0, 0, 0, 0, 0, 0, 0, 0, 0, 0, 0, 0, 0, 0, 0, 0, 0, 0, 0, 0, 0, 0, 0, 0, 0, 0, 0, 0, 0, 0, 0, 0, 0, 0, 0, 0, 0, 0, 0, 0, 0, 0, 0, 0, 0, 0, 0, 0, 0, 0, 0, 0, 0, 0, 0, 0, 0, 0, 0, 0, 0, 0, 0, 0, 0, 0, 0, 0, 0, 0, 0, 0, 0, 0, 0, 0, 0, 0, 0, 0, 0, 0, 0, 0, 0, 0, 0, 0, 0, 0, 0, 0, 0, 0, 0, 0, 0, 0, 0, 0, 0, 0, 0, 0, 0, 0, 0, 0, 0, 0, 0, 0, 0, 0, 0, 0, 0, 0, 0, 0, 0, 0, 0, 0, 0, 0, 0, 0, 0, 0, 0, 0, 0, 0, 0, 0, 0, 0, 0, 0, 0, 0, 0, 0, 0, 0, 0, 0, 0, 0, 0, 0, 0, 0, 0, 0, 0, 0, 0, 0, 0, 0, 0, 0, 0, 0, 0, 0, 0, 0, 0, 0, 0, 0, 0, 0, 0, 0, 0, 0, 0, 0, 0, 0, 0, 0, 0, 0, 0, 0, 0, 0, 0, 0, 0, 0, 0, 0, 0, 0, 0, 0, 0, 0, 0, 0, 0, 0, 0, 0, 0, 0, 0, 0, 0, 0, 0, 0, 0, 0, 0, 0, 0, 0, 0, 0, 0, 0, 0, 0, 0, 0, 0, 0, 0, 0, 0, 0, 0, 0, 0, 0, 0, 0, 0, 0, 0, 0, 0, 0, 0, 0, 0, 0, 0, 0, 0, 0, 0, 0, 0, 0, 0, 0, 0, 0, 0, 0, 0, 0, 0, 0, 0, 0, 0, 0, 0, 0, 0, 0, 0, 0, 0, 0, 0, 0, 0, 0, 0, 0, 0, 0, 0, 0, 0, 0, 0, 0, 0, 0, 0, 0, 0, 0, 0, 0, 0, 0, 0, 0, 0, 0, 0, 0, 0, 0, 0, 0, 0, 0, 0, 0, 0, 0, 0, 0, 0, 0, 0, 0, 0, 0, 0, 0, 0, 0, 0, 0, 0, 0, 0, 0, 0, 0, 0, 0, 0, 0, 0, 0, 0, 0, 0, 0, 245, 187, 133, 71, 243, 187, 133, 255, 243, 187, 133, 255, 243, 187, 133, 255, 243, 187, 133, 255, 243, 187, 133, 255, 243, 187, 133, 255, 233, 187, 131, 202, 219, 187, 131, 201, 215, 185, 132, 252, 215, 186, 132, 255, 215, 186, 132, 255, 215, 186, 132, 255, 215, 186, 132, 255, 215, 186, 132, 255, 215, 186, 132, 255, 215, 186, 132, 255, 215, 186, 132, 255, 215, 186, 132, 255, 215, 186, 132, 255, 215, 186, 132, 255, 215, 186, 132, 255, 215, 186, 132, 255, 215, 186, 132, 255, 215, 186, 132, 255, 215, 186, 132, 255, 215, 186, 132, 255, 215, 186, 132, 255, 215, 186, 132, 255, 215, 186, 132, 255, 215, 186, 132, 255, 215, 186, 132, 255, 215, 186, 132, 255, 215, 186, 132, 255, 215, 186, 132, 255, 215, 186, 132, 255, 215, 186, 132, 255, 215, 186, 132, 255, 215, 186, 132, 255, 215, 186, 132, 255, 215, 186, 132, 255, 215, 186, 132, 255, 215, 186, 132, 255, 214, 186, 132, 199, 221, 187, 136, 15, 0, 0, 0, 0, 0, 0, 0, 0, 0, 0, 0, 0, 0, 0, 0, 0, 0, 0, 0, 0, 0, 0, 0, 0, 0, 0, 0, 0, 0, 0, 0, 0, 0, 0, 0, 0, 0, 0, 0, 0, 0, 0, 0, 0, 0, 0, 0, 0, 0, 0, 0, 0, 0, 0, 0, 0, 0, 0, 0, 0, 0, 0, 0, 0, 0, 0, 0, 0, 0, 0, 0, 0, 0, 0, 0, 0, 0, 0, 0, 0, 0, 0, 0, 0, 0, 0, 0, 0, 0, 0, 0, 0, 0, 0, 0, 0, 0, 0, 0, 0, 0, 0, 0, 0, 0, 0, 0, 0, 0, 0, 0, 0, 0, 0, 0, 0, 0, 0, 0, 0, 0, 0, 0, 0, 0, 0, 0, 0, 0, 0, 0, 0, 0, 0, 0, 0, 0, 0, 0, 0, 0, 0, 0, 0, 0, 0, 0, 0, 0, 0, 0, 0, 0, 0, 0, 0, 0, 0, 0, 0, 0, 0, 0, 0, 0, 0, 0, 0, 0, 0, 0, 0, 0, 0, 0, 0, 0, 0, 0, 0, 0, 0, 0, 0, 0, 0, 0, 0, 0, 0, 0, 0, 0, 0, 0, 0, 0, 0, 0, 0, 0, 0, 0, 0, 0, 0, 0, 0, 0, 0, 0, 0, 0, 0, 0, 0, 0, 0, 0, 0, 0, 0, 0, 0, 0, 0, 0, 0, 0, 0, 0, 0, 0, 0, 0, 0, 0, 0, 0, 0, 0, 0, 0, 0, 0, 0, 0, 0, 0, 0, 0, 0, 0, 0, 0, 0, 0, 0, 0, 0, 0, 0, 0, 0, 0, 0, 0, 0, 0, 0, 0, 0, 0, 0, 0, 0, 0, 0, 0, 0, 0, 0, 0, 0, 0, 0, 0, 0, 0, 0, 0, 0, 0, 0, 0, 0, 0, 0, 0, 0, 0, 0, 0, 0, 0, 0, 0, 0, 0, 0, 0, 0, 0, 0, 0, 0, 0, 0, 0, 0, 0, 0, 0, 0, 0, 0, 0, 0, 0, 0, 0, 0, 0, 0, 0, 0, 0, 0, 0, 0, 0, 0, 0, 0, 0, 0, 0, 0, 0, 0, 0, 0, 0, 0, 0, 0, 0, 0, 0, 0, 0, 0, 0, 0, 0, 0, 0, 0, 0, 0, 0, 0, 0, 0, 0, 0, 0, 0, 0, 0, 0, 0, 0, 0, 0, 0, 0, 0, 0, 0, 0, 0, 0, 0, 0, 0, 0, 0, 0, 0, 0, 0, 0, 0, 0, 0, 0, 0, 0, 0, 0, 0, 0, 0, 0, 0, 0, 0, 0, 0, 0, 0, 0, 0, 0, 0, 0, 0, 0, 0, 0, 0, 0, 0, 0, 0, 0, 0, 0, 0, 0, 0, 0, 0, 0, 0, 0, 0, 0, 0, 0, 0, 0, 0, 0, 0, 0, 0, 0, 0, 0, 0, 0, 0, 0, 0, 0, 0, 0, 0, 0, 0, 0, 0, 0, 0, 0, 0, 0, 0, 0, 0, 0, 0, 0, 0, 0, 0, 0, 0, 0, 0, 0, 0, 0, 0, 0, 0, 0, 0, 0, 0, 0, 0, 0, 0, 0, 0, 0, 0, 0, 0, 0, 0, 0, 0, 0, 0, 0, 0, 0, 0, 0, 0, 0, 0, 0, 0, 0, 0, 0, 0, 0, 0, 0, 0, 0, 0, 0, 0, 0, 0, 0, 0, 0, 0, 0, 0, 0, 0, 0, 0, 0, 0, 0, 0, 0, 0, 0, 0, 0, 0, 0, 0, 0, 0, 0, 0, 0, 0, 0, 0, 0, 0, 0, 0, 0, 0, 0, 0, 0, 0, 0, 0, 0, 0, 0, 0, 244, 187, 132, 156, 243, 187, 133, 255, 243, 187, 133, 255, 243, 187, 133, 255, 243, 187, 133, 255, 243, 187, 132, 255, 222, 187, 132, 193, 215, 186, 132, 255, 215, 186, 132, 255, 215, 186, 132, 255, 215, 186, 132, 255, 215, 186, 132, 255, 215, 186, 132, 255, 215, 186, 132, 255, 215, 186, 132, 255, 215, 186, 132, 255, 215, 186, 132, 255, 215, 186, 132, 255, 215, 186, 132, 255, 215, 186, 132, 255, 215, 186, 132, 255, 215, 186, 132, 255, 215, 186, 132, 255, 215, 186, 132, 255, 215, 186, 132, 255, 215, 186, 132, 255, 215, 186, 132, 255, 215, 186, 132, 255, 215, 186, 132, 255, 215, 186, 132, 255, 215, 186, 132, 255, 215, 186, 132, 255, 215, 186, 132, 255, 215, 186, 132, 255, 215, 186, 132, 255, 215, 186, 132, 255, 215, 186, 132, 255, 215, 186, 132, 255, 215, 186, 132, 255, 215, 186, 132, 255, 215, 186, 132, 255, 215, 186, 132, 255, 215, 186, 132, 255, 215, 186, 132, 255, 215, 185, 132, 201, 224, 192, 128, 16, 0, 0, 0, 0, 0, 0, 0, 0, 0, 0, 0, 0, 0, 0, 0, 0, 0, 0, 0, 0, 0, 0, 0, 0, 0, 0, 0, 0, 0, 0, 0, 0, 0, 0, 0, 0, 0, 0, 0, 0, 0, 0, 0, 0, 0, 0, 0, 0, 0, 0, 0, 0, 0, 0, 0, 0, 0, 0, 0, 0, 0, 0, 0, 0, 0, 0, 0, 0, 0, 0, 0, 0, 0, 0, 0, 0, 0, 0, 0, 0, 0, 0, 0, 0, 0, 0, 0, 0, 0, 0, 0, 0, 0, 0, 0, 0, 0, 0, 0, 0, 0, 0, 0, 0, 0, 0, 0, 0, 0, 0, 0, 0, 0, 0, 0, 0, 0, 0, 0, 0, 0, 0, 0, 0, 0, 0, 0, 0, 0, 0, 0, 0, 0, 0, 0, 0, 0, 0, 0, 0, 0, 0, 0, 0, 0, 0, 0, 0, 0, 0, 0, 0, 0, 0, 0, 0, 0, 0, 0, 0, 0, 0, 0, 0, 0, 0, 0, 0, 0, 0, 0, 0, 0, 0, 0, 0, 0, 0, 0, 0, 0, 0, 0, 0, 0, 0, 0, 0, 0, 0, 0, 0, 0, 0, 0, 0, 0, 0, 0, 0, 0, 0, 0, 0, 0, 0, 0, 0, 0, 0, 0, 0, 0, 0, 0, 0, 0, 0, 0, 0, 0, 0, 0, 0, 0, 0, 0, 0, 0, 0, 0, 0, 0, 0, 0, 0, 0, 0, 0, 0, 0, 0, 0, 0, 0, 0, 0, 0, 0, 0, 0, 0, 0, 0, 0, 0, 0, 0, 0, 0, 0, 0, 0, 0, 0, 0, 0, 0, 0, 0, 0, 0, 0, 0, 0, 0, 0, 0, 0, 0, 0, 0, 0, 0, 0, 0, 0, 0, 0, 0, 0, 0, 0, 0, 0, 0, 0, 0, 0, 0, 0, 0, 0, 0, 0, 0, 0, 0, 0, 0, 0, 0, 0, 0, 0, 0, 0, 0, 0, 0, 0, 0, 0, 0, 0, 0, 0, 0, 0, 0, 0, 0, 0, 0, 0, 0, 0, 0, 0, 0, 0, 0, 0, 0, 0, 0, 0, 0, 0, 0, 0, 0, 0, 0, 0, 0, 0, 0, 0, 0, 0, 0, 0, 0, 0, 0, 0, 0, 0, 0, 0, 0, 0, 0, 0, 0, 0, 0, 0, 0, 0, 0, 0, 0, 0, 0, 0, 0, 0, 0, 0, 0, 0, 0, 0, 0, 0, 0, 0, 0, 0, 0, 0, 0, 0, 0, 0, 0, 0, 0, 0, 0, 0, 0, 0, 0, 0, 0, 0, 0, 0, 0, 0, 0, 0, 0, 0, 0, 0, 0, 0, 0, 0, 0, 0, 0, 0, 0, 0, 0, 0, 0, 0, 0, 0, 0, 0, 0, 0, 0, 0, 0, 0, 0, 0, 0, 0, 0, 0, 0, 0, 0, 0, 0, 0, 0, 0, 0, 0, 0, 0, 0, 0, 0, 0, 0, 0, 0, 0, 0, 0, 0, 0, 0, 0, 0, 0, 0, 0, 0, 0, 0, 0, 0, 0, 0, 0, 0, 0, 0, 0, 0, 0, 0, 0, 0, 0, 0, 0, 0, 0, 0, 0, 0, 0, 0, 0, 0, 0, 0, 0, 0, 0, 0, 0, 0, 0, 0, 0, 0, 0, 0, 0, 0, 0, 0, 0, 0, 0, 0, 0, 0, 0, 0, 0, 0, 0, 0, 0, 0, 0, 0, 0, 0, 0, 0, 0, 0, 0, 0, 0, 0, 0, 0, 0, 0, 0, 0, 0, 0, 0, 0, 0, 0, 0, 0, 0, 0, 0, 0, 255, 204, 153, 5, 243, 186, 132, 237, 243, 187, 133, 255, 243, 187, 133, 255, 243, 187, 133, 255, 243, 186, 133, 252, 219, 187, 131, 197, 215, 186, 132, 255, 215, 186, 132, 255, 215, 186, 132, 255, 215, 186, 132, 255, 215, 186, 132, 255, 215, 186, 132, 255, 215, 186, 132, 255, 215, 186, 132, 255, 215, 186, 132, 255, 215, 186, 132, 255, 215, 186, 132, 255, 215, 186, 132, 255, 215, 186, 132, 255, 215, 186, 132, 255, 215, 186, 132, 255, 215, 186, 132, 255, 215, 186, 132, 255, 215, 186, 132, 255, 215, 186, 132, 255, 215, 186, 132, 255, 215, 186, 132, 255, 215, 186, 132, 255, 215, 186, 132, 255, 215, 186, 132, 255, 215, 186, 132, 255, 215, 186, 132, 255, 215, 186, 132, 255, 215, 186, 132, 255, 215, 186, 132, 255, 215, 186, 132, 255, 215, 186, 132, 255, 215, 186, 132, 255, 215, 186, 132, 255, 215, 186, 132, 255, 215, 186, 132, 255, 215, 186, 132, 255, 215, 186, 132, 255, 215, 186, 132, 255, 215, 186, 132, 255, 215, 185, 131, 204, 225, 195, 135, 17, 0, 0, 0, 0, 0, 0, 0, 0, 0, 0, 0, 0, 0, 0, 0, 0, 0, 0, 0, 0, 0, 0, 0, 0, 0, 0, 0, 0, 0, 0, 0, 0, 0, 0, 0, 0, 0, 0, 0, 0, 0, 0, 0, 0, 0, 0, 0, 0, 0, 0, 0, 0, 0, 0, 0, 0, 0, 0, 0, 0, 0, 0, 0, 0, 0, 0, 0, 0, 0, 0, 0, 0, 0, 0, 0, 0, 0, 0, 0, 0, 0, 0, 0, 0, 0, 0, 0, 0, 0, 0, 0, 0, 0, 0, 0, 0, 0, 0, 0, 0, 0, 0, 0, 0, 0, 0, 0, 0, 0, 0, 0, 0, 0, 0, 0, 0, 0, 0, 0, 0, 0, 0, 0, 0, 0, 0, 0, 0, 0, 0, 0, 0, 0, 0, 0, 0, 0, 0, 0, 0, 0, 0, 0, 0, 0, 0, 0, 0, 0, 0, 0, 0, 0, 0, 0, 0, 0, 0, 0, 0, 0, 0, 0, 0, 0, 0, 0, 0, 0, 0, 0, 0, 0, 0, 0, 0, 0, 0, 0, 0, 0, 0, 0, 0, 0, 0, 0, 0, 0, 0, 0, 0, 0, 0, 0, 0, 0, 0, 0, 0, 0, 0, 0, 0, 0, 0, 0, 0, 0, 0, 0, 0, 0, 0, 0, 0, 0, 0, 0, 0, 0, 0, 0, 0, 0, 0, 0, 0, 0, 0, 0, 0, 0, 0, 0, 0, 0, 0, 0, 0, 0, 0, 0, 0, 0, 0, 0, 0, 0, 0, 0, 0, 0, 0, 0, 0, 0, 0, 0, 0, 0, 0, 0, 0, 0, 0, 0, 0, 0, 0, 0, 0, 0, 0, 0, 0, 0, 0, 0, 0, 0, 0, 0, 0, 0, 0, 0, 0, 0, 0, 0, 0, 0, 0, 0, 0, 0, 0, 0, 0, 0, 0, 0, 0, 0, 0, 0, 0, 0, 0, 0, 0, 0, 0, 0, 0, 0, 0, 0, 0, 0, 0, 0, 0, 0, 0, 0, 0, 0, 0, 0, 0, 0, 0, 0, 0, 0, 0, 0, 0, 0, 0, 0, 0, 0, 0, 0, 0, 0, 0, 0, 0, 0, 0, 0, 0, 0, 0, 0, 0, 0, 0, 0, 0, 0, 0, 0, 0, 0, 0, 0, 0, 0, 0, 0, 0, 0, 0, 0, 0, 0, 0, 0, 0, 0, 0, 0, 0, 0, 0, 0, 0, 0, 0, 0, 0, 0, 0, 0, 0, 0, 0, 0, 0, 0, 0, 0, 0, 0, 0, 0, 0, 0, 0, 0, 0, 0, 0, 0, 0, 0, 0, 0, 0, 0, 0, 0, 0, 0, 0, 0, 0, 0, 0, 0, 0, 0, 0, 0, 0, 0, 0, 0, 0, 0, 0, 0, 0, 0, 0, 0, 0, 0, 0, 0, 0, 0, 0, 0, 0, 0, 0, 0, 0, 0, 0, 0, 0, 0, 0, 0, 0, 0, 0, 0, 0, 0, 0, 0, 0, 0, 0, 0, 0, 0, 0, 0, 0, 0, 0, 0, 0, 0, 0, 0, 0, 0, 0, 0, 0, 0, 0, 0, 0, 0, 0, 0, 0, 0, 0, 0, 0, 0, 0, 0, 0, 0, 0, 0, 0, 0, 0, 0, 0, 0, 0, 0, 0, 0, 0, 0, 0, 0, 0, 0, 0, 0, 0, 0, 0, 0, 0, 0, 0, 0, 0, 0, 0, 0, 0, 0, 0, 0, 0, 0, 0, 0, 0, 0, 0, 0, 0, 0, 0, 0, 0, 0, 0, 0, 0, 0, 0, 0, 0, 0, 0, 243, 187, 132, 60, 243, 187, 133, 255, 243, 187, 133, 255, 243, 187, 133, 255, 243, 187, 133, 255, 222, 185, 131, 196, 215, 186, 132, 255, 215, 186, 132, 255, 215, 186, 132, 255, 215, 186, 132, 255, 215, 186, 132, 255, 212, 181, 128, 204, 205, 170, 121, 192, 204, 172, 121, 192, 212, 181, 128, 205, 215, 186, 131, 253, 215, 186, 132, 255, 215, 186, 132, 255, 215, 186, 132, 255, 215, 186, 132, 255, 215, 186, 132, 255, 215, 186, 132, 255, 215, 186, 132, 255, 215, 186, 132, 255, 215, 186, 132, 255, 215, 186, 132, 255, 215, 186, 132, 255, 215, 186, 132, 255, 215, 186, 132, 255, 215, 186, 132, 255, 215, 186, 132, 255, 215, 186, 132, 255, 215, 186, 132, 255, 215, 186, 132, 255, 215, 186, 132, 255, 215, 186, 132, 255, 215, 186, 132, 255, 215, 186, 132, 255, 215, 186, 132, 255, 215, 186, 132, 255, 215, 186, 132, 255, 215, 186, 132, 255, 215, 186, 132, 255, 215, 186, 132, 255, 215, 186, 132, 255, 215, 186, 132, 255, 215, 186, 132, 255, 214, 186, 131, 206, 215, 188, 134, 19, 0, 0, 0, 0, 0, 0, 0, 0, 0, 0, 0, 0, 0, 0, 0, 0, 0, 0, 0, 0, 0, 0, 0, 0, 0, 0, 0, 0, 0, 0, 0, 0, 0, 0, 0, 0, 0, 0, 0, 0, 0, 0, 0, 0, 0, 0, 0, 0, 0, 0, 0, 0, 0, 0, 0, 0, 0, 0, 0, 0, 0, 0, 0, 0, 0, 0, 0, 0, 0, 0, 0, 0, 0, 0, 0, 0, 0, 0, 0, 0, 0, 0, 0, 0, 0, 0, 0, 0, 0, 0, 0, 0, 0, 0, 0, 0, 0, 0, 0, 0, 0, 0, 0, 0, 0, 0, 0, 0, 0, 0, 0, 0, 0, 0, 0, 0, 0, 0, 0, 0, 0, 0, 0, 0, 0, 0, 0, 0, 0, 0, 0, 0, 0, 0, 0, 0, 0, 0, 0, 0, 0, 0, 0, 0, 0, 0, 0, 0, 0, 0, 0, 0, 0, 0, 0, 0, 0, 0, 0, 0, 0, 0, 0, 0, 0, 0, 0, 0, 0, 0, 0, 0, 0, 0, 0, 0, 0, 0, 0, 0, 0, 0, 0, 0, 0, 0, 0, 0, 0, 0, 0, 0, 0, 0, 0, 0, 0, 0, 0, 0, 0, 0, 0, 0, 0, 0, 0, 0, 0, 0, 0, 0, 0, 0, 0, 0, 0, 0, 0, 0, 0, 0, 0, 0, 0, 0, 0, 0, 0, 0, 0, 0, 0, 0, 0, 0, 0, 0, 0, 0, 0, 0, 0, 0, 0, 0, 0, 0, 0, 0, 0, 0, 0, 0, 0, 0, 0, 0, 0, 0, 0, 0, 0, 0, 0, 0, 0, 0, 0, 0, 0, 0, 0, 0, 0, 0, 0, 0, 0, 0, 0, 0, 0, 0, 0, 0, 0, 0, 0, 0, 0, 0, 0, 0, 0, 0, 0, 0, 0, 0, 0, 0, 0, 0, 0, 0, 0, 0, 0, 0, 0, 0, 0, 0, 0, 0, 0, 0, 0, 0, 0, 0, 0, 0, 0, 0, 0, 0, 0, 0, 0, 0, 0, 0, 0, 0, 0, 0, 0, 0, 0, 0, 0, 0, 0, 0, 0, 0, 0, 0, 0, 0, 0, 0, 0, 0, 0, 0, 0, 0, 0, 0, 0, 0, 0, 0, 0, 0, 0, 0, 0, 0, 0, 0, 0, 0, 0, 0, 0, 0, 0, 0, 0, 0, 0, 0, 0, 0, 0, 0, 0, 0, 0, 0, 0, 0, 0, 0, 0, 0, 0, 0, 0, 0, 0, 0, 0, 0, 0, 0, 0, 0, 0, 0, 0, 0, 0, 0, 0, 0, 0, 0, 0, 0, 0, 0, 0, 0, 0, 0, 0, 0, 0, 0, 0, 0, 0, 0, 0, 0, 0, 0, 0, 0, 0, 0, 0, 0, 0, 0, 0, 0, 0, 0, 0, 0, 0, 0, 0, 0, 0, 0, 0, 0, 0, 0, 0, 0, 0, 0, 0, 0, 0, 0, 0, 0, 0, 0, 0, 0, 0, 0, 0, 0, 0, 0, 0, 0, 0, 0, 0, 0, 0, 0, 0, 0, 0, 0, 0, 0, 0, 0, 0, 0, 0, 0, 0, 0, 0, 0, 0, 0, 0, 0, 0, 0, 0, 0, 0, 0, 0, 0, 0, 0, 0, 0, 0, 0, 0, 0, 0, 0, 0, 0, 0, 0, 0, 0, 0, 0, 0, 0, 0, 0, 0, 0, 0, 0, 0, 0, 0, 0, 0, 0, 0, 0, 0, 0, 0, 0, 0, 0, 0, 0, 0, 0, 0, 0, 0, 0, 0, 0, 244, 188, 134, 128, 243, 187, 133, 255, 243, 187, 133, 255, 243, 187, 133, 255, 228, 186, 132, 195, 215, 186, 132, 255, 215, 186, 132, 255, 215, 186, 132, 255, 215, 186, 132, 255, 214, 185, 131, 231, 188, 149, 104, 211, 177, 136, 95, 255, 177, 136, 95, 255, 177, 136, 95, 255, 177, 136, 95, 255, 182, 144, 100, 227, 207, 174, 123, 195, 215, 186, 132, 255, 215, 186, 132, 255, 215, 186, 132, 255, 215, 186, 132, 255, 215, 186, 132, 255, 215, 186, 132, 255, 215, 186, 132, 255, 215, 186, 132, 255, 215, 186, 132, 255, 215, 186, 132, 255, 215, 186, 132, 255, 215, 186, 132, 255, 215, 186, 132, 255, 215, 186, 132, 255, 215, 186, 132, 255, 215, 186, 132, 255, 215, 186, 132, 255, 215, 186, 132, 255, 215, 186, 132, 255, 215, 186, 132, 255, 215, 186, 132, 255, 215, 186, 132, 255, 215, 186, 132, 255, 215, 186, 132, 255, 215, 186, 132, 255, 215, 186, 132, 255, 215, 186, 132, 255, 215, 186, 132, 255, 215, 186, 132, 255, 215, 186, 132, 255, 215, 186, 132, 255, 215, 185, 131, 208, 217, 192, 128, 20, 0, 0, 0, 0, 0, 0, 0, 0, 0, 0, 0, 0, 0, 0, 0, 0, 0, 0, 0, 0, 0, 0, 0, 0, 0, 0, 0, 0, 0, 0, 0, 0, 0, 0, 0, 0, 0, 0, 0, 0, 0, 0, 0, 0, 0, 0, 0, 0, 0, 0, 0, 0, 0, 0, 0, 0, 0, 0, 0, 0, 0, 0, 0, 0, 0, 0, 0, 0, 0, 0, 0, 0, 0, 0, 0, 0, 0, 0, 0, 0, 0, 0, 0, 0, 0, 0, 0, 0, 0, 0, 0, 0, 0, 0, 0, 0, 0, 0, 0, 0, 0, 0, 0, 0, 0, 0, 0, 0, 0, 0, 0, 0, 0, 0, 0, 0, 0, 0, 0, 0, 0, 0, 0, 0, 0, 0, 0, 0, 0, 0, 0, 0, 0, 0, 0, 0, 0, 0, 0, 0, 0, 0, 0, 0, 0, 0, 0, 0, 0, 0, 0, 0, 0, 0, 0, 0, 0, 0, 0, 0, 0, 0, 0, 0, 0, 0, 0, 0, 0, 0, 0, 0, 0, 0, 0, 0, 0, 0, 0, 0, 0, 0, 0, 0, 0, 0, 0, 0, 0, 0, 0, 0, 0, 0, 0, 0, 0, 0, 0, 0, 0, 0, 0, 0, 0, 0, 0, 0, 0, 0, 0, 0, 0, 0, 0, 0, 0, 0, 0, 0, 0, 0, 0, 0, 0, 0, 0, 0, 0, 0, 0, 0, 0, 0, 0, 0, 0, 0, 0, 0, 0, 0, 0, 0, 0, 0, 0, 0, 0, 0, 0, 0, 0, 0, 0, 0, 0, 0, 0, 0, 0, 0, 0, 0, 0, 0, 0, 0, 0, 0, 0, 0, 0, 0, 0, 0, 0, 0, 0, 0, 0, 0, 0, 0, 0, 0, 0, 0, 0, 0, 0, 0, 0, 0, 0, 0, 0, 0, 0, 0, 0, 0, 0, 0, 0, 0, 0, 0, 0, 0, 0, 0, 0, 0, 0, 0, 0, 0, 0, 0, 0, 0, 0, 0, 0, 0, 0, 0, 0, 0, 0, 0, 0, 0, 0, 0, 0, 0, 0, 0, 0, 0, 0, 0, 0, 0, 0, 0, 0, 0, 0, 0, 0, 0, 0, 0, 0, 0, 0, 0, 0, 0, 0, 0, 0, 0, 0, 0, 0, 0, 0, 0, 0, 0, 0, 0, 0, 0, 0, 0, 0, 0, 0, 0, 0, 0, 0, 0, 0, 0, 0, 0, 0, 0, 0, 0, 0, 0, 0, 0, 0, 0, 0, 0, 0, 0, 0, 0, 0, 0, 0, 0, 0, 0, 0, 0, 0, 0, 0, 0, 0, 0, 0, 0, 0, 0, 0, 0, 0, 0, 0, 0, 0, 0, 0, 0, 0, 0, 0, 0, 0, 0, 0, 0, 0, 0, 0, 0, 0, 0, 0, 0, 0, 0, 0, 0, 0, 0, 0, 0, 0, 0, 0, 0, 0, 0, 0, 0, 0, 0, 0, 0, 0, 0, 0, 0, 0, 0, 0, 0, 0, 0, 0, 0, 0, 0, 0, 0, 0, 0, 0, 0, 0, 0, 0, 0, 0, 0, 0, 0, 0, 0, 0, 0, 0, 0, 0, 0, 0, 0, 0, 0, 0, 0, 0, 0, 0, 0, 0, 0, 0, 0, 0, 0, 0, 0, 0, 0, 0, 0, 0, 0, 0, 0, 0, 0, 0, 0, 0, 0, 0, 0, 0, 0, 0, 0, 0, 0, 0, 0, 0, 0, 0, 0, 0, 0, 0, 0, 0, 0, 0, 0, 0, 0, 0, 0, 0, 0, 244, 187, 132, 195, 243, 187, 133, 255, 243, 187, 133, 255, 238, 187, 132, 219, 215, 186, 131, 247, 215, 186, 132, 255, 215, 186, 132, 255, 215, 186, 132, 255, 214, 185, 131, 240, 184, 144, 100, 221, 177, 136, 95, 255, 177, 136, 95, 255, 177, 136, 95, 255, 177, 136, 95, 255, 177, 136, 95, 255, 177, 136, 95, 255, 177, 136, 95, 255, 188, 152, 108, 206, 215, 185, 132, 232, 215, 186, 132, 255, 215, 186, 132, 255, 215, 186, 132, 255, 215, 186, 132, 255, 215, 186, 132, 255, 215, 186, 132, 255, 215, 186, 132, 255, 215, 186, 132, 255, 215, 186, 132, 255, 215, 186, 132, 255, 215, 186, 132, 255, 215, 186, 132, 255, 215, 186, 132, 255, 215, 186, 132, 255, 215, 186, 132, 255, 215, 186, 132, 255, 215, 186, 132, 255, 215, 186, 132, 255, 215, 186, 132, 255, 215, 186, 132, 255, 215, 186, 132, 255, 215, 186, 132, 255, 215, 186, 132, 255, 215, 186, 132, 255, 215, 186, 132, 255, 215, 186, 132, 255, 215, 186, 132, 255, 215, 186, 132, 255, 215, 186, 132, 255, 215, 186, 132, 255, 215, 186, 131, 210, 221, 186, 128, 22, 0, 0, 0, 0, 0, 0, 0, 0, 0, 0, 0, 0, 0, 0, 0, 0, 0, 0, 0, 0, 0, 0, 0, 0, 0, 0, 0, 0, 0, 0, 0, 0, 0, 0, 0, 0, 0, 0, 0, 0, 0, 0, 0, 0, 0, 0, 0, 0, 0, 0, 0, 0, 0, 0, 0, 0, 0, 0, 0, 0, 0, 0, 0, 0, 0, 0, 0, 0, 0, 0, 0, 0, 0, 0, 0, 0, 0, 0, 0, 0, 0, 0, 0, 0, 0, 0, 0, 0, 0, 0, 0, 0, 0, 0, 0, 0, 0, 0, 0, 0, 0, 0, 0, 0, 0, 0, 0, 0, 0, 0, 0, 0, 0, 0, 0, 0, 0, 0, 0, 0, 0, 0, 0, 0, 0, 0, 0, 0, 0, 0, 0, 0, 0, 0, 0, 0, 0, 0, 0, 0, 0, 0, 0, 0, 0, 0, 0, 0, 0, 0, 0, 0, 0, 0, 0, 0, 0, 0, 0, 0, 0, 0, 0, 0, 0, 0, 0, 0, 0, 0, 0, 0, 0, 0, 0, 0, 0, 0, 0, 0, 0, 0, 0, 0, 0, 0, 0, 0, 0, 0, 0, 0, 0, 0, 0, 0, 0, 0, 0, 0, 0, 0, 0, 0, 0, 0, 0, 0, 0, 0, 0, 0, 0, 0, 0, 0, 0, 0, 0, 0, 0, 0, 0, 0, 0, 0, 0, 0, 0, 0, 0, 0, 0, 0, 0, 0, 0, 0, 0, 0, 0, 0, 0, 0, 0, 0, 0, 0, 0, 0, 0, 0, 0, 0, 0, 0, 0, 0, 0, 0, 0, 0, 0, 0, 0, 0, 0, 0, 0, 0, 0, 0, 0, 0, 0, 0, 0, 0, 0, 0, 0, 0, 0, 0, 0, 0, 0, 0, 0, 0, 0, 0, 0, 0, 0, 0, 0, 0, 0, 0, 0, 0, 0, 0, 0, 0, 0, 0, 0, 0, 0, 0, 0, 0, 0, 0, 0, 0, 0, 0, 0, 0, 0, 0, 0, 0, 0, 0, 0, 0, 0, 0, 0, 0, 0, 0, 0, 0, 0, 0, 0, 0, 0, 0, 0, 0, 0, 0, 0, 0, 0, 0, 0, 0, 0, 0, 0, 0, 0, 0, 0, 0, 0, 0, 0, 0, 0, 0, 0, 0, 0, 0, 0, 0, 0, 0, 0, 0, 0, 0, 0, 0, 0, 0, 0, 0, 0, 0, 0, 0, 0, 0, 0, 0, 0, 0, 0, 0, 0, 0, 0, 0, 0, 0, 0, 0, 0, 0, 0, 0, 0, 0, 0, 0, 0, 0, 0, 0, 0, 0, 0, 0, 0, 0, 0, 0, 0, 0, 0, 0, 0, 0, 0, 0, 0, 0, 0, 0, 0, 0, 0, 0, 0, 0, 0, 0, 0, 0, 0, 0, 0, 0, 0, 0, 0, 0, 0, 0, 0, 0, 0, 0, 0, 0, 0, 0, 0, 0, 0, 0, 0, 0, 0, 0, 0, 0, 0, 0, 0, 0, 0, 0, 0, 0, 0, 0, 0, 0, 0, 0, 0, 0, 0, 0, 0, 0, 0, 0, 0, 0, 0, 0, 0, 0, 0, 0, 0, 0, 0, 0, 0, 0, 0, 0, 0, 0, 0, 0, 0, 0, 0, 0, 0, 0, 0, 0, 0, 0, 0, 0, 0, 0, 0, 0, 0, 0, 0, 0, 0, 0, 0, 0, 0, 0, 0, 0, 0, 0, 0, 0, 0, 0, 0, 0, 0, 0, 0, 0, 0, 0, 255, 196, 137, 13, 243, 187, 132, 251, 243, 187, 133, 255, 242, 186, 132, 247, 216, 185, 131, 222, 215, 186, 132, 255, 215, 186, 132, 255, 215, 186, 132, 255, 215, 186, 132, 255, 195, 160, 112, 195, 177, 136, 95, 255, 177, 136, 95, 255, 177, 136, 95, 255, 177, 136, 95, 255, 177, 136, 95, 255, 177, 136, 95, 255, 177, 136, 95, 255, 177, 136, 95, 255, 177, 136, 95, 255, 180, 140, 97, 238, 212, 181, 128, 204, 215, 186, 132, 255, 215, 186, 132, 255, 215, 186, 132, 255, 215, 186, 132, 255, 215, 186, 132, 255, 215, 186, 132, 255, 215, 186, 132, 255, 215, 186, 132, 255, 215, 186, 132, 255, 215, 186, 132, 255, 215, 186, 132, 255, 215, 186, 132, 255, 215, 186, 132, 255, 215, 186, 132, 255, 215, 186, 132, 255, 215, 186, 132, 255, 215, 186, 132, 255, 215, 186, 132, 255, 215, 186, 132, 255, 215, 186, 132, 255, 215, 186, 132, 255, 215, 186, 132, 255, 215, 186, 132, 255, 215, 186, 132, 255, 215, 186, 132, 255, 215, 186, 132, 255, 215, 186, 132, 255, 215, 186, 132, 255, 215, 186, 132, 255, 215, 186, 132, 255, 214, 185, 131, 212, 215, 188, 134, 19, 0, 0, 0, 0, 0, 0, 0, 0, 0, 0, 0, 0, 0, 0, 0, 0, 0, 0, 0, 0, 0, 0, 0, 0, 0, 0, 0, 0, 0, 0, 0, 0, 0, 0, 0, 0, 0, 0, 0, 0, 0, 0, 0, 0, 0, 0, 0, 0, 0, 0, 0, 0, 0, 0, 0, 0, 0, 0, 0, 0, 0, 0, 0, 0, 0, 0, 0, 0, 0, 0, 0, 0, 0, 0, 0, 0, 0, 0, 0, 0, 0, 0, 0, 0, 0, 0, 0, 0, 0, 0, 0, 0, 0, 0, 0, 0, 0, 0, 0, 0, 0, 0, 0, 0, 0, 0, 0, 0, 0, 0, 0, 0, 0, 0, 0, 0, 0, 0, 0, 0, 0, 0, 0, 0, 0, 0, 0, 0, 0, 0, 0, 0, 0, 0, 0, 0, 0, 0, 0, 0, 0, 0, 0, 0, 0, 0, 0, 0, 0, 0, 0, 0, 0, 0, 0, 0, 0, 0, 0, 0, 0, 0, 0, 0, 0, 0, 0, 0, 0, 0, 0, 0, 0, 0, 0, 0, 0, 0, 0, 0, 0, 0, 0, 0, 0, 0, 0, 0, 0, 0, 0, 0, 0, 0, 0, 0, 0, 0, 0, 0, 0, 0, 0, 0, 0, 0, 0, 0, 0, 0, 0, 0, 0, 0, 0, 0, 0, 0, 0, 0, 0, 0, 0, 0, 0, 0, 0, 0, 0, 0, 0, 0, 0, 0, 0, 0, 0, 0, 0, 0, 0, 0, 0, 0, 0, 0, 0, 0, 0, 0, 0, 0, 0, 0, 0, 0, 0, 0, 0, 0, 0, 0, 0, 0, 0, 0, 0, 0, 0, 0, 0, 0, 0, 0, 0, 0, 0, 0, 0, 0, 0, 0, 0, 0, 0, 0, 0, 0, 0, 0, 0, 0, 0, 0, 0, 0, 0, 0, 0, 0, 0, 0, 0, 0, 0, 0, 0, 0, 0, 0, 0, 0, 0, 0, 0, 0, 0, 0, 0, 0, 0, 0, 0, 0, 0, 0, 0, 0, 0, 0, 0, 0, 0, 0, 0, 0, 0, 0, 0, 0, 0, 0, 0, 0, 0, 0, 0, 0, 0, 0, 0, 0, 0, 0, 0, 0, 0, 0, 0, 0, 0, 0, 0, 0, 0, 0, 0, 0, 0, 0, 0, 0, 0, 0, 0, 0, 0, 0, 0, 0, 0, 0, 0, 0, 0, 0, 0, 0, 0, 0, 0, 0, 0, 0, 0, 0, 0, 0, 0, 0, 0, 0, 0, 0, 0, 0, 0, 0, 0, 0, 0, 0, 0, 0, 0, 0, 0, 0, 0, 0, 0, 0, 0, 0, 0, 0, 0, 0, 0, 0, 0, 0, 0, 0, 0, 0, 0, 0, 0, 0, 0, 0, 0, 0, 0, 0, 0, 0, 0, 0, 0, 0, 0, 0, 0, 0, 0, 0, 0, 0, 0, 0, 0, 0, 0, 0, 0, 0, 0, 0, 0, 0, 0, 0, 0, 0, 0, 0, 0, 0, 0, 0, 0, 0, 0, 0, 0, 0, 0, 0, 0, 0, 0, 0, 0, 0, 0, 0, 0, 0, 0, 0, 0, 0, 0, 0, 0, 0, 0, 0, 0, 0, 0, 0, 0, 0, 0, 0, 0, 0, 0, 0, 0, 0, 0, 0, 0, 0, 0, 0, 0, 0, 0, 0, 0, 0, 0, 0, 0, 0, 0, 0, 0, 0, 0, 0, 0, 0, 0, 0, 0, 0, 0, 0, 0, 0, 245, 187, 133, 75, 243, 187, 133, 255, 243, 187, 133, 255, 225, 186, 132, 192, 215, 186, 132, 255, 215, 186, 132, 255, 215, 186, 132, 255, 215, 186, 132, 255, 214, 184, 130, 217, 177, 136, 94, 254, 177, 136, 95, 255, 177, 136, 95, 255, 177, 136, 95, 255, 177, 136, 95, 255, 177, 136, 95, 255, 177, 136, 95, 255, 177, 136, 95, 255, 177, 136, 95, 255, 177, 136, 95, 255, 177, 136, 95, 255, 177, 136, 94, 254, 202, 169, 120, 192, 215, 186, 132, 254, 215, 186, 132, 255, 215, 186, 132, 255, 215, 186, 132, 255, 215, 186, 132, 255, 215, 186, 132, 255, 215, 186, 132, 255, 215, 186, 132, 255, 215, 186, 132, 255, 215, 186, 132, 255, 215, 186, 132, 255, 215, 186, 132, 255, 215, 186, 132, 255, 215, 186, 132, 255, 215, 186, 132, 255, 215, 186, 132, 255, 215, 186, 132, 255, 215, 186, 132, 255, 215, 186, 132, 255, 215, 186, 132, 255, 215, 186, 132, 255, 215, 186, 132, 255, 215, 186, 132, 255, 215, 186, 132, 255, 215, 186, 132, 255, 215, 186, 132, 255, 215, 186, 132, 255, 215, 186, 132, 255, 215, 186, 132, 255, 215, 186, 132, 255, 215, 186, 131, 200, 213, 192, 128, 12, 0, 0, 0, 0, 0, 0, 0, 0, 0, 0, 0, 0, 0, 0, 0, 0, 0, 0, 0, 0, 0, 0, 0, 0, 0, 0, 0, 0, 0, 0, 0, 0, 0, 0, 0, 0, 0, 0, 0, 0, 0, 0, 0, 0, 0, 0, 0, 0, 0, 0, 0, 0, 0, 0, 0, 0, 0, 0, 0, 0, 0, 0, 0, 0, 0, 0, 0, 0, 0, 0, 0, 0, 0, 0, 0, 0, 0, 0, 0, 0, 0, 0, 0, 0, 0, 0, 0, 0, 0, 0, 0, 0, 0, 0, 0, 0, 0, 0, 0, 0, 0, 0, 0, 0, 0, 0, 0, 0, 0, 0, 0, 0, 0, 0, 0, 0, 0, 0, 0, 0, 0, 0, 0, 0, 0, 0, 0, 0, 0, 0, 0, 0, 0, 0, 0, 0, 0, 0, 0, 0, 0, 0, 0, 0, 0, 0, 0, 0, 0, 0, 0, 0, 0, 0, 0, 0, 0, 0, 0, 0, 0, 0, 0, 0, 0, 0, 0, 0, 0, 0, 0, 0, 0, 0, 0, 0, 0, 0, 0, 0, 0, 0, 0, 0, 0, 0, 0, 0, 0, 0, 0, 0, 0, 0, 0, 0, 0, 0, 0, 0, 0, 0, 0, 0, 0, 0, 0, 0, 0, 0, 0, 0, 0, 0, 0, 0, 0, 0, 0, 0, 0, 0, 0, 0, 0, 0, 0, 0, 0, 0, 0, 0, 0, 0, 0, 0, 0, 0, 0, 0, 0, 0, 0, 0, 0, 0, 0, 0, 0, 0, 0, 0, 0, 0, 0, 0, 0, 0, 0, 0, 0, 0, 0, 0, 0, 0, 0, 0, 0, 0, 0, 0, 0, 0, 0, 0, 0, 0, 0, 0, 0, 0, 0, 0, 0, 0, 0, 0, 0, 0, 0, 0, 0, 0, 0, 0, 0, 0, 0, 0, 0, 0, 0, 0, 0, 0, 0, 0, 0, 0, 0, 0, 0, 0, 0, 0, 0, 0, 0, 0, 0, 0, 0, 0, 0, 0, 0, 0, 0, 0, 0, 0, 0, 0, 0, 0, 0, 0, 0, 0, 0, 0, 0, 0, 0, 0, 0, 0, 0, 0, 0, 0, 0, 0, 0, 0, 0, 0, 0, 0, 0, 0, 0, 0, 0, 0, 0, 0, 0, 0, 0, 0, 0, 0, 0, 0, 0, 0, 0, 0, 0, 0, 0, 0, 0, 0, 0, 0, 0, 0, 0, 0, 0, 0, 0, 0, 0, 0, 0, 0, 0, 0, 0, 0, 0, 0, 0, 0, 0, 0, 0, 0, 0, 0, 0, 0, 0, 0, 0, 0, 0, 0, 0, 0, 0, 0, 0, 0, 0, 0, 0, 0, 0, 0, 0, 0, 0, 0, 0, 0, 0, 0, 0, 0, 0, 0, 0, 0, 0, 0, 0, 0, 0, 0, 0, 0, 0, 0, 0, 0, 0, 0, 0, 0, 0, 0, 0, 0, 0, 0, 0, 0, 0, 0, 0, 0, 0, 0, 0, 0, 0, 0, 0, 0, 0, 0, 0, 0, 0, 0, 0, 0, 0, 0, 0, 0, 0, 0, 0, 0, 0, 0, 0, 0, 0, 0, 0, 0, 0, 0, 0, 0, 0, 0, 0, 0, 0, 0, 0, 0, 0, 0, 0, 0, 0, 0, 0, 0, 0, 0, 0, 0, 0, 0, 0, 0, 0, 0, 0, 0, 0, 0, 0, 0, 0, 0, 0, 0, 0, 0, 0, 0, 243, 187, 132, 143, 243, 187, 133, 255, 240, 187, 133, 228, 215, 186, 131, 247, 215, 186, 132, 255, 215, 186, 132, 255, 215, 186, 132, 255, 215, 186, 132, 255, 195, 160, 112, 196, 177, 136, 95, 255, 177, 136, 95, 255, 177, 136, 95, 255, 177, 136, 95, 255, 177, 136, 95, 255, 177, 136, 95, 255, 177, 136, 95, 255, 177, 136, 95, 255, 177, 136, 95, 255, 177, 136, 95, 255, 177, 136, 95, 255, 177, 136, 95, 255, 177, 136, 95, 255, 191, 153, 107, 205, 216, 185, 131, 237, 215, 186, 132, 255, 215, 186, 132, 255, 215, 186, 132, 255, 215, 186, 132, 255, 215, 186, 132, 255, 215, 186, 132, 255, 215, 186, 132, 255, 215, 186, 132, 255, 215, 186, 132, 255, 215, 186, 132, 255, 215, 186, 132, 255, 215, 186, 132, 255, 215, 186, 132, 255, 215, 186, 132, 255, 215, 186, 132, 255, 215, 186, 132, 255, 215, 186, 132, 255, 215, 186, 132, 255, 215, 186, 132, 255, 215, 186, 132, 255, 215, 186, 132, 255, 215, 186, 132, 255, 215, 186, 132, 255, 215, 186, 132, 255, 215, 186, 132, 255, 215, 186, 132, 255, 215, 186, 132, 255, 215, 186, 132, 255, 215, 186, 132, 255, 215, 186, 131, 185, 213, 213, 128, 6, 0, 0, 0, 0, 0, 0, 0, 0, 0, 0, 0, 0, 0, 0, 0, 0, 0, 0, 0, 0, 0, 0, 0, 0, 0, 0, 0, 0, 0, 0, 0, 0, 0, 0, 0, 0, 0, 0, 0, 0, 0, 0, 0, 0, 0, 0, 0, 0, 0, 0, 0, 0, 0, 0, 0, 0, 0, 0, 0, 0, 0, 0, 0, 0, 0, 0, 0, 0, 0, 0, 0, 0, 0, 0, 0, 0, 0, 0, 0, 0, 0, 0, 0, 0, 0, 0, 0, 0, 0, 0, 0, 0, 0, 0, 0, 0, 0, 0, 0, 0, 0, 0, 0, 0, 0, 0, 0, 0, 0, 0, 0, 0, 0, 0, 0, 0, 0, 0, 0, 0, 0, 0, 0, 0, 0, 0, 0, 0, 0, 0, 0, 0, 0, 0, 0, 0, 0, 0, 0, 0, 0, 0, 0, 0, 0, 0, 0, 0, 0, 0, 0, 0, 0, 0, 0, 0, 0, 0, 0, 0, 0, 0, 0, 0, 0, 0, 0, 0, 0, 0, 0, 0, 0, 0, 0, 0, 0, 0, 0, 0, 0, 0, 0, 0, 0, 0, 0, 0, 0, 0, 0, 0, 0, 0, 0, 0, 0, 0, 0, 0, 0, 0, 0, 0, 0, 0, 0, 0, 0, 0, 0, 0, 0, 0, 0, 0, 0, 0, 0, 0, 0, 0, 0, 0, 0, 0, 0, 0, 0, 0, 0, 0, 0, 0, 0, 0, 0, 0, 0, 0, 0, 0, 0, 0, 0, 0, 0, 0, 0, 0, 0, 0, 0, 0, 0, 0, 0, 0, 0, 0, 0, 0, 0, 0, 0, 0, 0, 0, 0, 0, 0, 0, 0, 0, 0, 0, 0, 0, 0, 0, 0, 0, 0, 0, 0, 0, 0, 0, 0, 0, 0, 0, 0, 0, 0, 0, 0, 0, 0, 0, 0, 0, 0, 0, 0, 0, 0, 0, 0, 0, 0, 0, 0, 0, 0, 0, 0, 0, 0, 0, 0, 0, 0, 0, 0, 0, 0, 0, 0, 0, 0, 0, 0, 0, 0, 0, 0, 0, 0, 0, 0, 0, 0, 0, 0, 0, 0, 0, 0, 0, 0, 0, 0, 0, 0, 0, 0, 0, 0, 0, 0, 0, 0, 0, 0, 0, 0, 0, 0, 0, 0, 0, 0, 0, 0, 0, 0, 0, 0, 0, 0, 0, 0, 0, 0, 0, 0, 0, 0, 0, 0, 0, 0, 0, 0, 0, 0, 0, 0, 0, 0, 0, 0, 0, 0, 0, 0, 0, 0, 0, 0, 0, 0, 0, 0, 0, 0, 0, 0, 0, 0, 0, 0, 0, 0, 0, 0, 0, 0, 0, 0, 0, 0, 0, 0, 0, 0, 0, 0, 0, 0, 0, 0, 0, 0, 0, 0, 0, 0, 0, 0, 0, 0, 0, 0, 0, 0, 0, 0, 0, 0, 0, 0, 0, 0, 0, 0, 0, 0, 0, 0, 0, 0, 0, 0, 0, 0, 0, 0, 0, 0, 0, 0, 0, 0, 0, 0, 0, 0, 0, 0, 0, 0, 0, 0, 0, 0, 0, 0, 0, 0, 0, 0, 0, 0, 0, 0, 0, 0, 0, 0, 0, 0, 0, 0, 0, 0, 0, 0, 0, 0, 0, 0, 0, 0, 0, 0, 0, 0, 0, 0, 0, 0, 0, 0, 0, 0, 0, 0, 0, 0, 0, 0, 0, 0, 0, 0, 0, 243, 187, 132, 208, 243, 187, 133, 255, 219, 186, 132, 199, 215, 186, 132, 255, 215, 186, 132, 255, 215, 186, 132, 255, 215, 186, 132, 255, 215, 185, 131, 245, 179, 139, 96, 244, 177, 136, 95, 255, 177, 136, 95, 255, 177, 136, 95, 255, 177, 136, 95, 255, 177, 136, 95, 255, 177, 136, 95, 255, 177, 136, 95, 255, 177, 136, 95, 255, 177, 136, 95, 255, 177, 136, 95, 255, 177, 136, 95, 255, 177, 136, 95, 255, 177, 136, 95, 255, 177, 136, 95, 255, 182, 144, 100, 227, 214, 185, 130, 223, 215, 186, 132, 255, 215, 186, 132, 255, 215, 186, 132, 255, 215, 186, 132, 255, 215, 186, 132, 255, 215, 186, 132, 255, 215, 186, 132, 255, 215, 186, 132, 255, 215, 186, 132, 255, 215, 186, 132, 255, 215, 186, 132, 255, 215, 186, 132, 255, 215, 186, 132, 255, 215, 186, 132, 255, 215, 186, 132, 255, 215, 186, 132, 255, 215, 186, 132, 255, 215, 186, 132, 255, 215, 186, 132, 255, 215, 186, 132, 255, 215, 186, 132, 255, 215, 186, 132, 255, 215, 186, 132, 255, 215, 186, 132, 255, 215, 186, 132, 255, 215, 186, 132, 255, 215, 186, 132, 255, 215, 186, 132, 255, 215, 186, 132, 255, 216, 187, 131, 167, 255, 255, 128, 2, 0, 0, 0, 0, 0, 0, 0, 0, 0, 0, 0, 0, 0, 0, 0, 0, 0, 0, 0, 0, 0, 0, 0, 0, 0, 0, 0, 0, 0, 0, 0, 0, 0, 0, 0, 0, 0, 0, 0, 0, 0, 0, 0, 0, 0, 0, 0, 0, 0, 0, 0, 0, 0, 0, 0, 0, 0, 0, 0, 0, 0, 0, 0, 0, 0, 0, 0, 0, 0, 0, 0, 0, 0, 0, 0, 0, 0, 0, 0, 0, 0, 0, 0, 0, 0, 0, 0, 0, 0, 0, 0, 0, 0, 0, 0, 0, 0, 0, 0, 0, 0, 0, 0, 0, 0, 0, 0, 0, 0, 0, 0, 0, 0, 0, 0, 0, 0, 0, 0, 0, 0, 0, 0, 0, 0, 0, 0, 0, 0, 0, 0, 0, 0, 0, 0, 0, 0, 0, 0, 0, 0, 0, 0, 0, 0, 0, 0, 0, 0, 0, 0, 0, 0, 0, 0, 0, 0, 0, 0, 0, 0, 0, 0, 0, 0, 0, 0, 0, 0, 0, 0, 0, 0, 0, 0, 0, 0, 0, 0, 0, 0, 0, 0, 0, 0, 0, 0, 0, 0, 0, 0, 0, 0, 0, 0, 0, 0, 0, 0, 0, 0, 0, 0, 0, 0, 0, 0, 0, 0, 0, 0, 0, 0, 0, 0, 0, 0, 0, 0, 0, 0, 0, 0, 0, 0, 0, 0, 0, 0, 0, 0, 0, 0, 0, 0, 0, 0, 0, 0, 0, 0, 0, 0, 0, 0, 0, 0, 0, 0, 0, 0, 0, 0, 0, 0, 0, 0, 0, 0, 0, 0, 0, 0, 0, 0, 0, 0, 0, 0, 0, 0, 0, 0, 0, 0, 0, 0, 0, 0, 0, 0, 0, 0, 0, 0, 0, 0, 0, 0, 0, 0, 0, 0, 0, 0, 0, 0, 0, 0, 0, 0, 0, 0, 0, 0, 0, 0, 0, 0, 0, 0, 0, 0, 0, 0, 0, 0, 0, 0, 0, 0, 0, 0, 0, 0, 0, 0, 0, 0, 0, 0, 0, 0, 0, 0, 0, 0, 0, 0, 0, 0, 0, 0, 0, 0, 0, 0, 0, 0, 0, 0, 0, 0, 0, 0, 0, 0, 0, 0, 0, 0, 0, 0, 0, 0, 0, 0, 0, 0, 0, 0, 0, 0, 0, 0, 0, 0, 0, 0, 0, 0, 0, 0, 0, 0, 0, 0, 0, 0, 0, 0, 0, 0, 0, 0, 0, 0, 0, 0, 0, 0, 0, 0, 0, 0, 0, 0, 0, 0, 0, 0, 0, 0, 0, 0, 0, 0, 0, 0, 0, 0, 0, 0, 0, 0, 0, 0, 0, 0, 0, 0, 0, 0, 0, 0, 0, 0, 0, 0, 0, 0, 0, 0, 0, 0, 0, 0, 0, 0, 0, 0, 0, 0, 0, 0, 0, 0, 0, 0, 0, 0, 0, 0, 0, 0, 0, 0, 0, 0, 0, 0, 0, 0, 0, 0, 0, 0, 0, 0, 0, 0, 0, 0, 0, 0, 0, 0, 0, 0, 0, 0, 0, 0, 0, 0, 0, 0, 0, 0, 0, 0, 0, 0, 0, 0, 0, 0, 0, 0, 0, 0, 0, 0, 0, 0, 0, 0, 0, 0, 0, 0, 0, 0, 0, 0, 0, 0, 0, 0, 0, 0, 0, 0, 0, 0, 0, 0, 0, 0, 0, 255, 186, 139, 11, 243, 187, 132, 253, 236, 186, 132, 207, 215, 186, 132, 255, 215, 186, 132, 255, 215, 186, 132, 255, 215, 186, 132, 255, 215, 186, 132, 255, 210, 178, 126, 197, 177, 136, 95, 255, 177, 136, 95, 255, 177, 136, 95, 255, 177, 136, 95, 255, 177, 136, 95, 255, 177, 136, 95, 255, 177, 136, 95, 255, 177, 136, 95, 255, 177, 136, 95, 255, 177, 136, 95, 255, 177, 136, 95, 255, 177, 136, 95, 255, 177, 136, 95, 255, 177, 136, 95, 255, 177, 136, 95, 255, 177, 136, 95, 255, 180, 140, 97, 238, 213, 182, 130, 210, 215, 186, 132, 255, 215, 186, 132, 255, 215, 186, 132, 255, 215, 186, 132, 255, 215, 186, 132, 255, 215, 186, 132, 255, 215, 186, 132, 255, 215, 186, 132, 255, 215, 186, 132, 255, 215, 186, 132, 255, 215, 186, 132, 255, 215, 186, 132, 255, 215, 186, 132, 255, 215, 186, 132, 255, 215, 186, 132, 255, 215, 186, 132, 255, 215, 186, 132, 255, 215, 186, 132, 255, 215, 186, 132, 255, 215, 186, 132, 255, 215, 186, 132, 255, 215, 186, 132, 255, 215, 186, 132, 255, 215, 186, 132, 255, 215, 186, 132, 255, 215, 186, 132, 255, 215, 186, 132, 255, 215, 186, 132, 255, 215, 186, 132, 255, 216, 186, 131, 148, 255, 255, 255, 1, 0, 0, 0, 0, 0, 0, 0, 0, 0, 0, 0, 0, 0, 0, 0, 0, 0, 0, 0, 0, 0, 0, 0, 0, 0, 0, 0, 0, 0, 0, 0, 0, 0, 0, 0, 0, 0, 0, 0, 0, 0, 0, 0, 0, 0, 0, 0, 0, 0, 0, 0, 0, 0, 0, 0, 0, 0, 0, 0, 0, 0, 0, 0, 0, 0, 0, 0, 0, 0, 0, 0, 0, 0, 0, 0, 0, 0, 0, 0, 0, 0, 0, 0, 0, 0, 0, 0, 0, 0, 0, 0, 0, 0, 0, 0, 0, 0, 0, 0, 0, 0, 0, 0, 0, 0, 0, 0, 0, 0, 0, 0, 0, 0, 0, 0, 0, 0, 0, 0, 0, 0, 0, 0, 0, 0, 0, 0, 0, 0, 0, 0, 0, 0, 0, 0, 0, 0, 0, 0, 0, 0, 0, 0, 0, 0, 0, 0, 0, 0, 0, 0, 0, 0, 0, 0, 0, 0, 0, 0, 0, 0, 0, 0, 0, 0, 0, 0, 0, 0, 0, 0, 0, 0, 0, 0, 0, 0, 0, 0, 0, 0, 0, 0, 0, 0, 0, 0, 0, 0, 0, 0, 0, 0, 0, 0, 0, 0, 0, 0, 0, 0, 0, 0, 0, 0, 0, 0, 0, 0, 0, 0, 0, 0, 0, 0, 0, 0, 0, 0, 0, 0, 0, 0, 0, 0, 0, 0, 0, 0, 0, 0, 0, 0, 0, 0, 0, 0, 0, 0, 0, 0, 0, 0, 0, 0, 0, 0, 0, 0, 0, 0, 0, 0, 0, 0, 0, 0, 0, 0, 0, 0, 0, 0, 0, 0, 0, 0, 0, 0, 0, 0, 0, 0, 0, 0, 0, 0, 0, 0, 0, 0, 0, 0, 0, 0, 0, 0, 0, 0, 0, 0, 0, 0, 0, 0, 0, 0, 0, 0, 0, 0, 0, 0, 0, 0, 0, 0, 0, 0, 0, 0, 0, 0, 0, 0, 0, 0, 0, 0, 0, 0, 0, 0, 0, 0, 0, 0, 0, 0, 0, 0, 0, 0, 0, 0, 0, 0, 0, 0, 0, 0, 0, 0, 0, 0, 0, 0, 0, 0, 0, 0, 0, 0, 0, 0, 0, 0, 0, 0, 0, 0, 0, 0, 0, 0, 0, 0, 0, 0, 0, 0, 0, 0, 0, 0, 0, 0, 0, 0, 0, 0, 0, 0, 0, 0, 0, 0, 0, 0, 0, 0, 0, 0, 0, 0, 0, 0, 0, 0, 0, 0, 0, 0, 0, 0, 0, 0, 0, 0, 0, 0, 0, 0, 0, 0, 0, 0, 0, 0, 0, 0, 0, 0, 0, 0, 0, 0, 0, 0, 0, 0, 0, 0, 0, 0, 0, 0, 0, 0, 0, 0, 0, 0, 0, 0, 0, 0, 0, 0, 0, 0, 0, 0, 0, 0, 0, 0, 0, 0, 0, 0, 0, 0, 0, 0, 0, 0, 0, 0, 0, 0, 0, 0, 0, 0, 0, 0, 0, 0, 0, 0, 0, 0, 0, 0, 0, 0, 0, 0, 0, 0, 0, 0, 0, 0, 0, 0, 0, 0, 0, 0, 0, 0, 0, 0, 0, 0, 0, 0, 0, 0, 0, 0, 0, 0, 0, 0, 0, 0, 0, 0, 0, 0, 0, 0, 0, 0, 0, 0, 0, 0, 0, 0, 0, 0, 0, 243, 189, 132, 62, 243, 187, 133, 255, 216, 187, 131, 216, 215, 186, 132, 255, 215, 186, 132, 255, 215, 186, 132, 255, 215, 186, 132, 255, 215, 186, 132, 255, 196, 161, 112, 195, 177, 136, 95, 255, 177, 136, 95, 255, 177, 136, 95, 255, 177, 136, 95, 255, 177, 136, 95, 255, 177, 136, 95, 255, 177, 136, 95, 255, 177, 136, 95, 255, 177, 136, 95, 255, 177, 136, 95, 255, 177, 136, 95, 255, 177, 136, 95, 255, 177, 136, 95, 255, 177, 136, 95, 255, 177, 136, 95, 255, 177, 136, 95, 255, 177, 136, 95, 255, 178, 138, 96, 248, 210, 178, 127, 199, 215, 186, 132, 255, 215, 186, 132, 255, 215, 186, 132, 255, 215, 186, 132, 255, 215, 186, 132, 255, 215, 186, 132, 255, 215, 186, 132, 255, 215, 186, 132, 255, 215, 186, 132, 255, 215, 186, 132, 255, 215, 186, 132, 255, 215, 186, 132, 255, 215, 186, 132, 255, 215, 186, 132, 255, 215, 186, 132, 255, 215, 186, 132, 255, 215, 186, 132, 255, 215, 186, 132, 255, 215, 186, 132, 255, 215, 186, 132, 255, 215, 186, 132, 255, 215, 186, 132, 255, 215, 186, 132, 255, 215, 186, 132, 255, 215, 186, 132, 255, 215, 186, 132, 255, 215, 186, 132, 255, 215, 186, 132, 255, 215, 186, 132, 255, 215, 186, 132, 126, 0, 0, 0, 0, 0, 0, 0, 0, 0, 0, 0, 0, 0, 0, 0, 0, 0, 0, 0, 0, 0, 0, 0, 0, 0, 0, 0, 0, 0, 0, 0, 0, 0, 0, 0, 0, 0, 0, 0, 0, 0, 0, 0, 0, 0, 0, 0, 0, 0, 0, 0, 0, 0, 0, 0, 0, 0, 0, 0, 0, 0, 0, 0, 0, 0, 0, 0, 0, 0, 0, 0, 0, 0, 0, 0, 0, 0, 0, 0, 0, 0, 0, 0, 0, 0, 0, 0, 0, 0, 0, 0, 0, 0, 0, 0, 0, 0, 0, 0, 0, 0, 0, 0, 0, 0, 0, 0, 0, 0, 0, 0, 0, 0, 0, 0, 0, 0, 0, 0, 0, 0, 0, 0, 0, 0, 0, 0, 0, 0, 0, 0, 0, 0, 0, 0, 0, 0, 0, 0, 0, 0, 0, 0, 0, 0, 0, 0, 0, 0, 0, 0, 0, 0, 0, 0, 0, 0, 0, 0, 0, 0, 0, 0, 0, 0, 0, 0, 0, 0, 0, 0, 0, 0, 0, 0, 0, 0, 0, 0, 0, 0, 0, 0, 0, 0, 0, 0, 0, 0, 0, 0, 0, 0, 0, 0, 0, 0, 0, 0, 0, 0, 0, 0, 0, 0, 0, 0, 0, 0, 0, 0, 0, 0, 0, 0, 0, 0, 0, 0, 0, 0, 0, 0, 0, 0, 0, 0, 0, 0, 0, 0, 0, 0, 0, 0, 0, 0, 0, 0, 0, 0, 0, 0, 0, 0, 0, 0, 0, 0, 0, 0, 0, 0, 0, 0, 0, 0, 0, 0, 0, 0, 0, 0, 0, 0, 0, 0, 0, 0, 0, 0, 0, 0, 0, 0, 0, 0, 0, 0, 0, 0, 0, 0, 0, 0, 0, 0, 0, 0, 0, 0, 0, 0, 0, 0, 0, 0, 0, 0, 0, 0, 0, 0, 0, 0, 0, 0, 0, 0, 0, 0, 0, 0, 0, 0, 0, 0, 0, 0, 0, 0, 0, 0, 0, 0, 0, 0, 0, 0, 0, 0, 0, 0, 0, 0, 0, 0, 0, 0, 0, 0, 0, 0, 0, 0, 0, 0, 0, 0, 0, 0, 0, 0, 0, 0, 0, 0, 0, 0, 0, 0, 0, 0, 0, 0, 0, 0, 0, 0, 0, 0, 0, 0, 0, 0, 0, 0, 0, 0, 0, 0, 0, 0, 0, 0, 0, 0, 0, 0, 0, 0, 0, 0, 0, 0, 0, 0, 0, 0, 0, 0, 0, 0, 0, 0, 0, 0, 0, 0, 0, 0, 0, 0, 0, 0, 0, 0, 0, 0, 0, 0, 0, 0, 0, 0, 0, 0, 0, 0, 0, 0, 0, 0, 0, 0, 0, 0, 0, 0, 0, 0, 0, 0, 0, 0, 0, 0, 0, 0, 0, 0, 0, 0, 0, 0, 0, 0, 0, 0, 0, 0, 0, 0, 0, 0, 0, 0, 0, 0, 0, 0, 0, 0, 0, 0, 0, 0, 0, 0, 0, 0, 0, 0, 0, 0, 0, 0, 0, 0, 0, 0, 0, 0, 0, 0, 0, 0, 0, 0, 0, 0, 0, 0, 0, 0, 0, 0, 0, 0, 0, 0, 0, 0, 0, 0, 0, 0, 0, 0, 0, 0, 0, 0, 0, 0, 0, 0, 0, 0, 0, 0, 0, 0, 0, 0, 0, 245, 188, 133, 117, 232, 186, 132, 203, 215, 186, 132, 255, 215, 186, 132, 255, 215, 186, 132, 255, 215, 186, 132, 255, 215, 186, 132, 255, 215, 186, 132, 255, 182, 143, 99, 229, 177, 136, 95, 255, 177, 136, 95, 255, 177, 136, 95, 255, 177, 136, 95, 255, 177, 136, 95, 255, 177, 136, 95, 255, 177, 136, 95, 255, 177, 136, 95, 255, 177, 136, 95, 255, 177, 136, 95, 255, 177, 136, 95, 255, 177, 136, 95, 255, 177, 136, 95, 255, 177, 136, 95, 255, 177, 136, 95, 255, 177, 136, 95, 255, 177, 136, 95, 255, 177, 136, 95, 255, 177, 136, 94, 254, 207, 176, 124, 196, 215, 186, 132, 255, 215, 186, 132, 255, 215, 186, 132, 255, 215, 186, 132, 255, 215, 186, 132, 255, 215, 186, 132, 255, 215, 186, 132, 255, 215, 186, 132, 255, 215, 186, 132, 255, 215, 186, 132, 255, 215, 186, 132, 255, 215, 186, 132, 255, 215, 186, 132, 255, 215, 186, 132, 255, 215, 186, 132, 255, 215, 186, 132, 255, 215, 186, 132, 255, 215, 186, 132, 255, 215, 186, 132, 255, 215, 186, 132, 255, 215, 186, 132, 255, 215, 186, 132, 255, 215, 186, 132, 255, 215, 186, 132, 255, 215, 186, 132, 255, 215, 186, 132, 255, 215, 186, 132, 255, 215, 186, 132, 255, 215, 186, 132, 255, 214, 185, 132, 106, 0, 0, 0, 0, 0, 0, 0, 0, 0, 0, 0, 0, 0, 0, 0, 0, 0, 0, 0, 0, 0, 0, 0, 0, 0, 0, 0, 0, 0, 0, 0, 0, 0, 0, 0, 0, 0, 0, 0, 0, 0, 0, 0, 0, 0, 0, 0, 0, 0, 0, 0, 0, 0, 0, 0, 0, 0, 0, 0, 0, 0, 0, 0, 0, 0, 0, 0, 0, 0, 0, 0, 0, 0, 0, 0, 0, 0, 0, 0, 0, 0, 0, 0, 0, 0, 0, 0, 0, 0, 0, 0, 0, 0, 0, 0, 0, 0, 0, 0, 0, 0, 0, 0, 0, 0, 0, 0, 0, 0, 0, 0, 0, 0, 0, 0, 0, 0, 0, 0, 0, 0, 0, 0, 0, 0, 0, 0, 0, 0, 0, 0, 0, 0, 0, 0, 0, 0, 0, 0, 0, 0, 0, 0, 0, 0, 0, 0, 0, 0, 0, 0, 0, 0, 0, 0, 0, 0, 0, 0, 0, 0, 0, 0, 0, 0, 0, 0, 0, 0, 0, 0, 0, 0, 0, 0, 0, 0, 0, 0, 0, 0, 0, 0, 0, 0, 0, 0, 0, 0, 0, 0, 0, 0, 0, 0, 0, 0, 0, 0, 0, 0, 0, 0, 0, 0, 0, 0, 0, 0, 0, 0, 0, 0, 0, 0, 0, 0, 0, 0, 0, 0, 0, 0, 0, 0, 0, 0, 0, 0, 0, 0, 0, 0, 0, 0, 0, 0, 0, 0, 0, 0, 0, 0, 0, 0, 0, 0, 0, 0, 0, 0, 0, 0, 0, 0, 0, 0, 0, 0, 0, 0, 0, 0, 0, 0, 0, 0, 0, 0, 0, 0, 0, 0, 0, 0, 0, 0, 0, 0, 0, 0, 0, 0, 0, 0, 0, 0, 0, 0, 0, 0, 0, 0, 0, 0, 0, 0, 0, 0, 0, 0, 0, 0, 0, 0, 0, 0, 0, 0, 0, 0, 0, 0, 0, 0, 0, 0, 0, 0, 0, 0, 0, 0, 0, 0, 0, 0, 0, 0, 0, 0, 0, 0, 0, 0, 0, 0, 0, 0, 0, 0, 0, 0, 0, 0, 0, 0, 0, 0, 0, 0, 0, 0, 0, 0, 0, 0, 0, 0, 0, 0, 0, 0, 0, 0, 0, 0, 0, 0, 0, 0, 0, 0, 0, 0, 0, 0, 0, 0, 0, 0, 0, 0, 0, 0, 0, 0, 0, 0, 0, 0, 0, 0, 0, 0, 0, 0, 0, 0, 0, 0, 0, 0, 0, 0, 0, 0, 0, 0, 0, 0, 0, 0, 0, 0, 0, 0, 0, 0, 0, 0, 0, 0, 0, 0, 0, 0, 0, 0, 0, 0, 0, 0, 0, 0, 0, 0, 0, 0, 0, 0, 0, 0, 0, 0, 0, 0, 0, 0, 0, 0, 0, 0, 0, 0, 0, 0, 0, 0, 0, 0, 0, 0, 0, 0, 0, 0, 0, 0, 0, 0, 0, 0, 0, 0, 0, 0, 0, 0, 0, 0, 0, 0, 0, 0, 0, 0, 0, 0, 0, 0, 0, 0, 0, 0, 0, 0, 0, 0, 0, 0, 0, 0, 0, 0, 0, 0, 0, 0, 0, 0, 0, 0, 0, 0, 0, 0, 0, 0, 0, 0, 0, 0, 0, 0, 0, 0, 0, 0, 0, 0, 0, 244, 187, 133, 171, 218, 186, 132, 210, 215, 186, 132, 255, 215, 186, 132, 255, 215, 186, 132, 255, 215, 186, 132, 255, 215, 186, 132, 255, 213, 185, 131, 228, 177, 136, 95, 255, 177, 136, 95, 255, 177, 136, 95, 255, 177, 136, 95, 255, 177, 136, 95, 255, 177, 136, 95, 255, 177, 136, 95, 255, 177, 136, 95, 255, 177, 136, 95, 255, 177, 136, 95, 255, 177, 136, 95, 255, 177, 136, 95, 255, 177, 136, 95, 255, 177, 136, 95, 255, 177, 136, 95, 255, 177, 136, 95, 255, 177, 136, 95, 255, 177, 136, 95, 255, 177, 136, 95, 255, 177, 136, 95, 255, 177, 136, 94, 254, 207, 176, 124, 196, 215, 186, 132, 255, 215, 186, 132, 255, 215, 186, 132, 255, 215, 186, 132, 255, 215, 186, 132, 255, 215, 186, 132, 255, 215, 186, 132, 255, 215, 186, 132, 255, 215, 186, 132, 255, 215, 186, 132, 255, 215, 186, 132, 255, 215, 186, 132, 255, 215, 186, 132, 255, 215, 186, 132, 255, 215, 186, 132, 255, 215, 186, 132, 255, 215, 186, 132, 255, 215, 186, 132, 255, 215, 186, 132, 255, 215, 186, 132, 255, 215, 186, 132, 255, 215, 186, 132, 255, 215, 186, 132, 255, 215, 186, 132, 255, 215, 186, 132, 255, 215, 186, 132, 255, 215, 186, 132, 255, 215, 186, 132, 255, 215, 186, 132, 254, 214, 185, 132, 87, 0, 0, 0, 0, 0, 0, 0, 0, 0, 0, 0, 0, 0, 0, 0, 0, 0, 0, 0, 0, 0, 0, 0, 0, 0, 0, 0, 0, 0, 0, 0, 0, 0, 0, 0, 0, 0, 0, 0, 0, 0, 0, 0, 0, 0, 0, 0, 0, 0, 0, 0, 0, 0, 0, 0, 0, 0, 0, 0, 0, 0, 0, 0, 0, 0, 0, 0, 0, 0, 0, 0, 0, 0, 0, 0, 0, 0, 0, 0, 0, 0, 0, 0, 0, 0, 0, 0, 0, 0, 0, 0, 0, 0, 0, 0, 0, 0, 0, 0, 0, 0, 0, 0, 0, 0, 0, 0, 0, 0, 0, 0, 0, 0, 0, 0, 0, 0, 0, 0, 0, 0, 0, 0, 0, 0, 0, 0, 0, 0, 0, 0, 0, 0, 0, 0, 0, 0, 0, 0, 0, 0, 0, 0, 0, 0, 0, 0, 0, 0, 0, 0, 0, 0, 0, 0, 0, 0, 0, 0, 0, 0, 0, 0, 0, 0, 0, 0, 0, 0, 0, 0, 0, 0, 0, 0, 0, 0, 0, 0, 0, 0, 0, 0, 0, 0, 0, 0, 0, 0, 0, 0, 0, 0, 0, 0, 0, 0, 0, 0, 0, 0, 0, 0, 0, 0, 0, 0, 0, 0, 0, 0, 0, 0, 0, 0, 0, 0, 0, 0, 0, 0, 0, 0, 0, 0, 0, 0, 0, 0, 0, 0, 0, 0, 0, 0, 0, 0, 0, 0, 0, 0, 0, 0, 0, 0, 0, 0, 0, 0, 0, 0, 0, 0, 0, 0, 0, 0, 0, 0, 0, 0, 0, 0, 0, 0, 0, 0, 0, 0, 0, 0, 0, 0, 0, 0, 0, 0, 0, 0, 0, 0, 0, 0, 0, 0, 0, 0, 0, 0, 0, 0, 0, 0, 0, 0, 0, 0, 0, 0, 0, 0, 0, 0, 0, 0, 0, 0, 0, 0, 0, 0, 0, 0, 0, 0, 0, 0, 0, 0, 0, 0, 0, 0, 0, 0, 0, 0, 0, 0, 0, 0, 0, 0, 0, 0, 0, 0, 0, 0, 0, 0, 0, 0, 0, 0, 0, 0, 0, 0, 0, 0, 0, 0, 0, 0, 0, 0, 0, 0, 0, 0, 0, 0, 0, 0, 0, 0, 0, 0, 0, 0, 0, 0, 0, 0, 0, 0, 0, 0, 0, 0, 0, 0, 0, 0, 0, 0, 0, 0, 0, 0, 0, 0, 0, 0, 0, 0, 0, 0, 0, 0, 0, 0, 0, 0, 0, 0, 0, 0, 0, 0, 0, 0, 0, 0, 0, 0, 0, 0, 0, 0, 0, 0, 0, 0, 0, 0, 0, 0, 0, 0, 0, 0, 0, 0, 0, 0, 0, 0, 0, 0, 0, 0, 0, 0, 0, 0, 0, 0, 0, 0, 0, 0, 0, 0, 0, 0, 0, 0, 0, 0, 0, 0, 0, 0, 0, 0, 0, 0, 0, 0, 0, 0, 0, 0, 0, 0, 0, 0, 0, 0, 0, 0, 0, 0, 0, 0, 0, 0, 0, 0, 0, 0, 0, 0, 0, 0, 0, 0, 0, 0, 0, 0, 0, 0, 0, 0, 0, 0, 0, 0, 0, 0, 0, 0, 0, 0, 0, 0, 0, 0, 0, 0, 0, 0, 0, 0, 0, 233, 186, 134, 185, 215, 186, 132, 255, 215, 186, 132, 255, 215, 186, 132, 255, 215, 186, 132, 255, 215, 186, 132, 255, 215, 186, 132, 255, 210, 179, 127, 201, 177, 136, 95, 255, 177, 136, 95, 255, 177, 136, 95, 255, 177, 136, 95, 255, 177, 136, 95, 255, 177, 136, 95, 255, 177, 136, 95, 255, 177, 136, 95, 255, 177, 136, 95, 255, 177, 136, 95, 255, 177, 136, 95, 255, 177, 136, 95, 255, 177, 136, 95, 255, 177, 136, 95, 255, 177, 136, 95, 255, 177, 136, 95, 255, 177, 136, 95, 255, 177, 136, 95, 255, 177, 136, 95, 255, 177, 136, 95, 255, 177, 136, 95, 255, 177, 136, 94, 254, 207, 176, 124, 196, 215, 186, 132, 255, 215, 186, 132, 255, 215, 186, 132, 255, 215, 186, 132, 255, 215, 186, 132, 255, 215, 186, 132, 255, 215, 186, 132, 255, 215, 186, 132, 255, 215, 186, 132, 255, 215, 186, 132, 255, 215, 186, 132, 255, 215, 186, 132, 255, 215, 186, 132, 255, 215, 186, 132, 255, 215, 186, 132, 255, 215, 186, 132, 255, 215, 186, 132, 255, 215, 186, 132, 255, 215, 186, 132, 255, 215, 186, 132, 255, 215, 186, 132, 255, 215, 186, 132, 255, 215, 186, 132, 255, 215, 186, 132, 255, 215, 186, 132, 255, 215, 186, 132, 255, 215, 186, 132, 255, 215, 186, 132, 255, 215, 186, 132, 250, 215, 186, 131, 70, 0, 0, 0, 0, 0, 0, 0, 0, 0, 0, 0, 0, 0, 0, 0, 0, 0, 0, 0, 0, 0, 0, 0, 0, 0, 0, 0, 0, 0, 0, 0, 0, 0, 0, 0, 0, 0, 0, 0, 0, 0, 0, 0, 0, 0, 0, 0, 0, 0, 0, 0, 0, 0, 0, 0, 0, 0, 0, 0, 0, 0, 0, 0, 0, 0, 0, 0, 0, 0, 0, 0, 0, 0, 0, 0, 0, 0, 0, 0, 0, 0, 0, 0, 0, 0, 0, 0, 0, 0, 0, 0, 0, 0, 0, 0, 0, 0, 0, 0, 0, 0, 0, 0, 0, 0, 0, 0, 0, 0, 0, 0, 0, 0, 0, 0, 0, 0, 0, 0, 0, 0, 0, 0, 0, 0, 0, 0, 0, 0, 0, 0, 0, 0, 0, 0, 0, 0, 0, 0, 0, 0, 0, 0, 0, 0, 0, 0, 0, 0, 0, 0, 0, 0, 0, 0, 0, 0, 0, 0, 0, 0, 0, 0, 0, 0, 0, 0, 0, 0, 0, 0, 0, 0, 0, 0, 0, 0, 0, 0, 0, 0, 0, 0, 0, 0, 0, 0, 0, 0, 0, 0, 0, 0, 0, 0, 0, 0, 0, 0, 0, 0, 0, 0, 0, 0, 0, 0, 0, 0, 0, 0, 0, 0, 0, 0, 0, 0, 0, 0, 0, 0, 0, 0, 0, 0, 0, 0, 0, 0, 0, 0, 0, 0, 0, 0, 0, 0, 0, 0, 0, 0, 0, 0, 0, 0, 0, 0, 0, 0, 0, 0, 0, 0, 0, 0, 0, 0, 0, 0, 0, 0, 0, 0, 0, 0, 0, 0, 0, 0, 0, 0, 0, 0, 0, 0, 0, 0, 0, 0, 0, 0, 0, 0, 0, 0, 0, 0, 0, 0, 0, 0, 0, 0, 0, 0, 0, 0, 0, 0, 0, 0, 0, 0, 0, 0, 0, 0, 0, 0, 0, 0, 0, 0, 0, 0, 0, 0, 0, 0, 0, 0, 0, 0, 0, 0, 0, 0, 0, 0, 0, 0, 0, 0, 0, 0, 0, 0, 0, 0, 0, 0, 0, 0, 0, 0, 0, 0, 0, 0, 0, 0, 0, 0, 0, 0, 0, 0, 0, 0, 0, 0, 0, 0, 0, 0, 0, 0, 0, 0, 0, 0, 0, 0, 0, 0, 0, 0, 0, 0, 0, 0, 0, 0, 0, 0, 0, 0, 0, 0, 0, 0, 0, 0, 0, 0, 0, 0, 0, 0, 0, 0, 0, 0, 0, 0, 0, 0, 0, 0, 0, 0, 0, 0, 0, 0, 0, 0, 0, 0, 0, 0, 0, 0, 0, 0, 0, 0, 0, 0, 0, 0, 0, 0, 0, 0, 0, 0, 0, 0, 0, 0, 0, 0, 0, 0, 0, 0, 0, 0, 0, 0, 0, 0, 0, 0, 0, 0, 0, 0, 0, 0, 0, 0, 0, 0, 0, 0, 0, 0, 0, 0, 0, 0, 0, 0, 0, 0, 0, 0, 0, 0, 0, 0, 0, 0, 0, 0, 0, 0, 0, 0, 0, 0, 0, 0, 0, 0, 0, 0, 0, 0, 0, 0, 0, 0, 0, 0, 0, 0, 0, 0, 0, 0, 0, 0, 0, 0, 0, 0, 0, 245, 192, 128, 24, 218, 186, 131, 204, 215, 186, 132, 255, 215, 186, 132, 255, 215, 186, 132, 255, 215, 186, 132, 255, 215, 186, 132, 255, 215, 186, 132, 255, 202, 169, 120, 192, 177, 136, 95, 255, 177, 136, 95, 255, 177, 136, 95, 255, 177, 136, 95, 255, 177, 136, 95, 255, 177, 136, 95, 255, 177, 136, 95, 255, 177, 136, 95, 255, 177, 136, 95, 255, 177, 136, 95, 255, 177, 136, 95, 255, 177, 136, 95, 255, 177, 136, 95, 255, 177, 136, 95, 255, 177, 136, 95, 255, 177, 136, 95, 255, 177, 136, 95, 255, 177, 136, 95, 255, 177, 136, 95, 255, 177, 136, 95, 255, 177, 136, 95, 255, 177, 136, 95, 255, 177, 136, 94, 254, 209, 178, 125, 198, 215, 186, 132, 255, 215, 186, 132, 255, 215, 186, 132, 255, 215, 186, 132, 255, 215, 186, 132, 255, 215, 186, 132, 255, 215, 186, 132, 255, 215, 186, 132, 255, 215, 186, 132, 255, 215, 186, 132, 255, 215, 186, 132, 255, 215, 186, 132, 255, 215, 186, 132, 255, 215, 186, 132, 255, 215, 186, 132, 255, 215, 186, 132, 255, 215, 186, 132, 255, 215, 186, 132, 255, 215, 186, 132, 255, 215, 186, 132, 255, 215, 186, 132, 255, 215, 186, 132, 255, 215, 186, 132, 255, 215, 186, 132, 255, 215, 186, 132, 255, 215, 186, 132, 255, 215, 186, 132, 255, 215, 186, 132, 255, 214, 186, 131, 243, 217, 189, 133, 46, 0, 0, 0, 0, 0, 0, 0, 0, 0, 0, 0, 0, 0, 0, 0, 0, 0, 0, 0, 0, 0, 0, 0, 0, 0, 0, 0, 0, 0, 0, 0, 0, 0, 0, 0, 0, 0, 0, 0, 0, 0, 0, 0, 0, 0, 0, 0, 0, 0, 0, 0, 0, 0, 0, 0, 0, 0, 0, 0, 0, 0, 0, 0, 0, 0, 0, 0, 0, 0, 0, 0, 0, 0, 0, 0, 0, 0, 0, 0, 0, 0, 0, 0, 0, 0, 0, 0, 0, 0, 0, 0, 0, 0, 0, 0, 0, 0, 0, 0, 0, 0, 0, 0, 0, 0, 0, 0, 0, 0, 0, 0, 0, 0, 0, 0, 0, 0, 0, 0, 0, 0, 0, 0, 0, 0, 0, 0, 0, 0, 0, 0, 0, 0, 0, 0, 0, 0, 0, 0, 0, 0, 0, 0, 0, 0, 0, 0, 0, 0, 0, 0, 0, 0, 0, 0, 0, 0, 0, 0, 0, 0, 0, 0, 0, 0, 0, 0, 0, 0, 0, 0, 0, 0, 0, 0, 0, 0, 0, 0, 0, 0, 0, 0, 0, 0, 0, 0, 0, 0, 0, 0, 0, 0, 0, 0, 0, 0, 0, 0, 0, 0, 0, 0, 0, 0, 0, 0, 0, 0, 0, 0, 0, 0, 0, 0, 0, 0, 0, 0, 0, 0, 0, 0, 0, 0, 0, 0, 0, 0, 0, 0, 0, 0, 0, 0, 0, 0, 0, 0, 0, 0, 0, 0, 0, 0, 0, 0, 0, 0, 0, 0, 0, 0, 0, 0, 0, 0, 0, 0, 0, 0, 0, 0, 0, 0, 0, 0, 0, 0, 0, 0, 0, 0, 0, 0, 0, 0, 0, 0, 0, 0, 0, 0, 0, 0, 0, 0, 0, 0, 0, 0, 0, 0, 0, 0, 0, 0, 0, 0, 0, 0, 0, 0, 0, 0, 0, 0, 0, 0, 0, 0, 0, 0, 0, 0, 0, 0, 0, 0, 0, 0, 0, 0, 0, 0, 0, 0, 0, 0, 0, 0, 0, 0, 0, 0, 0, 0, 0, 0, 0, 0, 0, 0, 0, 0, 0, 0, 0, 0, 0, 0, 0, 0, 0, 0, 0, 0, 0, 0, 0, 0, 0, 0, 0, 0, 0, 0, 0, 0, 0, 0, 0, 0, 0, 0, 0, 0, 0, 0, 0, 0, 0, 0, 0, 0, 0, 0, 0, 0, 0, 0, 0, 0, 0, 0, 0, 0, 0, 0, 0, 0, 0, 0, 0, 0, 0, 0, 0, 0, 0, 0, 0, 0, 0, 0, 0, 0, 0, 0, 0, 0, 0, 0, 0, 0, 0, 0, 0, 0, 0, 0, 0, 0, 0, 0, 0, 0, 0, 0, 0, 0, 0, 0, 0, 0, 0, 0, 0, 0, 0, 0, 0, 0, 0, 0, 0, 0, 0, 0, 0, 0, 0, 0, 0, 0, 0, 0, 0, 0, 0, 0, 0, 0, 0, 0, 0, 0, 0, 0, 0, 0, 0, 0, 0, 0, 0, 0, 0, 0, 0, 0, 0, 0, 0, 0, 0, 0, 0, 0, 0, 0, 0, 0, 0, 0, 0, 0, 0, 0, 0, 0, 0, 0, 0, 0, 0, 224, 185, 133, 73, 215, 186, 132, 255, 215, 186, 132, 255, 215, 186, 132, 255, 215, 186, 132, 255, 215, 186, 132, 255, 215, 186, 132, 255, 215, 186, 132, 255, 192, 156, 110, 199, 177, 136, 95, 255, 177, 136, 95, 255, 177, 136, 95, 255, 177, 136, 95, 255, 177, 136, 95, 255, 177, 136, 95, 255, 177, 136, 95, 255, 177, 136, 95, 255, 177, 136, 95, 255, 177, 136, 95, 255, 177, 136, 95, 255, 177, 136, 95, 255, 177, 136, 95, 255, 177, 136, 95, 255, 177, 136, 95, 255, 177, 136, 95, 255, 177, 136, 95, 255, 177, 136, 95, 255, 177, 136, 95, 255, 177, 136, 95, 255, 177, 136, 95, 255, 177, 136, 95, 255, 177, 136, 95, 255, 178, 137, 96, 250, 211, 182, 129, 208, 215, 186, 132, 255, 215, 186, 132, 255, 215, 186, 132, 255, 215, 186, 132, 255, 215, 186, 132, 255, 215, 186, 132, 255, 215, 186, 132, 255, 215, 186, 132, 255, 215, 186, 132, 255, 215, 186, 132, 255, 215, 186, 132, 255, 215, 186, 132, 255, 215, 186, 132, 255, 215, 186, 132, 255, 215, 186, 132, 255, 215, 186, 132, 255, 215, 186, 132, 255, 215, 186, 132, 255, 215, 186, 132, 255, 215, 186, 132, 255, 215, 186, 132, 255, 215, 186, 132, 255, 215, 186, 132, 255, 215, 186, 132, 255, 215, 186, 132, 255, 215, 186, 132, 255, 215, 186, 132, 255, 215, 186, 132, 255, 215, 185, 132, 226, 213, 192, 128, 24, 0, 0, 0, 0, 0, 0, 0, 0, 0, 0, 0, 0, 0, 0, 0, 0, 0, 0, 0, 0, 0, 0, 0, 0, 0, 0, 0, 0, 0, 0, 0, 0, 0, 0, 0, 0, 0, 0, 0, 0, 0, 0, 0, 0, 0, 0, 0, 0, 0, 0, 0, 0, 0, 0, 0, 0, 0, 0, 0, 0, 0, 0, 0, 0, 0, 0, 0, 0, 0, 0, 0, 0, 0, 0, 0, 0, 0, 0, 0, 0, 0, 0, 0, 0, 0, 0, 0, 0, 0, 0, 0, 0, 0, 0, 0, 0, 0, 0, 0, 0, 0, 0, 0, 0, 0, 0, 0, 0, 0, 0, 0, 0, 0, 0, 0, 0, 0, 0, 0, 0, 0, 0, 0, 0, 0, 0, 0, 0, 0, 0, 0, 0, 0, 0, 0, 0, 0, 0, 0, 0, 0, 0, 0, 0, 0, 0, 0, 0, 0, 0, 0, 0, 0, 0, 0, 0, 0, 0, 0, 0, 0, 0, 0, 0, 0, 0, 0, 0, 0, 0, 0, 0, 0, 0, 0, 0, 0, 0, 0, 0, 0, 0, 0, 0, 0, 0, 0, 0, 0, 0, 0, 0, 0, 0, 0, 0, 0, 0, 0, 0, 0, 0, 0, 0, 0, 0, 0, 0, 0, 0, 0, 0, 0, 0, 0, 0, 0, 0, 0, 0, 0, 0, 0, 0, 0, 0, 0, 0, 0, 0, 0, 0, 0, 0, 0, 0, 0, 0, 0, 0, 0, 0, 0, 0, 0, 0, 0, 0, 0, 0, 0, 0, 0, 0, 0, 0, 0, 0, 0, 0, 0, 0, 0, 0, 0, 0, 0, 0, 0, 0, 0, 0, 0, 0, 0, 0, 0, 0, 0, 0, 0, 0, 0, 0, 0, 0, 0, 0, 0, 0, 0, 0, 0, 0, 0, 0, 0, 0, 0, 0, 0, 0, 0, 0, 0, 0, 0, 0, 0, 0, 0, 0, 0, 0, 0, 0, 0, 0, 0, 0, 0, 0, 0, 0, 0, 0, 0, 0, 0, 0, 0, 0, 0, 0, 0, 0, 0, 0, 0, 0, 0, 0, 0, 0, 0, 0, 0, 0, 0, 0, 0, 0, 0, 0, 0, 0, 0, 0, 0, 0, 0, 0, 0, 0, 0, 0, 0, 0, 0, 0, 0, 0, 0, 0, 0, 0, 0, 0, 0, 0, 0, 0, 0, 0, 0, 0, 0, 0, 0, 0, 0, 0, 0, 0, 0, 0, 0, 0, 0, 0, 0, 0, 0, 0, 0, 0, 0, 0, 0, 0, 0, 0, 0, 0, 0, 0, 0, 0, 0, 0, 0, 0, 0, 0, 0, 0, 0, 0, 0, 0, 0, 0, 0, 0, 0, 0, 0, 0, 0, 0, 0, 0, 0, 0, 0, 0, 0, 0, 0, 0, 0, 0, 0, 0, 0, 0, 0, 0, 0, 0, 0, 0, 0, 0, 0, 0, 0, 0, 0, 0, 0, 0, 0, 0, 0, 0, 0, 0, 0, 0, 0, 0, 0, 0, 0, 0, 0, 0, 0, 0, 0, 0, 0, 0, 0, 0, 0, 0, 0, 0, 0, 0, 0, 0, 0, 0, 0, 0, 0, 0, 0, 0, 215, 186, 131, 121, 215, 186, 132, 255, 215, 186, 132, 255, 215, 186, 132, 255, 215, 186, 132, 255, 215, 186, 132, 255, 215, 186, 132, 255, 215, 186, 132, 255, 186, 148, 103, 216, 177, 136, 95, 255, 177, 136, 95, 255, 177, 136, 95, 255, 177, 136, 95, 255, 177, 136, 95, 255, 177, 136, 95, 255, 177, 136, 95, 255, 177, 136, 95, 255, 177, 136, 95, 255, 177, 136, 95, 255, 177, 136, 95, 255, 177, 136, 95, 255, 177, 136, 95, 255, 177, 136, 95, 255, 177, 136, 95, 255, 177, 136, 95, 255, 177, 136, 95, 255, 177, 136, 95, 255, 177, 136, 95, 255, 177, 136, 95, 255, 177, 136, 95, 255, 177, 136, 95, 255, 177, 136, 95, 255, 177, 136, 95, 255, 179, 139, 97, 240, 214, 184, 130, 221, 215, 186, 132, 255, 215, 186, 132, 255, 215, 186, 132, 255, 215, 186, 132, 255, 215, 186, 132, 255, 215, 186, 132, 255, 215, 186, 132, 255, 215, 186, 132, 255, 215, 186, 132, 255, 215, 186, 132, 255, 215, 186, 132, 255, 215, 186, 132, 255, 215, 186, 132, 255, 215, 186, 132, 255, 215, 186, 132, 255, 215, 186, 132, 255, 215, 186, 132, 255, 215, 186, 132, 255, 215, 186, 132, 255, 215, 186, 132, 255, 215, 186, 132, 255, 215, 186, 132, 255, 215, 186, 132, 255, 215, 186, 132, 255, 215, 186, 132, 255, 215, 186, 132, 255, 215, 186, 132, 255, 215, 186, 132, 255, 215, 186, 131, 202, 230, 179, 128, 10, 0, 0, 0, 0, 0, 0, 0, 0, 0, 0, 0, 0, 0, 0, 0, 0, 0, 0, 0, 0, 0, 0, 0, 0, 0, 0, 0, 0, 0, 0, 0, 0, 0, 0, 0, 0, 0, 0, 0, 0, 0, 0, 0, 0, 0, 0, 0, 0, 0, 0, 0, 0, 0, 0, 0, 0, 0, 0, 0, 0, 0, 0, 0, 0, 0, 0, 0, 0, 0, 0, 0, 0, 0, 0, 0, 0, 0, 0, 0, 0, 0, 0, 0, 0, 0, 0, 0, 0, 0, 0, 0, 0, 0, 0, 0, 0, 0, 0, 0, 0, 0, 0, 0, 0, 0, 0, 0, 0, 0, 0, 0, 0, 0, 0, 0, 0, 0, 0, 0, 0, 0, 0, 0, 0, 0, 0, 0, 0, 0, 0, 0, 0, 0, 0, 0, 0, 0, 0, 0, 0, 0, 0, 0, 0, 0, 0, 0, 0, 0, 0, 0, 0, 0, 0, 0, 0, 0, 0, 0, 0, 0, 0, 0, 0, 0, 0, 0, 0, 0, 0, 0, 0, 0, 0, 0, 0, 0, 0, 0, 0, 0, 0, 0, 0, 0, 0, 0, 0, 0, 0, 0, 0, 0, 0, 0, 0, 0, 0, 0, 0, 0, 0, 0, 0, 0, 0, 0, 0, 0, 0, 0, 0, 0, 0, 0, 0, 0, 0, 0, 0, 0, 0, 0, 0, 0, 0, 0, 0, 0, 0, 0, 0, 0, 0, 0, 0, 0, 0, 0, 0, 0, 0, 0, 0, 0, 0, 0, 0, 0, 0, 0, 0, 0, 0, 0, 0, 0, 0, 0, 0, 0, 0, 0, 0, 0, 0, 0, 0, 0, 0, 0, 0, 0, 0, 0, 0, 0, 0, 0, 0, 0, 0, 0, 0, 0, 0, 0, 0, 0, 0, 0, 0, 0, 0, 0, 0, 0, 0, 0, 0, 0, 0, 0, 0, 0, 0, 0, 0, 0, 0, 0, 0, 0, 0, 0, 0, 0, 0, 0, 0, 0, 0, 0, 0, 0, 0, 0, 0, 0, 0, 0, 0, 0, 0, 0, 0, 0, 0, 0, 0, 0, 0, 0, 0, 0, 0, 0, 0, 0, 0, 0, 0, 0, 0, 0, 0, 0, 0, 0, 0, 0, 0, 0, 0, 0, 0, 0, 0, 0, 0, 0, 0, 0, 0, 0, 0, 0, 0, 0, 0, 0, 0, 0, 0, 0, 0, 0, 0, 0, 0, 0, 0, 0, 0, 0, 0, 0, 0, 0, 0, 0, 0, 0, 0, 0, 0, 0, 0, 0, 0, 0, 0, 0, 0, 0, 0, 0, 0, 0, 0, 0, 0, 0, 0, 0, 0, 0, 0, 0, 0, 0, 0, 0, 0, 0, 0, 0, 0, 0, 0, 0, 0, 0, 0, 0, 0, 0, 0, 0, 0, 0, 0, 0, 0, 0, 0, 0, 0, 0, 0, 0, 0, 0, 0, 0, 0, 0, 0, 0, 0, 0, 0, 0, 0, 0, 0, 0, 0, 0, 0, 0, 0, 0, 0, 0, 0, 0, 0, 0, 0, 0, 0, 0, 0, 0, 0, 0, 0, 0, 0, 0, 0, 0, 0, 0, 0, 0, 0, 216, 186, 132, 155, 215, 186, 132, 255, 215, 186, 132, 255, 215, 186, 132, 255, 215, 186, 132, 255, 215, 186, 132, 255, 215, 186, 132, 255, 215, 186, 132, 255, 182, 142, 99, 232, 177, 136, 95, 255, 177, 136, 95, 255, 177, 136, 95, 255, 177, 136, 95, 255, 177, 136, 95, 255, 177, 136, 95, 255, 177, 136, 95, 255, 177, 136, 95, 255, 177, 136, 95, 255, 177, 136, 95, 255, 177, 136, 95, 255, 177, 136, 95, 255, 177, 136, 95, 255, 177, 136, 95, 255, 177, 136, 95, 255, 177, 136, 95, 255, 177, 136, 95, 255, 177, 136, 95, 255, 177, 136, 95, 255, 177, 136, 95, 255, 177, 136, 95, 255, 177, 136, 95, 255, 177, 136, 95, 255, 177, 136, 95, 255, 177, 136, 95, 255, 183, 142, 99, 228, 215, 186, 131, 235, 215, 186, 132, 255, 215, 186, 132, 255, 215, 186, 132, 255, 215, 186, 132, 255, 215, 186, 132, 255, 215, 186, 132, 255, 215, 186, 132, 255, 215, 186, 132, 255, 215, 186, 132, 255, 215, 186, 132, 255, 215, 186, 132, 255, 215, 186, 132, 255, 215, 186, 132, 255, 215, 186, 132, 255, 215, 186, 132, 255, 215, 186, 132, 255, 215, 186, 132, 255, 215, 186, 132, 255, 215, 186, 132, 255, 215, 186, 132, 255, 215, 186, 132, 255, 215, 186, 132, 255, 215, 186, 132, 255, 215, 186, 132, 255, 215, 186, 132, 255, 215, 186, 132, 255, 215, 186, 132, 255, 215, 186, 132, 255, 215, 186, 132, 170, 255, 255, 128, 2, 0, 0, 0, 0, 0, 0, 0, 0, 0, 0, 0, 0, 0, 0, 0, 0, 0, 0, 0, 0, 0, 0, 0, 0, 0, 0, 0, 0, 0, 0, 0, 0, 0, 0, 0, 0, 0, 0, 0, 0, 0, 0, 0, 0, 0, 0, 0, 0, 0, 0, 0, 0, 0, 0, 0, 0, 0, 0, 0, 0, 0, 0, 0, 0, 0, 0, 0, 0, 0, 0, 0, 0, 0, 0, 0, 0, 0, 0, 0, 0, 0, 0, 0, 0, 0, 0, 0, 0, 0, 0, 0, 0, 0, 0, 0, 0, 0, 0, 0, 0, 0, 0, 0, 0, 0, 0, 0, 0, 0, 0, 0, 0, 0, 0, 0, 0, 0, 0, 0, 0, 0, 0, 0, 0, 0, 0, 0, 0, 0, 0, 0, 0, 0, 0, 0, 0, 0, 0, 0, 0, 0, 0, 0, 0, 0, 0, 0, 0, 0, 0, 0, 0, 0, 0, 0, 0, 0, 0, 0, 0, 0, 0, 0, 0, 0, 0, 0, 0, 0, 0, 0, 0, 0, 0, 0, 0, 0, 0, 0, 0, 0, 0, 0, 0, 0, 0, 0, 0, 0, 0, 0, 0, 0, 0, 0, 0, 0, 0, 0, 0, 0, 0, 0, 0, 0, 0, 0, 0, 0, 0, 0, 0, 0, 0, 0, 0, 0, 0, 0, 0, 0, 0, 0, 0, 0, 0, 0, 0, 0, 0, 0, 0, 0, 0, 0, 0, 0, 0, 0, 0, 0, 0, 0, 0, 0, 0, 0, 0, 0, 0, 0, 0, 0, 0, 0, 0, 0, 0, 0, 0, 0, 0, 0, 0, 0, 0, 0, 0, 0, 0, 0, 0, 0, 0, 0, 0, 0, 0, 0, 0, 0, 0, 0, 0, 0, 0, 0, 0, 0, 0, 0, 0, 0, 0, 0, 0, 0, 0, 0, 0, 0, 0, 0, 0, 0, 0, 0, 0, 0, 0, 0, 0, 0, 0, 0, 0, 0, 0, 0, 0, 0, 0, 0, 0, 0, 0, 0, 0, 0, 0, 0, 0, 0, 0, 0, 0, 0, 0, 0, 0, 0, 0, 0, 0, 0, 0, 0, 0, 0, 0, 0, 0, 0, 0, 0, 0, 0, 0, 0, 0, 0, 0, 0, 0, 0, 0, 0, 0, 0, 0, 0, 0, 0, 0, 0, 0, 0, 0, 0, 0, 0, 0, 0, 0, 0, 0, 0, 0, 0, 0, 0, 0, 0, 0, 0, 0, 0, 0, 0, 0, 0, 0, 0, 0, 0, 0, 0, 0, 0, 0, 0, 0, 0, 0, 0, 0, 0, 0, 0, 0, 0, 0, 0, 0, 0, 0, 0, 0, 0, 0, 0, 0, 0, 0, 0, 0, 0, 0, 0, 0, 0, 0, 0, 0, 0, 0, 0, 0, 0, 0, 0, 0, 0, 0, 0, 0, 0, 0, 0, 0, 0, 0, 0, 0, 0, 0, 0, 0, 0, 0, 0, 0, 0, 0, 0, 0, 0, 0, 0, 0, 0, 0, 0, 0, 0, 0, 0, 0, 0, 0, 0, 0, 0, 0, 0, 0, 0, 0, 0, 0, 0, 0, 0, 0, 215, 186, 131, 189, 215, 186, 132, 255, 215, 186, 132, 255, 215, 186, 132, 255, 215, 186, 132, 255, 215, 186, 132, 255, 215, 186, 132, 255, 215, 186, 132, 255, 177, 136, 94, 251, 177, 136, 95, 255, 177, 136, 95, 255, 177, 136, 95, 255, 177, 136, 95, 255, 177, 136, 95, 255, 177, 136, 95, 255, 177, 136, 95, 255, 177, 136, 95, 255, 177, 136, 95, 255, 177, 136, 95, 255, 177, 136, 95, 255, 177, 136, 95, 255, 177, 136, 95, 255, 177, 136, 95, 255, 177, 136, 95, 255, 177, 136, 95, 255, 177, 136, 95, 255, 177, 136, 95, 255, 177, 136, 95, 255, 177, 136, 95, 255, 177, 136, 95, 255, 177, 136, 95, 255, 177, 136, 95, 255, 177, 136, 95, 255, 177, 136, 95, 255, 177, 136, 95, 255, 189, 152, 106, 207, 215, 186, 131, 253, 215, 186, 132, 255, 215, 186, 132, 255, 215, 186, 132, 255, 215, 186, 132, 255, 215, 186, 132, 255, 215, 186, 132, 255, 215, 186, 132, 255, 215, 186, 132, 255, 215, 186, 132, 255, 215, 186, 132, 255, 215, 186, 132, 255, 215, 186, 132, 255, 215, 186, 132, 255, 215, 186, 132, 255, 215, 186, 132, 255, 215, 186, 132, 255, 215, 186, 132, 255, 215, 186, 132, 255, 215, 186, 132, 255, 215, 186, 132, 255, 215, 186, 132, 255, 215, 186, 132, 255, 215, 186, 132, 255, 215, 186, 132, 255, 215, 186, 132, 255, 215, 186, 132, 255, 215, 186, 132, 255, 215, 186, 132, 255, 215, 186, 131, 132, 0, 0, 0, 0, 0, 0, 0, 0, 0, 0, 0, 0, 0, 0, 0, 0, 0, 0, 0, 0, 0, 0, 0, 0, 0, 0, 0, 0, 0, 0, 0, 0, 0, 0, 0, 0, 0, 0, 0, 0, 0, 0, 0, 0, 0, 0, 0, 0, 0, 0, 0, 0, 0, 0, 0, 0, 0, 0, 0, 0, 0, 0, 0, 0, 0, 0, 0, 0, 0, 0, 0, 0, 0, 0, 0, 0, 0, 0, 0, 0, 0, 0, 0, 0, 0, 0, 0, 0, 0, 0, 0, 0, 0, 0, 0, 0, 0, 0, 0, 0, 0, 0, 0, 0, 0, 0, 0, 0, 0, 0, 0, 0, 0, 0, 0, 0, 0, 0, 0, 0, 0, 0, 0, 0, 0, 0, 0, 0, 0, 0, 0, 0, 0, 0, 0, 0, 0, 0, 0, 0, 0, 0, 0, 0, 0, 0, 0, 0, 0, 0, 0, 0, 0, 0, 0, 0, 0, 0, 0, 0, 0, 0, 0, 0, 0, 0, 0, 0, 0, 0, 0, 0, 0, 0, 0, 0, 0, 0, 0, 0, 0, 0, 0, 0, 0, 0, 0, 0, 0, 0, 0, 0, 0, 0, 0, 0, 0, 0, 0, 0, 0, 0, 0, 0, 0, 0, 0, 0, 0, 0, 0, 0, 0, 0, 0, 0, 0, 0, 0, 0, 0, 0, 0, 0, 0, 0, 0, 0, 0, 0, 0, 0, 0, 0, 0, 0, 0, 0, 0, 0, 0, 0, 0, 0, 0, 0, 0, 0, 0, 0, 0, 0, 0, 0, 0, 0, 0, 0, 0, 0, 0, 0, 0, 0, 0, 0, 0, 0, 0, 0, 0, 0, 0, 0, 0, 0, 0, 0, 0, 0, 0, 0, 0, 0, 0, 0, 0, 0, 0, 0, 0, 0, 0, 0, 0, 0, 0, 0, 0, 0, 0, 0, 0, 0, 0, 0, 0, 0, 0, 0, 0, 0, 0, 0, 0, 0, 0, 0, 0, 0, 0, 0, 0, 0, 0, 0, 0, 0, 0, 0, 0, 0, 0, 0, 0, 0, 0, 0, 0, 0, 0, 0, 0, 0, 0, 0, 0, 0, 0, 0, 0, 0, 0, 0, 0, 0, 0, 0, 0, 0, 255, 255, 255, 1, 255, 176, 128, 16, 215, 188, 134, 19, 230, 179, 128, 10, 255, 255, 128, 2, 0, 0, 0, 0, 0, 0, 0, 0, 0, 0, 0, 0, 0, 0, 0, 0, 0, 0, 0, 0, 0, 0, 0, 0, 0, 0, 0, 0, 0, 0, 0, 0, 0, 0, 0, 0, 0, 0, 0, 0, 0, 0, 0, 0, 0, 0, 0, 0, 0, 0, 0, 0, 0, 0, 0, 0, 0, 0, 0, 0, 0, 0, 0, 0, 0, 0, 0, 0, 0, 0, 0, 0, 0, 0, 0, 0, 0, 0, 0, 0, 0, 0, 0, 0, 0, 0, 0, 0, 0, 0, 0, 0, 0, 0, 0, 0, 0, 0, 0, 0, 0, 0, 0, 0, 0, 0, 0, 0, 0, 0, 0, 0, 0, 0, 0, 0, 0, 0, 0, 0, 0, 0, 0, 0, 215, 185, 132, 223, 215, 186, 132, 255, 215, 186, 132, 255, 215, 186, 132, 255, 215, 186, 132, 255, 215, 186, 132, 255, 215, 186, 132, 255, 215, 185, 131, 238, 177, 136, 95, 255, 177, 136, 95, 255, 177, 136, 95, 255, 177, 136, 95, 255, 177, 136, 95, 255, 177, 136, 95, 255, 177, 136, 95, 255, 177, 136, 95, 255, 177, 136, 95, 255, 177, 136, 95, 255, 177, 136, 95, 255, 177, 136, 95, 255, 177, 136, 95, 255, 177, 136, 95, 255, 177, 136, 95, 255, 177, 136, 95, 255, 177, 136, 95, 255, 177, 136, 95, 255, 177, 136, 95, 255, 177, 136, 95, 255, 177, 136, 95, 255, 177, 136, 95, 255, 177, 136, 95, 255, 177, 136, 95, 255, 177, 136, 95, 255, 177, 136, 95, 255, 177, 136, 95, 255, 177, 136, 95, 255, 201, 168, 117, 192, 215, 186, 132, 255, 215, 186, 132, 255, 215, 186, 132, 255, 215, 186, 132, 255, 215, 186, 132, 255, 215, 186, 132, 255, 215, 186, 132, 255, 215, 186, 132, 255, 215, 186, 132, 255, 215, 186, 132, 255, 215, 186, 132, 255, 215, 186, 132, 255, 215, 186, 132, 255, 215, 186, 132, 255, 215, 186, 132, 255, 215, 186, 132, 255, 215, 186, 132, 255, 215, 186, 132, 255, 215, 186, 132, 255, 215, 186, 132, 255, 215, 186, 132, 255, 215, 186, 132, 255, 215, 186, 132, 255, 215, 186, 132, 255, 215, 186, 132, 255, 215, 186, 132, 255, 215, 186, 132, 255, 215, 186, 132, 255, 215, 186, 132, 255, 215, 185, 132, 95, 0, 0, 0, 0, 0, 0, 0, 0, 0, 0, 0, 0, 0, 0, 0, 0, 0, 0, 0, 0, 0, 0, 0, 0, 0, 0, 0, 0, 0, 0, 0, 0, 0, 0, 0, 0, 0, 0, 0, 0, 0, 0, 0, 0, 0, 0, 0, 0, 0, 0, 0, 0, 0, 0, 0, 0, 0, 0, 0, 0, 0, 0, 0, 0, 0, 0, 0, 0, 0, 0, 0, 0, 0, 0, 0, 0, 0, 0, 0, 0, 0, 0, 0, 0, 0, 0, 0, 0, 0, 0, 0, 0, 0, 0, 0, 0, 0, 0, 0, 0, 0, 0, 0, 0, 0, 0, 0, 0, 0, 0, 0, 0, 0, 0, 0, 0, 0, 0, 0, 0, 0, 0, 0, 0, 0, 0, 0, 0, 0, 0, 0, 0, 0, 0, 0, 0, 0, 0, 0, 0, 0, 0, 0, 0, 0, 0, 0, 0, 0, 0, 0, 0, 0, 0, 0, 0, 0, 0, 0, 0, 0, 0, 0, 0, 0, 0, 0, 0, 0, 0, 0, 0, 0, 0, 0, 0, 0, 0, 0, 0, 0, 0, 0, 0, 0, 0, 0, 0, 0, 0, 0, 0, 0, 0, 0, 0, 0, 0, 0, 0, 0, 0, 0, 0, 0, 0, 0, 0, 0, 0, 0, 0, 0, 0, 0, 0, 0, 0, 0, 0, 0, 0, 0, 0, 0, 0, 0, 0, 0, 0, 0, 0, 0, 0, 0, 0, 0, 0, 0, 0, 0, 0, 0, 0, 0, 0, 0, 0, 0, 0, 0, 0, 0, 0, 0, 0, 0, 0, 0, 0, 0, 0, 0, 0, 0, 0, 0, 0, 0, 0, 0, 0, 0, 0, 0, 0, 0, 0, 0, 0, 0, 0, 0, 0, 0, 0, 0, 0, 0, 0, 0, 0, 0, 0, 0, 0, 0, 0, 0, 0, 0, 0, 0, 0, 0, 0, 0, 0, 0, 0, 0, 0, 0, 0, 0, 0, 255, 255, 128, 2, 247, 185, 132, 29, 244, 186, 131, 66, 243, 188, 133, 102, 243, 186, 132, 126, 243, 188, 132, 147, 243, 187, 132, 168, 243, 186, 132, 189, 243, 187, 132, 210, 243, 187, 132, 231, 243, 187, 132, 251, 243, 187, 131, 253, 215, 186, 132, 244, 215, 186, 132, 255, 215, 186, 132, 255, 215, 186, 131, 247, 215, 186, 132, 228, 214, 185, 132, 168, 216, 187, 131, 105, 218, 187, 131, 41, 255, 255, 255, 1, 0, 0, 0, 0, 0, 0, 0, 0, 0, 0, 0, 0, 0, 0, 0, 0, 0, 0, 0, 0, 0, 0, 0, 0, 0, 0, 0, 0, 0, 0, 0, 0, 0, 0, 0, 0, 0, 0, 0, 0, 0, 0, 0, 0, 0, 0, 0, 0, 0, 0, 0, 0, 0, 0, 0, 0, 0, 0, 0, 0, 0, 0, 0, 0, 0, 0, 0, 0, 0, 0, 0, 0, 0, 0, 0, 0, 0, 0, 0, 0, 0, 0, 0, 0, 0, 0, 0, 0, 0, 0, 0, 0, 0, 0, 0, 0, 255, 204, 153, 5, 215, 185, 132, 252, 215, 186, 132, 255, 215, 186, 132, 255, 215, 186, 132, 255, 215, 186, 132, 255, 215, 186, 132, 255, 215, 186, 132, 255, 213, 184, 129, 221, 177, 136, 95, 255, 177, 136, 95, 255, 177, 136, 95, 255, 177, 136, 95, 255, 177, 136, 95, 255, 177, 136, 95, 255, 177, 136, 95, 255, 177, 136, 95, 255, 177, 136, 95, 255, 177, 136, 95, 255, 177, 136, 95, 255, 177, 136, 95, 255, 177, 136, 95, 255, 177, 136, 95, 255, 177, 136, 95, 255, 177, 136, 95, 255, 177, 136, 95, 255, 177, 136, 95, 255, 177, 136, 95, 255, 177, 136, 95, 255, 177, 136, 95, 255, 177, 136, 95, 255, 177, 136, 95, 255, 177, 136, 95, 255, 177, 136, 95, 255, 177, 136, 95, 255, 177, 136, 95, 255, 177, 136, 95, 255, 177, 136, 95, 255, 212, 181, 128, 204, 215, 186, 132, 255, 215, 186, 132, 255, 215, 186, 132, 255, 215, 186, 132, 255, 215, 186, 132, 255, 215, 186, 132, 255, 215, 186, 132, 255, 215, 186, 132, 255, 215, 186, 132, 255, 215, 186, 132, 255, 215, 186, 132, 255, 215, 186, 132, 255, 215, 186, 132, 255, 215, 186, 132, 255, 215, 186, 132, 255, 215, 186, 132, 255, 215, 186, 132, 255, 215, 186, 132, 255, 215, 186, 132, 255, 215, 186, 132, 255, 215, 186, 132, 255, 215, 186, 132, 255, 215, 186, 132, 255, 215, 186, 132, 255, 215, 186, 132, 255, 215, 186, 132, 255, 215, 186, 132, 255, 215, 186, 132, 255, 215, 186, 132, 250, 214, 185, 132, 62, 0, 0, 0, 0, 0, 0, 0, 0, 0, 0, 0, 0, 0, 0, 0, 0, 0, 0, 0, 0, 0, 0, 0, 0, 0, 0, 0, 0, 0, 0, 0, 0, 0, 0, 0, 0, 0, 0, 0, 0, 0, 0, 0, 0, 0, 0, 0, 0, 0, 0, 0, 0, 0, 0, 0, 0, 0, 0, 0, 0, 0, 0, 0, 0, 0, 0, 0, 0, 0, 0, 0, 0, 0, 0, 0, 0, 0, 0, 0, 0, 0, 0, 0, 0, 0, 0, 0, 0, 0, 0, 0, 0, 0, 0, 0, 0, 0, 0, 0, 0, 0, 0, 0, 0, 0, 0, 0, 0, 0, 0, 0, 0, 0, 0, 0, 0, 0, 0, 0, 0, 0, 0, 0, 0, 0, 0, 0, 0, 0, 0, 0, 0, 0, 0, 0, 0, 0, 0, 0, 0, 0, 0, 0, 0, 0, 0, 0, 0, 0, 0, 0, 0, 0, 0, 0, 0, 0, 0, 0, 0, 0, 0, 0, 0, 0, 0, 0, 0, 0, 0, 0, 0, 0, 0, 0, 0, 0, 0, 0, 0, 0, 0, 0, 0, 0, 0, 0, 0, 0, 0, 0, 0, 0, 0, 0, 0, 0, 0, 0, 0, 0, 0, 0, 0, 0, 0, 0, 0, 0, 0, 0, 0, 0, 0, 0, 0, 0, 0, 0, 0, 0, 0, 0, 0, 0, 0, 0, 0, 0, 0, 0, 0, 0, 0, 0, 0, 0, 0, 0, 0, 0, 0, 0, 0, 0, 0, 0, 0, 0, 0, 0, 0, 0, 0, 0, 0, 0, 0, 0, 0, 0, 0, 0, 0, 0, 0, 0, 0, 0, 0, 0, 0, 0, 0, 0, 0, 0, 0, 0, 0, 0, 0, 0, 0, 0, 0, 0, 0, 255, 204, 128, 10, 243, 187, 132, 60, 243, 188, 133, 102, 243, 187, 133, 138, 244, 187, 133, 175, 243, 187, 132, 212, 243, 187, 132, 247, 243, 187, 133, 255, 243, 187, 133, 255, 243, 187, 133, 255, 243, 187, 133, 255, 243, 187, 133, 255, 243, 187, 133, 255, 243, 187, 133, 255, 243, 187, 133, 255, 243, 187, 133, 255, 243, 187, 133, 255, 243, 187, 133, 255, 217, 186, 132, 207, 215, 186, 132, 255, 215, 186, 132, 255, 215, 186, 132, 255, 215, 186, 132, 255, 215, 186, 132, 255, 215, 186, 132, 255, 215, 186, 132, 255, 215, 185, 132, 230, 214, 185, 132, 124, 224, 192, 128, 16, 0, 0, 0, 0, 0, 0, 0, 0, 0, 0, 0, 0, 0, 0, 0, 0, 0, 0, 0, 0, 0, 0, 0, 0, 0, 0, 0, 0, 0, 0, 0, 0, 0, 0, 0, 0, 0, 0, 0, 0, 0, 0, 0, 0, 0, 0, 0, 0, 0, 0, 0, 0, 0, 0, 0, 0, 0, 0, 0, 0, 0, 0, 0, 0, 0, 0, 0, 0, 0, 0, 0, 0, 0, 0, 0, 0, 0, 0, 0, 0, 0, 0, 0, 0, 0, 0, 0, 0, 218, 188, 135, 34, 215, 186, 132, 255, 215, 186, 132, 255, 215, 186, 132, 255, 215, 186, 132, 255, 215, 186, 132, 255, 215, 186, 132, 255, 215, 186, 132, 255, 212, 181, 129, 207, 177, 136, 95, 255, 177, 136, 95, 255, 177, 136, 95, 255, 177, 136, 95, 255, 177, 136, 95, 255, 177, 136, 95, 255, 177, 136, 95, 255, 177, 136, 95, 255, 177, 136, 95, 255, 177, 136, 95, 255, 177, 136, 95, 255, 177, 136, 95, 255, 177, 136, 95, 255, 177, 136, 95, 255, 177, 136, 95, 255, 177, 136, 95, 255, 177, 136, 95, 255, 177, 136, 95, 255, 177, 136, 95, 255, 177, 136, 95, 255, 177, 136, 95, 255, 177, 136, 95, 255, 177, 136, 95, 255, 177, 136, 95, 255, 177, 136, 95, 255, 177, 136, 95, 255, 177, 136, 95, 255, 177, 136, 95, 255, 177, 136, 95, 255, 180, 139, 97, 237, 214, 186, 130, 235, 215, 186, 132, 255, 215, 186, 132, 255, 215, 186, 132, 255, 215, 186, 132, 255, 215, 186, 132, 255, 215, 186, 132, 255, 215, 186, 132, 255, 215, 186, 132, 255, 215, 186, 132, 255, 215, 186, 132, 255, 215, 186, 132, 255, 215, 186, 132, 255, 215, 186, 132, 255, 215, 186, 132, 255, 215, 186, 132, 255, 215, 186, 132, 255, 215, 186, 132, 255, 215, 186, 132, 255, 215, 186, 132, 255, 215, 186, 132, 255, 215, 186, 132, 255, 215, 186, 132, 255, 215, 186, 132, 255, 215, 186, 132, 255, 215, 186, 132, 255, 215, 186, 132, 255, 215, 186, 132, 255, 215, 186, 132, 255, 214, 185, 131, 237, 220, 184, 135, 36, 0, 0, 0, 0, 0, 0, 0, 0, 0, 0, 0, 0, 0, 0, 0, 0, 0, 0, 0, 0, 0, 0, 0, 0, 0, 0, 0, 0, 0, 0, 0, 0, 0, 0, 0, 0, 0, 0, 0, 0, 0, 0, 0, 0, 0, 0, 0, 0, 0, 0, 0, 0, 0, 0, 0, 0, 0, 0, 0, 0, 0, 0, 0, 0, 0, 0, 0, 0, 0, 0, 0, 0, 0, 0, 0, 0, 0, 0, 0, 0, 0, 0, 0, 0, 0, 0, 0, 0, 0, 0, 0, 0, 0, 0, 0, 0, 0, 0, 0, 0, 0, 0, 0, 0, 0, 0, 0, 0, 0, 0, 0, 0, 0, 0, 0, 0, 0, 0, 0, 0, 0, 0, 0, 0, 0, 0, 0, 0, 0, 0, 0, 0, 0, 0, 0, 0, 0, 0, 0, 0, 0, 0, 0, 0, 0, 0, 0, 0, 0, 0, 0, 0, 0, 0, 0, 0, 0, 0, 0, 0, 0, 0, 0, 0, 0, 0, 0, 0, 0, 0, 0, 0, 0, 0, 0, 0, 0, 0, 0, 0, 0, 0, 0, 0, 0, 0, 0, 0, 0, 0, 0, 0, 0, 0, 0, 0, 0, 0, 0, 0, 0, 0, 0, 0, 0, 0, 0, 0, 0, 0, 0, 0, 0, 0, 0, 0, 0, 0, 0, 0, 0, 0, 0, 0, 0, 0, 0, 0, 0, 0, 0, 0, 0, 0, 0, 0, 0, 0, 0, 0, 0, 0, 0, 0, 0, 0, 0, 0, 0, 0, 0, 0, 0, 0, 0, 0, 0, 0, 0, 0, 0, 0, 0, 0, 255, 192, 128, 4, 244, 189, 133, 46, 243, 186, 133, 100, 244, 187, 132, 154, 243, 187, 132, 208, 243, 186, 133, 252, 243, 187, 133, 255, 243, 187, 133, 255, 243, 187, 133, 255, 243, 187, 133, 255, 243, 187, 133, 255, 243, 187, 133, 255, 243, 187, 133, 255, 243, 187, 133, 255, 243, 187, 133, 255, 243, 187, 133, 255, 243, 187, 133, 255, 243, 187, 133, 255, 243, 187, 133, 255, 243, 187, 133, 255, 243, 187, 133, 255, 243, 187, 133, 255, 243, 187, 133, 255, 224, 186, 132, 192, 215, 186, 132, 255, 215, 186, 132, 255, 215, 186, 132, 255, 215, 186, 132, 255, 215, 186, 132, 255, 215, 186, 132, 255, 215, 186, 132, 255, 215, 186, 132, 255, 215, 186, 132, 255, 215, 185, 131, 241, 215, 187, 131, 134, 219, 182, 134, 21, 0, 0, 0, 0, 0, 0, 0, 0, 0, 0, 0, 0, 0, 0, 0, 0, 0, 0, 0, 0, 0, 0, 0, 0, 0, 0, 0, 0, 0, 0, 0, 0, 0, 0, 0, 0, 0, 0, 0, 0, 0, 0, 0, 0, 0, 0, 0, 0, 0, 0, 0, 0, 0, 0, 0, 0, 0, 0, 0, 0, 0, 0, 0, 0, 0, 0, 0, 0, 0, 0, 0, 0, 0, 0, 0, 0, 0, 0, 0, 0, 214, 188, 131, 68, 215, 186, 132, 255, 215, 186, 132, 255, 215, 186, 132, 255, 215, 186, 132, 255, 215, 186, 132, 255, 215, 186, 132, 255, 215, 186, 132, 255, 209, 178, 126, 198, 177, 136, 95, 255, 177, 136, 95, 255, 177, 136, 95, 255, 177, 136, 95, 255, 177, 136, 95, 255, 177, 136, 95, 255, 177, 136, 95, 255, 177, 136, 95, 255, 177, 136, 95, 255, 177, 136, 95, 255, 177, 136, 95, 255, 177, 136, 95, 255, 177, 136, 95, 255, 177, 136, 95, 255, 177, 136, 95, 255, 177, 136, 95, 255, 177, 136, 95, 255, 177, 136, 95, 255, 177, 136, 95, 255, 177, 136, 95, 255, 177, 136, 95, 255, 177, 136, 95, 255, 177, 136, 95, 255, 177, 136, 95, 255, 177, 136, 95, 255, 177, 136, 95, 255, 177, 136, 95, 255, 177, 136, 95, 255, 177, 136, 95, 255, 177, 136, 95, 255, 194, 156, 110, 199, 215, 186, 132, 255, 215, 186, 132, 255, 215, 186, 132, 255, 215, 186, 132, 255, 215, 186, 132, 255, 215, 186, 132, 255, 215, 186, 132, 255, 215, 186, 132, 255, 215, 186, 132, 255, 215, 186, 132, 255, 215, 186, 132, 255, 215, 186, 132, 255, 215, 186, 132, 255, 215, 186, 132, 255, 215, 186, 132, 255, 215, 186, 132, 255, 215, 186, 132, 255, 215, 186, 132, 255, 215, 186, 132, 255, 215, 186, 132, 255, 215, 186, 132, 255, 215, 186, 132, 255, 215, 186, 132, 255, 215, 186, 132, 255, 215, 186, 132, 255, 215, 186, 132, 255, 215, 186, 132, 255, 215, 186, 132, 255, 215, 186, 132, 255, 215, 186, 132, 217, 225, 195, 135, 17, 0, 0, 0, 0, 0, 0, 0, 0, 0, 0, 0, 0, 0, 0, 0, 0, 0, 0, 0, 0, 0, 0, 0, 0, 0, 0, 0, 0, 0, 0, 0, 0, 0, 0, 0, 0, 0, 0, 0, 0, 0, 0, 0, 0, 0, 0, 0, 0, 0, 0, 0, 0, 0, 0, 0, 0, 0, 0, 0, 0, 0, 0, 0, 0, 0, 0, 0, 0, 0, 0, 0, 0, 0, 0, 0, 0, 0, 0, 0, 0, 0, 0, 0, 0, 0, 0, 0, 0, 0, 0, 0, 0, 0, 0, 0, 0, 0, 0, 0, 0, 0, 0, 0, 0, 0, 0, 0, 0, 0, 0, 0, 0, 0, 0, 0, 0, 0, 0, 0, 0, 0, 0, 0, 0, 0, 0, 0, 0, 0, 0, 0, 0, 0, 0, 0, 0, 0, 0, 0, 0, 0, 0, 0, 0, 0, 0, 0, 0, 0, 0, 0, 0, 0, 0, 0, 0, 0, 0, 0, 0, 0, 0, 0, 0, 0, 0, 0, 0, 0, 0, 0, 0, 0, 0, 0, 0, 0, 0, 0, 0, 0, 0, 0, 0, 0, 0, 0, 0, 0, 0, 0, 0, 0, 0, 0, 0, 0, 0, 0, 0, 0, 0, 0, 0, 0, 0, 0, 0, 0, 0, 0, 0, 0, 0, 0, 0, 0, 0, 0, 0, 0, 0, 0, 0, 0, 0, 0, 0, 0, 0, 0, 0, 0, 0, 0, 0, 0, 0, 0, 0, 0, 0, 0, 0, 255, 255, 128, 2, 246, 187, 132, 52, 243, 188, 133, 125, 244, 187, 133, 194, 243, 187, 132, 245, 243, 187, 133, 255, 243, 187, 133, 255, 243, 187, 133, 255, 243, 187, 133, 255, 243, 187, 133, 255, 243, 187, 133, 255, 243, 187, 133, 255, 243, 187, 133, 255, 243, 187, 133, 255, 243, 187, 133, 255, 243, 187, 133, 255, 243, 187, 133, 255, 243, 187, 133, 255, 243, 187, 133, 255, 243, 187, 133, 255, 243, 187, 133, 255, 243, 187, 133, 255, 243, 187, 133, 255, 243, 187, 133, 255, 243, 187, 133, 255, 243, 187, 133, 255, 243, 187, 133, 255, 231, 185, 132, 197, 215, 186, 132, 255, 215, 186, 132, 255, 215, 186, 132, 255, 215, 186, 132, 255, 215, 186, 132, 255, 215, 186, 132, 255, 215, 186, 132, 255, 215, 186, 132, 255, 215, 186, 132, 255, 215, 186, 132, 255, 215, 186, 132, 255, 215, 185, 131, 245, 216, 187, 131, 105, 255, 255, 255, 1, 0, 0, 0, 0, 0, 0, 0, 0, 0, 0, 0, 0, 0, 0, 0, 0, 0, 0, 0, 0, 0, 0, 0, 0, 0, 0, 0, 0, 0, 0, 0, 0, 0, 0, 0, 0, 0, 0, 0, 0, 0, 0, 0, 0, 0, 0, 0, 0, 0, 0, 0, 0, 0, 0, 0, 0, 0, 0, 0, 0, 0, 0, 0, 0, 0, 0, 0, 0, 0, 0, 0, 0, 215, 185, 133, 102, 215, 186, 132, 255, 215, 186, 132, 255, 215, 186, 132, 255, 215, 186, 132, 255, 215, 186, 132, 255, 215, 186, 132, 255, 215, 186, 132, 255, 205, 175, 122, 193, 177, 136, 95, 255, 177, 136, 95, 255, 177, 136, 95, 255, 177, 136, 95, 255, 177, 136, 95, 255, 177, 136, 95, 255, 177, 136, 95, 255, 177, 136, 95, 255, 177, 136, 95, 255, 177, 136, 95, 255, 177, 136, 95, 255, 177, 136, 95, 255, 177, 136, 95, 255, 177, 136, 95, 255, 177, 136, 95, 255, 177, 136, 95, 255, 177, 136, 95, 255, 177, 136, 95, 255, 177, 136, 95, 255, 177, 136, 95, 255, 177, 136, 95, 255, 177, 136, 95, 255, 177, 136, 95, 255, 177, 136, 95, 255, 177, 136, 95, 255, 177, 136, 95, 255, 177, 136, 95, 255, 177, 136, 95, 255, 177, 136, 95, 255, 177, 136, 95, 255, 177, 136, 95, 255, 210, 180, 127, 199, 215, 186, 132, 255, 215, 186, 132, 255, 215, 186, 132, 255, 215, 186, 132, 255, 215, 186, 132, 255, 215, 186, 132, 255, 215, 186, 132, 255, 215, 186, 132, 255, 215, 186, 132, 255, 215, 186, 132, 255, 215, 186, 132, 255, 215, 186, 132, 255, 215, 186, 132, 255, 215, 186, 132, 255, 215, 186, 132, 255, 215, 186, 132, 255, 215, 186, 132, 255, 215, 186, 132, 255, 215, 186, 132, 255, 215, 186, 132, 255, 215, 186, 132, 255, 215, 186, 132, 255, 215, 186, 132, 255, 215, 186, 132, 255, 215, 186, 132, 255, 215, 186, 132, 255, 215, 186, 132, 255, 215, 186, 132, 255, 215, 186, 132, 255, 215, 185, 132, 190, 213, 213, 128, 6, 0, 0, 0, 0, 0, 0, 0, 0, 0, 0, 0, 0, 0, 0, 0, 0, 0, 0, 0, 0, 0, 0, 0, 0, 0, 0, 0, 0, 0, 0, 0, 0, 0, 0, 0, 0, 0, 0, 0, 0, 0, 0, 0, 0, 0, 0, 0, 0, 0, 0, 0, 0, 0, 0, 0, 0, 0, 0, 0, 0, 0, 0, 0, 0, 0, 0, 0, 0, 0, 0, 0, 0, 0, 0, 0, 0, 0, 0, 0, 0, 0, 0, 0, 0, 0, 0, 0, 0, 0, 0, 0, 0, 0, 0, 0, 0, 0, 0, 0, 0, 0, 0, 0, 0, 0, 0, 0, 0, 0, 0, 0, 0, 0, 0, 0, 0, 0, 0, 0, 0, 0, 0, 0, 0, 0, 0, 0, 0, 0, 0, 0, 0, 0, 0, 0, 0, 0, 0, 0, 0, 0, 0, 0, 0, 0, 0, 0, 0, 0, 0, 0, 0, 0, 0, 0, 0, 0, 0, 0, 0, 0, 0, 0, 0, 0, 0, 0, 0, 0, 0, 0, 0, 0, 0, 0, 0, 0, 0, 0, 0, 0, 0, 0, 0, 0, 0, 0, 0, 0, 0, 0, 0, 0, 0, 0, 0, 0, 0, 0, 0, 0, 0, 0, 0, 0, 0, 0, 0, 0, 0, 0, 0, 0, 0, 0, 0, 0, 0, 0, 0, 0, 0, 0, 0, 0, 0, 0, 0, 255, 184, 128, 18, 244, 189, 133, 88, 243, 188, 132, 162, 243, 186, 132, 233, 243, 187, 133, 255, 243, 187, 133, 255, 243, 187, 133, 255, 243, 187, 133, 255, 243, 187, 133, 255, 243, 187, 133, 255, 243, 187, 133, 255, 243, 187, 133, 255, 243, 187, 133, 255, 243, 187, 133, 255, 243, 187, 133, 255, 243, 187, 133, 255, 243, 187, 133, 255, 243, 187, 133, 255, 243, 187, 133, 255, 243, 187, 133, 255, 243, 187, 133, 255, 243, 187, 133, 255, 243, 187, 133, 255, 243, 187, 133, 255, 243, 187, 133, 255, 243, 187, 133, 255, 243, 187, 133, 255, 243, 187, 133, 255, 243, 187, 133, 255, 243, 187, 133, 255, 232, 187, 132, 199, 215, 186, 132, 255, 215, 186, 132, 255, 215, 186, 132, 255, 215, 186, 132, 255, 215, 186, 132, 255, 215, 186, 132, 255, 215, 186, 132, 255, 215, 186, 132, 255, 215, 186, 132, 255, 215, 186, 132, 255, 215, 186, 132, 255, 215, 186, 132, 255, 215, 186, 132, 255, 216, 186, 131, 173, 225, 195, 135, 17, 0, 0, 0, 0, 0, 0, 0, 0, 0, 0, 0, 0, 0, 0, 0, 0, 0, 0, 0, 0, 0, 0, 0, 0, 0, 0, 0, 0, 0, 0, 0, 0, 0, 0, 0, 0, 0, 0, 0, 0, 0, 0, 0, 0, 0, 0, 0, 0, 0, 0, 0, 0, 0, 0, 0, 0, 0, 0, 0, 0, 0, 0, 0, 0, 0, 0, 0, 0, 216, 186, 131, 136, 215, 186, 132, 255, 215, 186, 132, 255, 215, 186, 132, 255, 215, 186, 132, 255, 215, 186, 132, 255, 215, 186, 132, 255, 215, 186, 132, 255, 202, 168, 118, 192, 177, 136, 95, 255, 177, 136, 95, 255, 177, 136, 95, 255, 177, 136, 95, 255, 177, 136, 95, 255, 177, 136, 95, 255, 177, 136, 95, 255, 177, 136, 95, 255, 177, 136, 95, 255, 177, 136, 95, 255, 177, 136, 95, 255, 177, 136, 95, 255, 177, 136, 95, 255, 177, 136, 95, 255, 177, 136, 95, 255, 177, 136, 95, 255, 177, 136, 95, 255, 177, 136, 95, 255, 177, 136, 95, 255, 177, 136, 95, 255, 177, 136, 95, 255, 177, 136, 95, 255, 177, 136, 95, 255, 177, 136, 95, 255, 177, 136, 95, 255, 177, 136, 95, 255, 177, 136, 95, 255, 177, 136, 95, 255, 177, 136, 95, 255, 177, 136, 95, 255, 177, 136, 95, 255, 179, 141, 96, 235, 214, 185, 131, 239, 215, 186, 132, 255, 215, 186, 132, 255, 215, 186, 132, 255, 215, 186, 132, 255, 215, 186, 132, 255, 215, 186, 132, 255, 215, 186, 132, 255, 215, 186, 132, 255, 215, 186, 132, 255, 215, 186, 132, 255, 215, 186, 132, 255, 215, 186, 132, 255, 215, 186, 132, 255, 215, 186, 132, 255, 215, 186, 132, 255, 215, 186, 132, 255, 215, 186, 132, 255, 215, 186, 132, 255, 215, 186, 132, 255, 215, 186, 132, 255, 215, 186, 132, 255, 215, 186, 132, 255, 215, 186, 132, 255, 215, 186, 132, 255, 215, 186, 132, 255, 215, 186, 132, 255, 215, 186, 131, 253, 211, 181, 129, 207, 194, 160, 122, 193, 171, 131, 110, 146, 255, 0, 0, 1, 0, 0, 0, 0, 0, 0, 0, 0, 0, 0, 0, 0, 0, 0, 0, 0, 0, 0, 0, 0, 0, 0, 0, 0, 0, 0, 0, 0, 0, 0, 0, 0, 0, 0, 0, 0, 0, 0, 0, 0, 0, 0, 0, 0, 0, 0, 0, 0, 0, 0, 0, 0, 0, 0, 0, 0, 0, 0, 0, 0, 0, 0, 0, 0, 0, 0, 0, 0, 0, 0, 0, 0, 0, 0, 0, 0, 0, 0, 0, 0, 0, 0, 0, 0, 0, 0, 0, 0, 0, 0, 0, 0, 0, 0, 0, 0, 0, 0, 0, 0, 0, 0, 0, 0, 0, 0, 0, 0, 0, 0, 0, 0, 0, 0, 0, 0, 0, 0, 0, 0, 0, 0, 0, 0, 0, 0, 0, 0, 0, 0, 0, 0, 0, 0, 0, 0, 0, 0, 0, 0, 0, 0, 0, 0, 0, 0, 0, 0, 0, 0, 0, 0, 0, 0, 0, 0, 0, 0, 0, 0, 0, 0, 0, 0, 0, 0, 0, 0, 0, 0, 0, 0, 0, 0, 0, 0, 0, 0, 0, 0, 0, 0, 0, 0, 0, 0, 0, 0, 0, 0, 0, 0, 0, 0, 0, 0, 0, 0, 0, 0, 0, 0, 0, 0, 0, 0, 0, 0, 0, 0, 0, 0, 243, 195, 134, 21, 244, 188, 132, 110, 243, 187, 132, 197, 243, 187, 132, 253, 243, 187, 133, 255, 243, 187, 133, 255, 243, 187, 133, 255, 243, 187, 133, 255, 243, 187, 133, 255, 243, 187, 133, 255, 243, 187, 133, 255, 243, 187, 133, 255, 243, 187, 133, 255, 243, 187, 133, 255, 243, 187, 133, 255, 243, 187, 133, 255, 243, 187, 133, 255, 243, 187, 133, 255, 243, 187, 133, 255, 243, 187, 133, 255, 243, 187, 133, 255, 243, 187, 133, 255, 243, 187, 133, 255, 243, 187, 133, 255, 243, 187, 133, 255, 243, 187, 133, 255, 243, 187, 133, 255, 243, 187, 133, 255, 243, 187, 133, 255, 243, 187, 133, 255, 243, 187, 133, 255, 243, 187, 133, 255, 243, 187, 133, 255, 233, 187, 132, 201, 215, 186, 132, 255, 215, 186, 132, 255, 215, 186, 132, 255, 215, 186, 132, 255, 215, 186, 132, 255, 215, 186, 132, 255, 215, 186, 132, 255, 215, 186, 132, 255, 215, 186, 132, 255, 215, 186, 132, 255, 215, 186, 132, 255, 215, 186, 132, 255, 215, 186, 132, 255, 215, 186, 132, 255, 215, 186, 131, 225, 216, 185, 132, 58, 0, 0, 0, 0, 0, 0, 0, 0, 0, 0, 0, 0, 0, 0, 0, 0, 0, 0, 0, 0, 0, 0, 0, 0, 0, 0, 0, 0, 0, 0, 0, 0, 0, 0, 0, 0, 0, 0, 0, 0, 0, 0, 0, 0, 0, 0, 0, 0, 0, 0, 0, 0, 0, 0, 0, 0, 0, 0, 0, 0, 0, 0, 0, 0, 215, 186, 132, 170, 215, 186, 132, 255, 215, 186, 132, 255, 215, 186, 132, 255, 215, 186, 132, 255, 215, 186, 132, 255, 215, 186, 132, 255, 215, 186, 132, 255, 197, 162, 114, 194, 177, 136, 95, 255, 177, 136, 95, 255, 177, 136, 95, 255, 177, 136, 95, 255, 177, 136, 95, 255, 177, 136, 95, 255, 177, 136, 95, 255, 177, 136, 95, 255, 177, 136, 95, 255, 177, 136, 95, 255, 177, 136, 95, 255, 177, 136, 95, 255, 177, 136, 95, 255, 177, 136, 95, 255, 177, 136, 95, 255, 177, 136, 95, 255, 177, 136, 95, 255, 177, 136, 95, 255, 177, 136, 95, 255, 177, 136, 95, 255, 177, 136, 95, 255, 177, 136, 95, 255, 177, 136, 95, 255, 177, 136, 95, 255, 177, 136, 95, 255, 177, 136, 95, 255, 177, 136, 95, 255, 177, 136, 95, 255, 177, 136, 95, 255, 177, 136, 95, 255, 177, 136, 95, 255, 177, 136, 95, 255, 196, 162, 114, 195, 215, 186, 132, 255, 215, 186, 132, 255, 215, 186, 132, 255, 215, 186, 132, 255, 215, 186, 132, 255, 215, 186, 132, 255, 215, 186, 132, 255, 215, 186, 132, 255, 215, 186, 132, 255, 215, 186, 132, 255, 215, 186, 132, 255, 215, 186, 132, 255, 215, 186, 132, 255, 215, 186, 132, 255, 215, 186, 132, 255, 215, 186, 132, 255, 215, 186, 132, 255, 215, 186, 132, 255, 215, 186, 132, 255, 215, 186, 132, 255, 215, 186, 132, 255, 215, 186, 132, 255, 215, 186, 132, 255, 215, 186, 131, 247, 208, 179, 128, 201, 190, 156, 118, 196, 169, 131, 109, 238, 166, 126, 108, 255, 166, 126, 108, 255, 166, 126, 108, 255, 164, 125, 105, 112, 0, 0, 0, 0, 0, 0, 0, 0, 0, 0, 0, 0, 0, 0, 0, 0, 0, 0, 0, 0, 0, 0, 0, 0, 0, 0, 0, 0, 0, 0, 0, 0, 0, 0, 0, 0, 0, 0, 0, 0, 0, 0, 0, 0, 0, 0, 0, 0, 0, 0, 0, 0, 0, 0, 0, 0, 0, 0, 0, 0, 0, 0, 0, 0, 0, 0, 0, 0, 0, 0, 0, 0, 0, 0, 0, 0, 0, 0, 0, 0, 0, 0, 0, 0, 0, 0, 0, 0, 0, 0, 0, 0, 0, 0, 0, 0, 0, 0, 0, 0, 0, 0, 0, 0, 0, 0, 0, 0, 0, 0, 0, 0, 0, 0, 0, 0, 0, 0, 0, 0, 0, 0, 0, 0, 0, 0, 0, 0, 0, 0, 0, 0, 0, 0, 0, 0, 0, 0, 0, 0, 0, 0, 0, 0, 0, 0, 0, 0, 0, 0, 0, 0, 0, 0, 0, 0, 0, 0, 0, 0, 0, 0, 0, 0, 0, 0, 0, 0, 0, 0, 0, 0, 0, 0, 0, 0, 0, 0, 0, 0, 0, 0, 0, 0, 0, 0, 0, 0, 0, 0, 0, 0, 0, 0, 0, 0, 0, 0, 0, 0, 255, 182, 146, 7, 243, 187, 134, 82, 242, 188, 133, 177, 243, 187, 132, 251, 243, 187, 133, 255, 243, 187, 133, 255, 243, 187, 133, 255, 243, 187, 133, 255, 243, 187, 133, 255, 243, 187, 133, 255, 243, 187, 133, 255, 243, 187, 133, 255, 243, 187, 133, 255, 243, 187, 133, 255, 243, 187, 133, 255, 243, 187, 133, 255, 243, 187, 133, 255, 243, 187, 133, 255, 243, 187, 133, 255, 243, 187, 133, 255, 243, 187, 133, 255, 243, 187, 133, 255, 243, 187, 133, 255, 243, 187, 133, 255, 243, 187, 133, 255, 243, 187, 133, 255, 243, 187, 133, 255, 243, 187, 133, 255, 243, 187, 133, 255, 243, 187, 133, 255, 243, 187, 133, 255, 243, 187, 133, 255, 243, 187, 133, 255, 243, 187, 133, 255, 243, 187, 133, 255, 243, 187, 133, 255, 228, 186, 131, 195, 215, 186, 132, 255, 215, 186, 132, 255, 215, 186, 132, 255, 215, 186, 132, 255, 215, 186, 132, 255, 215, 186, 132, 255, 215, 186, 132, 255, 215, 186, 132, 255, 215, 186, 132, 255, 215, 186, 132, 255, 215, 186, 132, 255, 215, 186, 132, 255, 215, 186, 132, 255, 215, 186, 132, 255, 215, 186, 132, 255, 215, 186, 131, 251, 215, 185, 133, 69, 0, 0, 0, 0, 0, 0, 0, 0, 0, 0, 0, 0, 0, 0, 0, 0, 0, 0, 0, 0, 0, 0, 0, 0, 0, 0, 0, 0, 0, 0, 0, 0, 0, 0, 0, 0, 0, 0, 0, 0, 0, 0, 0, 0, 0, 0, 0, 0, 0, 0, 0, 0, 0, 0, 0, 0, 0, 0, 0, 0, 215, 185, 131, 204, 215, 186, 132, 255, 215, 186, 132, 255, 215, 186, 132, 255, 215, 186, 132, 255, 215, 186, 132, 255, 215, 186, 132, 255, 215, 186, 132, 255, 196, 162, 113, 194, 177, 136, 95, 255, 177, 136, 95, 255, 177, 136, 95, 255, 177, 136, 95, 255, 177, 136, 95, 255, 177, 136, 95, 255, 177, 136, 95, 255, 177, 136, 95, 255, 177, 136, 95, 255, 177, 136, 95, 255, 177, 136, 95, 255, 177, 136, 95, 255, 177, 136, 95, 255, 177, 136, 95, 255, 177, 136, 95, 255, 177, 136, 95, 255, 177, 136, 95, 255, 177, 136, 95, 255, 177, 136, 95, 255, 177, 136, 95, 255, 177, 136, 95, 255, 177, 136, 95, 255, 177, 136, 95, 255, 177, 136, 95, 255, 177, 136, 95, 255, 177, 136, 95, 255, 177, 136, 95, 255, 177, 136, 95, 255, 177, 136, 95, 255, 177, 136, 95, 255, 177, 136, 95, 255, 177, 136, 95, 255, 178, 135, 95, 253, 213, 184, 129, 219, 215, 186, 132, 255, 215, 186, 132, 255, 215, 186, 132, 255, 215, 186, 132, 255, 215, 186, 132, 255, 215, 186, 132, 255, 215, 186, 132, 255, 215, 186, 132, 255, 215, 186, 132, 255, 215, 186, 132, 255, 215, 186, 132, 255, 215, 186, 132, 255, 215, 186, 132, 255, 215, 186, 132, 255, 215, 186, 132, 255, 215, 186, 132, 255, 215, 186, 132, 255, 215, 186, 132, 255, 215, 186, 132, 255, 214, 185, 131, 240, 206, 176, 128, 196, 186, 152, 117, 200, 168, 129, 108, 245, 166, 126, 108, 255, 166, 126, 108, 255, 166, 126, 108, 255, 166, 124, 105, 251, 168, 104, 69, 204, 172, 77, 21, 194, 175, 66, 0, 235, 174, 66, 0, 252, 174, 65, 0, 237, 173, 66, 0, 221, 174, 65, 0, 198, 173, 64, 0, 146, 174, 64, 0, 91, 173, 66, 0, 31, 0, 0, 0, 0, 0, 0, 0, 0, 0, 0, 0, 0, 0, 0, 0, 0, 0, 0, 0, 0, 0, 0, 0, 0, 0, 0, 0, 0, 0, 0, 0, 0, 0, 0, 0, 0, 0, 0, 0, 0, 0, 0, 0, 0, 0, 0, 0, 0, 0, 0, 0, 0, 0, 0, 0, 0, 0, 0, 0, 0, 0, 0, 0, 0, 0, 0, 0, 0, 0, 0, 0, 0, 0, 0, 0, 0, 0, 0, 0, 0, 0, 0, 0, 0, 0, 0, 0, 0, 0, 0, 0, 0, 0, 0, 0, 0, 0, 0, 0, 0, 0, 0, 0, 0, 0, 0, 0, 0, 0, 0, 0, 0, 0, 0, 0, 0, 0, 0, 0, 0, 0, 0, 0, 0, 0, 0, 0, 0, 0, 0, 0, 0, 0, 0, 0, 0, 0, 0, 0, 0, 0, 0, 0, 0, 0, 0, 0, 0, 0, 0, 0, 0, 0, 0, 0, 0, 0, 0, 0, 0, 0, 0, 0, 0, 246, 187, 132, 52, 243, 187, 132, 149, 243, 186, 132, 237, 243, 187, 133, 255, 243, 187, 133, 255, 243, 187, 133, 255, 243, 187, 133, 255, 243, 187, 133, 255, 243, 187, 133, 255, 243, 187, 133, 255, 243, 187, 133, 255, 243, 187, 133, 255, 243, 187, 133, 255, 243, 187, 133, 255, 243, 187, 133, 255, 243, 187, 133, 255, 243, 187, 133, 255, 243, 187, 133, 255, 243, 187, 133, 255, 243, 187, 133, 255, 243, 187, 133, 255, 243, 187, 133, 255, 243, 187, 133, 255, 243, 187, 133, 255, 243, 187, 133, 255, 243, 187, 133, 255, 243, 187, 133, 255, 243, 187, 133, 255, 243, 187, 133, 255, 243, 187, 133, 255, 243, 187, 133, 255, 243, 187, 133, 255, 243, 187, 133, 255, 243, 187, 133, 255, 243, 187, 133, 255, 243, 187, 133, 255, 243, 187, 133, 255, 243, 187, 133, 255, 219, 186, 132, 199, 215, 186, 132, 255, 215, 186, 132, 255, 215, 186, 132, 255, 215, 186, 132, 255, 215, 186, 132, 255, 215, 186, 132, 255, 215, 186, 132, 255, 215, 186, 132, 255, 215, 186, 132, 255, 215, 186, 132, 255, 215, 186, 132, 255, 215, 186, 132, 255, 215, 186, 132, 255, 215, 186, 132, 255, 215, 186, 132, 255, 215, 186, 132, 255, 215, 186, 131, 233, 230, 179, 128, 10, 0, 0, 0, 0, 0, 0, 0, 0, 0, 0, 0, 0, 0, 0, 0, 0, 0, 0, 0, 0, 0, 0, 0, 0, 0, 0, 0, 0, 0, 0, 0, 0, 0, 0, 0, 0, 0, 0, 0, 0, 0, 0, 0, 0, 0, 0, 0, 0, 0, 0, 0, 0, 0, 0, 0, 0, 215, 186, 132, 238, 215, 186, 132, 255, 215, 186, 132, 255, 215, 186, 132, 255, 215, 186, 132, 255, 215, 186, 132, 255, 215, 186, 132, 255, 215, 186, 132, 255, 195, 160, 112, 196, 177, 136, 95, 255, 177, 136, 95, 255, 177, 136, 95, 255, 177, 136, 95, 255, 177, 136, 95, 255, 177, 136, 95, 255, 177, 136, 95, 255, 177, 136, 95, 255, 177, 136, 95, 255, 177, 136, 95, 255, 177, 136, 95, 255, 177, 136, 95, 255, 177, 136, 95, 255, 177, 136, 95, 255, 177, 136, 95, 255, 177, 136, 95, 255, 177, 136, 95, 255, 177, 136, 95, 255, 177, 136, 95, 255, 177, 136, 95, 255, 177, 136, 95, 255, 177, 136, 95, 255, 177, 136, 95, 255, 177, 136, 95, 255, 177, 136, 95, 255, 177, 136, 95, 255, 177, 136, 95, 255, 177, 136, 95, 255, 177, 136, 95, 255, 177, 136, 95, 255, 177, 136, 95, 255, 177, 136, 95, 255, 177, 136, 95, 255, 191, 153, 107, 205, 215, 186, 132, 255, 215, 186, 132, 255, 215, 186, 132, 255, 215, 186, 132, 255, 215, 186, 132, 255, 215, 186, 132, 255, 215, 186, 132, 255, 215, 186, 132, 255, 215, 186, 132, 255, 215, 186, 132, 255, 215, 186, 132, 255, 215, 186, 132, 255, 215, 186, 132, 255, 215, 186, 132, 255, 215, 186, 132, 255, 215, 186, 132, 255, 214, 186, 131, 231, 203, 171, 125, 194, 182, 145, 115, 206, 167, 126, 107, 252, 166, 126, 108, 255, 166, 126, 108, 255, 166, 126, 108, 255, 165, 123, 102, 247, 170, 101, 64, 200, 173, 77, 18, 196, 174, 67, 0, 240, 175, 67, 0, 255, 175, 67, 0, 255, 175, 67, 0, 255, 175, 67, 0, 255, 175, 66, 0, 251, 178, 67, 0, 211, 183, 70, 0, 195, 183, 71, 0, 194, 179, 68, 0, 203, 174, 66, 0, 255, 173, 64, 0, 190, 175, 65, 0, 86, 204, 51, 0, 5, 0, 0, 0, 0, 0, 0, 0, 0, 0, 0, 0, 0, 0, 0, 0, 0, 0, 0, 0, 0, 0, 0, 0, 0, 0, 0, 0, 0, 0, 0, 0, 0, 0, 0, 0, 0, 0, 0, 0, 0, 0, 0, 0, 0, 0, 0, 0, 0, 0, 0, 0, 0, 0, 0, 0, 0, 0, 0, 0, 0, 0, 0, 0, 0, 0, 0, 0, 0, 0, 0, 0, 0, 0, 0, 0, 0, 0, 0, 0, 0, 0, 0, 0, 0, 0, 0, 0, 0, 0, 0, 0, 0, 0, 0, 0, 0, 0, 0, 0, 0, 0, 0, 0, 0, 0, 0, 0, 0, 0, 0, 0, 0, 0, 0, 0, 0, 0, 0, 0, 0, 0, 0, 0, 0, 0, 0, 0, 0, 0, 0, 0, 0, 0, 0, 0, 0, 0, 0, 0, 0, 255, 255, 255, 1, 245, 186, 131, 74, 244, 187, 132, 193, 243, 187, 133, 255, 243, 187, 133, 255, 243, 187, 133, 255, 243, 187, 133, 255, 243, 187, 133, 255, 243, 187, 133, 255, 243, 187, 133, 255, 243, 187, 133, 255, 243, 187, 133, 255, 243, 187, 133, 255, 243, 187, 133, 255, 243, 187, 133, 255, 243, 187, 133, 255, 243, 187, 133, 255, 243, 187, 133, 255, 243, 187, 133, 255, 243, 187, 133, 255, 243, 187, 133, 255, 243, 187, 133, 255, 243, 187, 133, 255, 243, 187, 133, 255, 243, 187, 133, 255, 243, 187, 133, 255, 243, 187, 133, 255, 243, 187, 133, 255, 243, 187, 133, 255, 243, 187, 133, 255, 243, 187, 133, 255, 243, 187, 133, 255, 243, 187, 133, 255, 243, 187, 133, 255, 243, 187, 133, 255, 243, 187, 133, 255, 243, 187, 133, 255, 243, 187, 133, 255, 243, 187, 133, 255, 243, 187, 133, 255, 242, 188, 132, 241, 215, 185, 131, 240, 215, 186, 132, 255, 215, 186, 132, 255, 215, 186, 132, 255, 215, 186, 132, 255, 215, 186, 132, 255, 215, 186, 132, 255, 215, 186, 132, 255, 215, 186, 132, 255, 215, 186, 132, 255, 215, 186, 132, 255, 215, 186, 132, 255, 215, 186, 132, 255, 215, 186, 132, 255, 215, 186, 132, 255, 215, 186, 132, 255, 215, 186, 132, 255, 215, 186, 132, 255, 215, 187, 131, 101, 0, 0, 0, 0, 0, 0, 0, 0, 0, 0, 0, 0, 0, 0, 0, 0, 0, 0, 0, 0, 0, 0, 0, 0, 0, 0, 0, 0, 0, 0, 0, 0, 0, 0, 0, 0, 0, 0, 0, 0, 0, 0, 0, 0, 0, 0, 0, 0, 0, 0, 0, 0, 224, 192, 128, 16, 215, 186, 132, 255, 215, 186, 132, 255, 215, 186, 132, 255, 215, 186, 132, 255, 215, 186, 132, 255, 215, 186, 132, 255, 215, 186, 132, 255, 215, 186, 132, 255, 196, 158, 111, 197, 177, 136, 95, 255, 177, 136, 95, 255, 177, 136, 95, 255, 177, 136, 95, 255, 177, 136, 95, 255, 177, 136, 95, 255, 177, 136, 95, 255, 177, 136, 95, 255, 177, 136, 95, 255, 177, 136, 95, 255, 177, 136, 95, 255, 177, 136, 95, 255, 177, 136, 95, 255, 177, 136, 95, 255, 177, 136, 95, 255, 177, 136, 95, 255, 177, 136, 95, 255, 177, 136, 95, 255, 177, 136, 95, 255, 177, 136, 95, 255, 177, 136, 95, 255, 177, 136, 95, 255, 177, 136, 95, 255, 177, 136, 95, 255, 177, 136, 95, 255, 177, 136, 95, 255, 177, 136, 95, 255, 177, 136, 95, 255, 177, 136, 95, 255, 177, 136, 95, 255, 177, 136, 95, 255, 177, 136, 95, 255, 177, 136, 95, 255, 177, 136, 95, 255, 212, 180, 128, 204, 215, 186, 132, 255, 215, 186, 132, 255, 215, 186, 132, 255, 215, 186, 132, 255, 215, 186, 132, 255, 215, 186, 132, 255, 215, 186, 132, 255, 215, 186, 132, 255, 215, 186, 132, 255, 215, 186, 132, 255, 215, 186, 132, 255, 215, 186, 132, 255, 213, 184, 130, 223, 202, 169, 124, 192, 179, 140, 112, 213, 166, 127, 108, 255, 166, 126, 108, 255, 166, 126, 108, 255, 166, 126, 108, 255, 166, 123, 101, 243, 170, 100, 58, 197, 174, 75, 14, 199, 176, 68, 0, 244, 176, 68, 0, 255, 176, 68, 0, 255, 176, 68, 0, 255, 176, 68, 0, 255, 176, 66, 0, 226, 188, 74, 0, 192, 203, 84, 0, 205, 215, 92, 0, 245, 217, 95, 0, 255, 217, 95, 0, 255, 217, 95, 0, 255, 216, 94, 0, 255, 176, 65, 0, 237, 175, 66, 0, 255, 174, 66, 0, 255, 174, 64, 0, 217, 173, 65, 0, 59, 0, 0, 0, 0, 0, 0, 0, 0, 0, 0, 0, 0, 0, 0, 0, 0, 0, 0, 0, 0, 0, 0, 0, 0, 0, 0, 0, 0, 0, 0, 0, 0, 0, 0, 0, 0, 0, 0, 0, 0, 0, 0, 0, 0, 0, 0, 0, 0, 0, 0, 0, 0, 0, 0, 0, 0, 0, 0, 0, 0, 0, 0, 0, 0, 0, 0, 0, 0, 0, 0, 0, 0, 0, 0, 0, 0, 0, 0, 0, 0, 0, 0, 0, 0, 0, 0, 0, 0, 0, 0, 0, 0, 0, 0, 0, 0, 0, 0, 0, 0, 0, 0, 0, 0, 0, 0, 0, 0, 0, 0, 0, 0, 0, 0, 0, 0, 0, 0, 0, 0, 0, 0, 0, 0, 0, 0, 0, 0, 255, 204, 153, 5, 244, 187, 132, 93, 243, 186, 133, 211, 243, 187, 133, 255, 243, 187, 133, 255, 243, 187, 133, 255, 243, 187, 133, 255, 243, 187, 133, 255, 243, 187, 133, 255, 243, 187, 133, 255, 243, 187, 133, 255, 243, 187, 133, 255, 243, 187, 133, 255, 243, 187, 133, 255, 243, 187, 133, 255, 243, 187, 133, 255, 243, 187, 133, 255, 243, 187, 133, 255, 243, 187, 133, 255, 243, 187, 133, 255, 243, 187, 133, 255, 243, 187, 133, 255, 243, 187, 133, 255, 243, 187, 133, 255, 243, 187, 133, 255, 243, 187, 133, 255, 243, 187, 133, 255, 243, 187, 133, 255, 243, 187, 133, 255, 243, 187, 133, 255, 243, 187, 133, 255, 243, 187, 133, 255, 243, 187, 133, 255, 243, 187, 133, 255, 243, 187, 133, 255, 243, 187, 133, 255, 243, 187, 133, 255, 243, 187, 133, 255, 243, 187, 133, 255, 243, 187, 133, 255, 243, 187, 133, 255, 243, 187, 133, 255, 219, 186, 131, 198, 215, 186, 132, 255, 215, 186, 132, 255, 215, 186, 132, 255, 215, 186, 132, 255, 215, 186, 132, 255, 215, 186, 132, 255, 215, 186, 132, 255, 215, 186, 132, 255, 215, 186, 132, 255, 215, 186, 132, 255, 215, 186, 132, 255, 215, 186, 132, 255, 215, 186, 132, 255, 215, 186, 132, 255, 215, 186, 132, 255, 215, 186, 132, 255, 215, 186, 132, 255, 215, 186, 132, 255, 215, 186, 132, 172, 0, 0, 0, 0, 0, 0, 0, 0, 0, 0, 0, 0, 0, 0, 0, 0, 0, 0, 0, 0, 0, 0, 0, 0, 0, 0, 0, 0, 0, 0, 0, 0, 0, 0, 0, 0, 0, 0, 0, 0, 0, 0, 0, 0, 0, 0, 0, 0, 0, 0, 0, 0, 215, 189, 133, 50, 215, 186, 132, 255, 215, 186, 132, 255, 215, 186, 132, 255, 215, 186, 132, 255, 215, 186, 132, 255, 215, 186, 132, 255, 215, 186, 132, 255, 215, 186, 132, 255, 193, 157, 109, 198, 177, 136, 95, 255, 177, 136, 95, 255, 177, 136, 95, 255, 177, 136, 95, 255, 177, 136, 95, 255, 177, 136, 95, 255, 177, 136, 95, 255, 177, 136, 95, 255, 177, 136, 95, 255, 177, 136, 95, 255, 177, 136, 95, 255, 177, 136, 95, 255, 177, 136, 95, 255, 177, 136, 95, 255, 177, 136, 95, 255, 177, 136, 95, 255, 177, 136, 95, 255, 177, 136, 95, 255, 177, 136, 95, 255, 177, 136, 95, 255, 177, 136, 95, 255, 177, 136, 95, 255, 177, 136, 95, 255, 177, 136, 95, 255, 177, 136, 95, 255, 177, 136, 95, 255, 177, 136, 95, 255, 177, 136, 95, 255, 177, 136, 95, 255, 177, 136, 95, 255, 177, 136, 95, 255, 177, 136, 95, 255, 177, 136, 95, 255, 177, 136, 95, 255, 185, 147, 102, 217, 215, 186, 132, 255, 215, 186, 132, 255, 215, 186, 132, 255, 215, 186, 132, 255, 215, 186, 132, 255, 215, 186, 132, 255, 215, 186, 132, 255, 215, 186, 132, 255, 215, 186, 132, 255, 212, 182, 129, 213, 198, 164, 122, 192, 175, 137, 111, 222, 166, 126, 108, 255, 166, 126, 108, 255, 166, 126, 108, 255, 166, 126, 108, 255, 166, 121, 98, 238, 170, 97, 53, 195, 175, 73, 11, 201, 176, 68, 0, 248, 176, 68, 0, 255, 176, 68, 0, 255, 176, 68, 0, 255, 176, 68, 0, 255, 176, 68, 0, 233, 185, 74, 0, 193, 206, 86, 0, 212, 216, 94, 0, 255, 217, 95, 0, 255, 217, 95, 0, 255, 217, 95, 0, 255, 217, 95, 0, 255, 217, 95, 0, 255, 217, 95, 0, 255, 215, 94, 0, 247, 175, 67, 0, 255, 175, 66, 0, 255, 175, 66, 0, 255, 175, 66, 0, 255, 174, 65, 0, 251, 140, 73, 30, 126, 95, 83, 71, 43, 0, 0, 0, 1, 0, 0, 0, 0, 0, 0, 0, 0, 0, 0, 0, 0, 0, 0, 0, 0, 0, 0, 0, 0, 0, 0, 0, 0, 0, 0, 0, 0, 0, 0, 0, 0, 0, 0, 0, 0, 0, 0, 0, 0, 0, 0, 0, 0, 0, 0, 0, 0, 0, 0, 0, 0, 0, 0, 0, 0, 0, 0, 0, 0, 0, 0, 0, 0, 0, 0, 0, 0, 0, 0, 0, 0, 0, 0, 0, 0, 0, 0, 0, 0, 0, 0, 0, 0, 0, 0, 0, 0, 0, 0, 0, 0, 0, 0, 0, 0, 0, 0, 0, 0, 0, 0, 0, 0, 0, 0, 0, 0, 255, 199, 142, 9, 244, 187, 132, 112, 243, 186, 132, 226, 243, 187, 133, 255, 243, 187, 133, 255, 243, 187, 133, 255, 243, 187, 133, 255, 243, 187, 133, 255, 243, 187, 133, 255, 243, 187, 133, 255, 243, 187, 133, 255, 243, 187, 133, 255, 243, 187, 133, 255, 243, 187, 133, 255, 243, 187, 133, 255, 243, 187, 133, 255, 243, 187, 133, 255, 243, 187, 133, 255, 243, 187, 133, 255, 243, 187, 133, 255, 243, 187, 133, 255, 243, 187, 133, 255, 243, 187, 133, 255, 243, 187, 133, 255, 243, 187, 133, 255, 243, 187, 133, 255, 243, 187, 133, 255, 243, 187, 133, 255, 243, 187, 133, 255, 243, 187, 133, 255, 243, 187, 133, 255, 243, 187, 133, 255, 243, 187, 133, 255, 243, 187, 133, 255, 243, 187, 133, 255, 243, 187, 133, 255, 243, 187, 133, 255, 243, 187, 133, 255, 243, 187, 133, 255, 243, 187, 133, 255, 243, 187, 133, 255, 243, 187, 133, 255, 243, 187, 131, 253, 225, 186, 133, 192, 215, 186, 132, 255, 215, 186, 132, 255, 215, 186, 132, 255, 215, 186, 132, 255, 215, 186, 132, 255, 215, 186, 132, 255, 215, 186, 132, 255, 215, 186, 132, 255, 215, 186, 132, 255, 215, 186, 132, 255, 215, 186, 132, 255, 215, 186, 132, 255, 215, 186, 132, 255, 215, 186, 132, 255, 215, 186, 132, 255, 215, 186, 132, 255, 215, 186, 132, 255, 215, 186, 132, 255, 215, 186, 132, 255, 215, 186, 131, 216, 0, 0, 0, 0, 0, 0, 0, 0, 0, 0, 0, 0, 0, 0, 0, 0, 0, 0, 0, 0, 0, 0, 0, 0, 0, 0, 0, 0, 0, 0, 0, 0, 0, 0, 0, 0, 0, 0, 0, 0, 0, 0, 0, 0, 0, 0, 0, 0, 0, 0, 0, 0, 216, 185, 131, 84, 215, 186, 132, 255, 215, 186, 132, 255, 215, 186, 132, 255, 215, 186, 132, 255, 215, 186, 132, 255, 215, 186, 132, 255, 215, 186, 132, 255, 215, 186, 132, 255, 192, 156, 110, 199, 177, 136, 95, 255, 177, 136, 95, 255, 177, 136, 95, 255, 177, 136, 95, 255, 177, 136, 95, 255, 177, 136, 95, 255, 177, 136, 95, 255, 177, 136, 95, 255, 177, 136, 95, 255, 177, 136, 95, 255, 177, 136, 95, 255, 177, 136, 95, 255, 177, 136, 95, 255, 177, 136, 95, 255, 177, 136, 95, 255, 177, 136, 95, 255, 177, 136, 95, 255, 177, 136, 95, 255, 177, 136, 95, 255, 177, 136, 95, 255, 177, 136, 95, 255, 177, 136, 95, 255, 177, 136, 95, 255, 177, 136, 95, 255, 177, 136, 95, 255, 177, 136, 95, 255, 177, 136, 95, 255, 177, 136, 95, 255, 177, 136, 95, 255, 177, 136, 95, 255, 177, 136, 95, 255, 177, 136, 95, 255, 177, 136, 95, 255, 177, 136, 95, 255, 177, 136, 95, 255, 210, 180, 127, 203, 215, 186, 132, 255, 215, 186, 132, 255, 215, 186, 132, 255, 215, 186, 132, 255, 215, 186, 132, 255, 215, 185, 131, 236, 198, 164, 122, 192, 172, 132, 110, 231, 166, 126, 108, 255, 166, 126, 108, 255, 166, 126, 108, 255, 166, 126, 108, 255, 167, 119, 95, 233, 171, 94, 47, 193, 175, 72, 8, 206, 176, 67, 0, 251, 176, 69, 0, 255, 176, 69, 0, 255, 176, 69, 0, 255, 176, 69, 0, 255, 176, 68, 0, 247, 183, 72, 0, 197, 203, 86, 0, 205, 216, 93, 0, 254, 217, 95, 0, 255, 217, 95, 0, 255, 217, 95, 0, 255, 217, 95, 0, 255, 217, 95, 0, 255, 217, 95, 0, 255, 217, 95, 0, 255, 217, 95, 0, 255, 217, 95, 0, 255, 207, 89, 0, 218, 175, 67, 0, 255, 175, 67, 0, 255, 175, 67, 0, 247, 158, 69, 14, 194, 110, 80, 60, 225, 98, 84, 72, 255, 98, 84, 72, 255, 98, 84, 72, 216, 98, 82, 71, 133, 97, 81, 61, 50, 255, 0, 0, 2, 0, 0, 0, 0, 0, 0, 0, 0, 0, 0, 0, 0, 0, 0, 0, 0, 0, 0, 0, 0, 0, 0, 0, 0, 0, 0, 0, 0, 0, 0, 0, 0, 0, 0, 0, 0, 0, 0, 0, 0, 0, 0, 0, 0, 0, 0, 0, 0, 0, 0, 0, 0, 0, 0, 0, 0, 0, 0, 0, 0, 0, 0, 0, 0, 0, 0, 0, 0, 0, 0, 0, 0, 0, 0, 0, 0, 0, 0, 0, 0, 0, 0, 0, 0, 0, 0, 0, 0, 255, 255, 255, 1, 244, 187, 133, 86, 243, 187, 132, 224, 243, 187, 133, 255, 243, 187, 133, 255, 243, 187, 133, 255, 243, 187, 133, 255, 243, 187, 133, 255, 243, 187, 133, 255, 243, 187, 133, 255, 243, 187, 133, 255, 243, 187, 133, 255, 243, 187, 133, 255, 243, 187, 133, 255, 243, 187, 133, 255, 243, 187, 133, 255, 243, 187, 133, 255, 243, 187, 133, 255, 243, 187, 133, 255, 243, 187, 133, 255, 243, 187, 133, 255, 243, 187, 133, 255, 243, 187, 133, 255, 243, 187, 133, 255, 243, 187, 133, 255, 243, 187, 133, 255, 243, 187, 133, 255, 243, 187, 133, 255, 243, 187, 133, 255, 243, 187, 133, 255, 243, 187, 133, 255, 243, 187, 133, 255, 243, 187, 133, 255, 243, 187, 133, 255, 243, 187, 133, 255, 243, 187, 133, 255, 243, 187, 133, 255, 243, 187, 133, 255, 243, 187, 133, 255, 243, 187, 133, 255, 243, 187, 133, 255, 243, 187, 133, 255, 243, 187, 133, 255, 235, 186, 132, 213, 217, 186, 132, 213, 215, 186, 132, 255, 215, 186, 132, 255, 215, 186, 132, 255, 215, 186, 132, 255, 215, 186, 132, 255, 215, 186, 132, 255, 215, 186, 132, 255, 215, 186, 132, 255, 215, 186, 132, 255, 215, 186, 132, 255, 215, 186, 132, 255, 215, 186, 132, 255, 215, 186, 132, 255, 215, 186, 132, 255, 215, 186, 132, 255, 215, 186, 132, 255, 215, 186, 132, 255, 215, 186, 132, 255, 215, 186, 132, 255, 215, 186, 132, 255, 215, 186, 132, 244, 0, 0, 0, 0, 0, 0, 0, 0, 0, 0, 0, 0, 0, 0, 0, 0, 0, 0, 0, 0, 0, 0, 0, 0, 0, 0, 0, 0, 0, 0, 0, 0, 0, 0, 0, 0, 0, 0, 0, 0, 0, 0, 0, 0, 0, 0, 0, 0, 0, 0, 0, 0, 214, 186, 132, 118, 215, 186, 132, 255, 215, 186, 132, 255, 215, 186, 132, 255, 215, 186, 132, 255, 215, 186, 132, 255, 215, 186, 132, 255, 215, 186, 132, 255, 215, 186, 132, 255, 193, 155, 109, 201, 177, 136, 95, 255, 177, 136, 95, 255, 177, 136, 95, 255, 177, 136, 95, 255, 177, 136, 95, 255, 177, 136, 95, 255, 177, 136, 95, 255, 177, 136, 95, 255, 177, 136, 95, 255, 177, 136, 95, 255, 177, 136, 95, 255, 177, 136, 95, 255, 177, 136, 95, 255, 177, 136, 95, 255, 177, 136, 95, 255, 177, 136, 95, 255, 177, 136, 95, 255, 177, 136, 95, 255, 177, 136, 95, 255, 177, 136, 95, 255, 177, 136, 95, 255, 177, 136, 95, 255, 177, 136, 95, 255, 177, 136, 95, 255, 177, 136, 95, 255, 177, 136, 95, 255, 177, 136, 95, 255, 177, 136, 95, 255, 177, 136, 95, 255, 177, 136, 95, 255, 177, 136, 95, 255, 177, 136, 95, 255, 177, 136, 95, 255, 177, 136, 95, 255, 177, 136, 95, 255, 188, 151, 104, 210, 215, 186, 132, 255, 215, 186, 132, 255, 215, 186, 132, 255, 214, 185, 131, 234, 196, 161, 122, 193, 168, 129, 108, 245, 166, 126, 108, 255, 166, 126, 108, 255, 166, 126, 108, 255, 166, 117, 91, 227, 172, 92, 44, 192, 176, 72, 6, 209, 176, 68, 0, 255, 176, 69, 0, 255, 176, 69, 0, 255, 176, 69, 0, 255, 177, 69, 0, 255, 177, 69, 0, 255, 179, 69, 0, 213, 194, 80, 0, 193, 215, 92, 0, 240, 217, 95, 0, 255, 217, 95, 0, 255, 217, 95, 0, 255, 217, 95, 0, 255, 217, 95, 0, 255, 217, 95, 0, 255, 217, 95, 0, 255, 217, 95, 0, 255, 217, 95, 0, 255, 217, 95, 0, 255, 217, 95, 0, 255, 217, 95, 0, 255, 199, 83, 0, 199, 176, 68, 0, 240, 152, 72, 21, 191, 105, 81, 63, 235, 98, 84, 72, 255, 98, 84, 72, 255, 98, 84, 72, 255, 98, 84, 72, 255, 107, 81, 62, 230, 148, 71, 22, 191, 173, 64, 0, 230, 174, 64, 0, 250, 174, 64, 0, 220, 173, 63, 0, 186, 172, 64, 0, 132, 174, 60, 0, 72, 170, 64, 0, 12, 0, 0, 0, 0, 0, 0, 0, 0, 0, 0, 0, 0, 0, 0, 0, 0, 0, 0, 0, 0, 0, 0, 0, 0, 0, 0, 0, 0, 0, 0, 0, 0, 0, 0, 0, 0, 0, 0, 0, 0, 0, 0, 0, 0, 0, 0, 0, 0, 0, 0, 0, 0, 0, 0, 0, 0, 0, 0, 0, 0, 0, 0, 0, 0, 246, 188, 135, 53, 242, 186, 133, 196, 243, 187, 133, 255, 243, 187, 133, 255, 243, 187, 133, 255, 243, 187, 133, 255, 243, 187, 133, 255, 243, 187, 133, 255, 243, 187, 133, 255, 243, 187, 133, 255, 243, 187, 133, 255, 243, 187, 133, 255, 243, 187, 133, 255, 243, 187, 133, 255, 243, 187, 133, 255, 243, 187, 133, 255, 243, 187, 133, 255, 243, 187, 133, 255, 243, 187, 133, 255, 243, 187, 133, 255, 243, 187, 132, 255, 238, 187, 132, 223, 231, 187, 131, 198, 224, 186, 132, 192, 221, 186, 131, 195, 219, 185, 131, 199, 218, 185, 132, 203, 216, 185, 132, 208, 216, 185, 132, 215, 216, 185, 132, 215, 218, 186, 131, 200, 222, 187, 131, 193, 228, 187, 131, 194, 233, 187, 133, 203, 238, 187, 132, 219, 239, 186, 133, 227, 240, 186, 131, 233, 241, 186, 132, 239, 242, 186, 133, 244, 239, 187, 133, 227, 236, 187, 131, 209, 231, 187, 132, 197, 222, 187, 132, 193, 215, 186, 132, 228, 215, 186, 132, 255, 215, 186, 132, 255, 215, 186, 132, 255, 215, 186, 132, 255, 215, 186, 132, 255, 215, 186, 132, 255, 215, 186, 132, 255, 215, 186, 132, 255, 215, 186, 132, 255, 215, 186, 132, 255, 215, 186, 132, 255, 215, 186, 132, 255, 215, 186, 132, 255, 215, 186, 132, 255, 215, 186, 132, 255, 215, 186, 132, 255, 215, 186, 132, 255, 215, 186, 132, 255, 215, 186, 132, 255, 215, 186, 132, 255, 215, 186, 132, 255, 215, 186, 132, 255, 215, 185, 131, 245, 0, 0, 0, 0, 0, 0, 0, 0, 0, 0, 0, 0, 0, 0, 0, 0, 0, 0, 0, 0, 0, 0, 0, 0, 0, 0, 0, 0, 0, 0, 0, 0, 0, 0, 0, 0, 0, 0, 0, 0, 0, 0, 0, 0, 0, 0, 0, 0, 0, 0, 0, 0, 215, 186, 131, 152, 215, 186, 132, 255, 215, 186, 132, 255, 215, 186, 132, 255, 215, 186, 132, 255, 215, 186, 132, 255, 215, 186, 132, 255, 215, 186, 132, 255, 215, 186, 132, 255, 191, 154, 108, 202, 177, 136, 95, 255, 177, 136, 95, 255, 177, 136, 95, 255, 177, 136, 95, 255, 177, 136, 95, 255, 177, 136, 95, 255, 177, 136, 95, 255, 177, 136, 95, 255, 177, 136, 95, 255, 177, 136, 95, 255, 177, 136, 95, 255, 177, 136, 95, 255, 177, 136, 95, 255, 177, 136, 95, 255, 177, 136, 95, 255, 177, 136, 95, 255, 177, 136, 95, 255, 177, 136, 95, 255, 177, 136, 95, 255, 177, 136, 95, 255, 177, 136, 95, 255, 177, 136, 95, 255, 177, 136, 95, 255, 177, 136, 95, 255, 177, 136, 95, 255, 177, 136, 95, 255, 177, 136, 95, 255, 177, 136, 95, 255, 177, 136, 95, 255, 177, 136, 95, 255, 177, 136, 95, 255, 177, 136, 95, 255, 177, 136, 95, 255, 177, 136, 95, 255, 177, 136, 95, 255, 177, 136, 95, 255, 213, 182, 129, 209, 214, 186, 131, 231, 194, 160, 122, 193, 167, 128, 107, 247, 166, 126, 108, 255, 166, 126, 108, 255, 167, 114, 87, 222, 172, 88, 38, 191, 176, 70, 4, 215, 176, 68, 0, 255, 176, 68, 0, 255, 176, 69, 0, 255, 176, 69, 0, 255, 177, 69, 0, 255, 177, 69, 0, 255, 177, 69, 0, 236, 188, 76, 0, 192, 209, 89, 0, 218, 217, 95, 0, 255, 217, 95, 0, 255, 217, 95, 0, 255, 217, 95, 0, 255, 217, 95, 0, 255, 217, 95, 0, 255, 217, 95, 0, 255, 217, 95, 0, 255, 217, 95, 0, 255, 217, 95, 0, 255, 217, 95, 0, 255, 217, 95, 0, 255, 217, 95, 0, 255, 217, 95, 0, 255, 212, 93, 2, 248, 134, 82, 42, 186, 102, 83, 67, 243, 98, 84, 72, 255, 98, 84, 72, 255, 98, 84, 72, 255, 98, 84, 72, 255, 113, 82, 59, 201, 163, 76, 18, 180, 186, 73, 0, 191, 192, 76, 0, 192, 197, 80, 0, 196, 198, 81, 0, 199, 183, 71, 0, 194, 174, 64, 0, 239, 173, 64, 0, 255, 173, 64, 0, 255, 173, 63, 0, 247, 173, 62, 0, 171, 171, 61, 0, 79, 170, 0, 0, 3, 0, 0, 0, 0, 0, 0, 0, 0, 0, 0, 0, 0, 0, 0, 0, 0, 0, 0, 0, 0, 0, 0, 0, 0, 0, 0, 0, 0, 0, 0, 0, 0, 0, 0, 0, 0, 0, 0, 0, 0, 0, 0, 0, 0, 246, 192, 137, 28, 243, 188, 132, 162, 243, 187, 133, 255, 243, 187, 133, 255, 243, 187, 133, 255, 243, 187, 133, 255, 243, 187, 133, 255, 243, 187, 133, 255, 243, 187, 133, 255, 243, 187, 133, 255, 243, 187, 133, 255, 243, 187, 133, 255, 243, 187, 133, 255, 243, 187, 133, 255, 243, 187, 133, 255, 243, 187, 133, 255, 243, 187, 133, 255, 243, 187, 133, 255, 242, 186, 133, 248, 231, 187, 132, 201, 222, 187, 132, 193, 216, 185, 132, 208, 215, 186, 132, 242, 215, 186, 132, 255, 215, 186, 132, 255, 215, 186, 132, 255, 215, 186, 132, 255, 215, 186, 132, 255, 215, 186, 132, 255, 215, 186, 132, 255, 215, 186, 132, 255, 215, 186, 132, 255, 215, 186, 132, 255, 215, 186, 132, 255, 215, 186, 132, 255, 215, 186, 132, 255, 215, 186, 132, 255, 215, 186, 132, 255, 215, 186, 132, 255, 215, 186, 132, 255, 215, 186, 132, 255, 215, 186, 132, 255, 215, 186, 132, 255, 215, 186, 132, 255, 215, 186, 132, 255, 215, 186, 132, 255, 215, 186, 132, 255, 215, 186, 132, 255, 215, 186, 132, 255, 215, 186, 132, 255, 215, 186, 132, 255, 215, 186, 132, 255, 215, 186, 132, 255, 215, 186, 132, 255, 215, 186, 132, 255, 215, 186, 132, 255, 215, 186, 132, 255, 215, 186, 132, 255, 215, 186, 132, 255, 215, 186, 132, 255, 215, 186, 132, 255, 215, 186, 132, 255, 215, 186, 132, 255, 215, 186, 132, 255, 215, 186, 132, 255, 215, 186, 132, 255, 215, 186, 132, 255, 215, 186, 132, 255, 214, 186, 131, 231, 0, 0, 0, 0, 0, 0, 0, 0, 0, 0, 0, 0, 0, 0, 0, 0, 0, 0, 0, 0, 0, 0, 0, 0, 0, 0, 0, 0, 0, 0, 0, 0, 0, 0, 0, 0, 0, 0, 0, 0, 0, 0, 0, 0, 0, 0, 0, 0, 0, 0, 0, 0, 216, 185, 132, 186, 215, 186, 132, 255, 215, 186, 132, 255, 215, 186, 132, 255, 215, 186, 132, 255, 215, 186, 132, 255, 215, 186, 132, 255, 215, 186, 132, 255, 215, 186, 132, 255, 190, 153, 107, 204, 177, 136, 95, 255, 177, 136, 95, 255, 177, 136, 95, 255, 177, 136, 95, 255, 177, 136, 95, 255, 177, 136, 95, 255, 177, 136, 95, 255, 177, 136, 95, 255, 177, 136, 95, 255, 177, 136, 95, 255, 177, 136, 95, 255, 177, 136, 95, 255, 177, 136, 95, 255, 177, 136, 95, 255, 177, 136, 95, 255, 177, 136, 95, 255, 177, 136, 95, 255, 177, 136, 95, 255, 177, 136, 95, 255, 177, 136, 95, 255, 177, 136, 95, 255, 177, 136, 95, 255, 177, 136, 95, 255, 177, 136, 95, 255, 177, 136, 95, 255, 177, 136, 95, 255, 177, 136, 95, 255, 177, 136, 95, 255, 177, 136, 95, 255, 177, 136, 95, 255, 177, 136, 95, 255, 177, 136, 95, 255, 177, 136, 95, 255, 177, 136, 95, 255, 177, 136, 95, 255, 177, 136, 95, 255, 179, 141, 104, 194, 167, 128, 107, 249, 166, 125, 107, 255, 167, 112, 82, 216, 172, 85, 33, 192, 174, 68, 2, 220, 176, 68, 0, 255, 176, 68, 0, 255, 176, 68, 0, 255, 176, 69, 0, 255, 176, 69, 0, 255, 177, 69, 0, 255, 176, 69, 0, 252, 182, 72, 0, 202, 200, 83, 0, 199, 216, 93, 0, 251, 217, 95, 0, 255, 217, 95, 0, 255, 217, 95, 0, 255, 217, 95, 0, 255, 217, 95, 0, 255, 217, 95, 0, 255, 217, 95, 0, 255, 217, 95, 0, 255, 217, 95, 0, 255, 217, 95, 0, 255, 217, 95, 0, 255, 217, 95, 0, 255, 217, 95, 0, 255, 217, 95, 0, 255, 217, 95, 0, 255, 181, 91, 20, 210, 99, 83, 70, 223, 98, 84, 72, 255, 98, 84, 72, 255, 98, 84, 72, 255, 98, 84, 72, 255, 107, 85, 66, 207, 187, 91, 18, 213, 217, 95, 0, 255, 217, 95, 0, 255, 217, 95, 0, 255, 217, 95, 0, 255, 217, 95, 0, 255, 217, 95, 0, 255, 217, 95, 0, 255, 216, 93, 0, 251, 201, 84, 0, 203, 181, 69, 0, 195, 173, 64, 0, 240, 173, 63, 0, 255, 173, 63, 0, 255, 172, 61, 0, 217, 171, 62, 0, 94, 170, 0, 0, 3, 0, 0, 0, 0, 0, 0, 0, 0, 0, 0, 0, 0, 0, 0, 0, 0, 0, 0, 0, 0, 0, 0, 0, 0, 0, 0, 0, 0, 255, 255, 255, 1, 243, 187, 134, 105, 243, 187, 132, 245, 243, 187, 133, 255, 243, 187, 133, 255, 243, 187, 133, 255, 243, 187, 133, 255, 243, 187, 133, 255, 243, 187, 133, 255, 243, 187, 133, 255, 243, 187, 133, 255, 243, 187, 133, 255, 243, 187, 133, 255, 243, 187, 133, 255, 243, 187, 133, 255, 243, 187, 133, 255, 243, 187, 133, 255, 242, 187, 131, 249, 231, 186, 131, 202, 219, 185, 131, 197, 214, 186, 131, 243, 215, 186, 132, 255, 215, 186, 132, 255, 215, 186, 132, 255, 215, 186, 132, 255, 215, 186, 132, 255, 215, 186, 132, 255, 215, 186, 132, 255, 215, 186, 132, 255, 215, 186, 132, 255, 215, 186, 132, 255, 215, 186, 132, 255, 215, 186, 132, 255, 215, 186, 132, 255, 215, 186, 132, 255, 215, 186, 132, 255, 215, 186, 132, 255, 215, 186, 132, 255, 215, 186, 132, 255, 215, 186, 132, 255, 215, 186, 132, 255, 215, 186, 132, 255, 215, 186, 132, 255, 215, 186, 132, 255, 215, 186, 132, 255, 215, 186, 132, 255, 215, 186, 132, 255, 215, 186, 132, 255, 215, 186, 132, 255, 215, 186, 132, 255, 215, 186, 132, 255, 215, 186, 132, 255, 215, 186, 132, 255, 215, 186, 132, 255, 215, 186, 132, 255, 215, 186, 132, 255, 215, 186, 132, 255, 215, 186, 132, 255, 215, 186, 132, 255, 215, 186, 132, 255, 215, 186, 132, 255, 215, 186, 132, 255, 215, 186, 132, 255, 215, 186, 132, 255, 215, 186, 132, 255, 215, 186, 132, 255, 215, 186, 132, 255, 215, 186, 132, 255, 215, 186, 132, 255, 215, 186, 132, 255, 214, 186, 131, 218, 0, 0, 0, 0, 0, 0, 0, 0, 0, 0, 0, 0, 0, 0, 0, 0, 0, 0, 0, 0, 0, 0, 0, 0, 0, 0, 0, 0, 0, 0, 0, 0, 0, 0, 0, 0, 0, 0, 0, 0, 0, 0, 0, 0, 0, 0, 0, 0, 0, 0, 0, 0, 215, 186, 132, 211, 215, 186, 132, 255, 215, 186, 132, 255, 215, 186, 132, 255, 215, 186, 132, 255, 215, 186, 132, 255, 215, 186, 132, 255, 215, 186, 132, 255, 215, 186, 132, 255, 190, 151, 106, 206, 177, 136, 95, 255, 177, 136, 95, 255, 177, 136, 95, 255, 177, 136, 95, 255, 177, 136, 95, 255, 177, 136, 95, 255, 177, 136, 95, 255, 177, 136, 95, 255, 177, 136, 95, 255, 177, 136, 95, 255, 177, 136, 95, 255, 177, 136, 95, 255, 177, 136, 95, 255, 177, 136, 95, 255, 177, 136, 95, 255, 177, 136, 95, 255, 177, 136, 95, 255, 177, 136, 95, 255, 177, 136, 95, 255, 177, 136, 95, 255, 177, 136, 95, 255, 177, 136, 95, 255, 177, 136, 95, 255, 177, 136, 95, 255, 177, 136, 95, 255, 177, 136, 95, 255, 177, 136, 95, 255, 177, 136, 95, 255, 177, 136, 95, 255, 177, 136, 95, 255, 177, 136, 95, 255, 177, 136, 95, 255, 177, 136, 95, 255, 177, 136, 95, 255, 177, 136, 95, 255, 177, 136, 95, 255, 175, 115, 70, 193, 172, 81, 29, 192, 175, 68, 1, 225, 175, 67, 0, 255, 176, 68, 0, 255, 176, 68, 0, 255, 176, 68, 0, 255, 176, 69, 0, 255, 176, 69, 0, 255, 177, 69, 0, 255, 178, 68, 0, 227, 192, 78, 0, 192, 213, 92, 0, 233, 217, 95, 0, 255, 217, 95, 0, 255, 217, 95, 0, 255, 217, 95, 0, 255, 217, 95, 0, 255, 217, 95, 0, 255, 217, 95, 0, 255, 217, 95, 0, 255, 217, 95, 0, 255, 217, 95, 0, 255, 217, 95, 0, 255, 217, 95, 0, 255, 217, 95, 0, 255, 217, 95, 0, 255, 217, 95, 0, 255, 217, 95, 0, 255, 211, 94, 3, 245, 127, 86, 54, 193, 97, 83, 71, 254, 98, 84, 72, 255, 98, 84, 72, 255, 98, 84, 72, 255, 103, 83, 69, 215, 176, 89, 24, 205, 216, 94, 0, 255, 217, 95, 0, 255, 217, 95, 0, 255, 217, 95, 0, 255, 217, 95, 0, 255, 217, 95, 0, 255, 217, 95, 0, 255, 217, 95, 0, 255, 217, 95, 0, 255, 217, 95, 0, 255, 217, 95, 0, 255, 217, 95, 0, 255, 215, 94, 0, 250, 195, 79, 0, 194, 174, 63, 0, 226, 173, 63, 0, 255, 172, 62, 0, 255, 172, 61, 0, 203, 172, 59, 0, 43, 0, 0, 0, 0, 0, 0, 0, 0, 0, 0, 0, 0, 0, 0, 0, 0, 0, 0, 0, 0, 246, 189, 132, 27, 243, 187, 133, 184, 243, 187, 133, 255, 243, 187, 133, 255, 243, 187, 133, 255, 243, 187, 133, 255, 243, 187, 133, 255, 243, 187, 133, 255, 243, 187, 133, 255, 243, 187, 133, 255, 243, 187, 133, 255, 243, 187, 133, 255, 243, 187, 133, 255, 243, 187, 133, 255, 243, 187, 133, 255, 243, 187, 133, 255, 234, 187, 132, 205, 220, 186, 131, 196, 215, 185, 131, 241, 215, 186, 132, 255, 215, 186, 132, 255, 214, 185, 131, 241, 212, 182, 129, 208, 207, 176, 124, 196, 202, 169, 118, 192, 194, 161, 110, 197, 193, 159, 111, 198, 195, 160, 112, 196, 196, 162, 113, 194, 198, 165, 116, 193, 207, 175, 122, 194, 212, 182, 129, 213, 215, 186, 131, 247, 215, 186, 132, 255, 215, 186, 132, 255, 215, 186, 132, 255, 215, 186, 132, 255, 215, 186, 132, 255, 215, 186, 132, 255, 215, 186, 132, 255, 215, 186, 132, 255, 215, 186, 132, 255, 215, 186, 132, 255, 215, 186, 132, 255, 215, 186, 132, 255, 215, 186, 132, 255, 215, 186, 132, 255, 215, 186, 132, 255, 215, 186, 132, 255, 215, 186, 132, 255, 215, 186, 132, 255, 215, 186, 132, 255, 215, 186, 132, 255, 215, 186, 132, 255, 215, 186, 132, 255, 215, 186, 132, 255, 215, 186, 132, 255, 215, 186, 132, 255, 215, 186, 132, 255, 215, 186, 132, 255, 215, 186, 132, 255, 215, 186, 132, 255, 215, 186, 132, 255, 215, 186, 132, 255, 215, 186, 132, 255, 215, 186, 132, 255, 215, 186, 132, 255, 215, 186, 132, 255, 215, 186, 132, 255, 215, 186, 132, 255, 215, 186, 132, 255, 215, 185, 131, 204, 0, 0, 0, 0, 0, 0, 0, 0, 0, 0, 0, 0, 0, 0, 0, 0, 0, 0, 0, 0, 0, 0, 0, 0, 0, 0, 0, 0, 0, 0, 0, 0, 0, 0, 0, 0, 0, 0, 0, 0, 0, 0, 0, 0, 0, 0, 0, 0, 0, 0, 0, 0, 215, 186, 132, 228, 215, 186, 132, 255, 215, 186, 132, 255, 215, 186, 132, 255, 215, 186, 132, 255, 215, 186, 132, 255, 215, 186, 132, 255, 215, 186, 132, 255, 215, 186, 132, 255, 188, 150, 106, 209, 177, 136, 95, 255, 177, 136, 95, 255, 177, 136, 95, 255, 177, 136, 95, 255, 177, 136, 95, 255, 177, 136, 95, 255, 177, 136, 95, 255, 177, 136, 95, 255, 177, 136, 95, 255, 177, 136, 95, 255, 177, 136, 95, 255, 177, 136, 95, 255, 177, 136, 95, 255, 177, 136, 95, 255, 177, 136, 95, 255, 177, 136, 95, 255, 177, 136, 95, 255, 177, 136, 95, 255, 177, 136, 95, 255, 177, 136, 95, 255, 177, 136, 95, 255, 177, 136, 95, 255, 177, 136, 95, 255, 177, 136, 95, 255, 177, 136, 95, 255, 177, 136, 95, 255, 177, 136, 95, 255, 177, 136, 95, 255, 177, 136, 95, 255, 177, 136, 95, 255, 177, 136, 95, 255, 177, 136, 95, 255, 177, 136, 95, 255, 177, 132, 89, 244, 175, 98, 44, 194, 175, 69, 3, 214, 175, 66, 0, 255, 175, 67, 0, 255, 175, 67, 0, 255, 176, 68, 0, 255, 176, 68, 0, 255, 176, 68, 0, 255, 176, 69, 0, 255, 176, 69, 0, 255, 181, 70, 0, 206, 202, 84, 0, 200, 216, 93, 0, 254, 217, 95, 0, 255, 217, 95, 0, 255, 217, 95, 0, 255, 217, 95, 0, 255, 217, 95, 0, 255, 217, 95, 0, 255, 217, 95, 0, 255, 217, 95, 0, 255, 217, 95, 0, 255, 217, 95, 0, 255, 217, 95, 0, 255, 217, 95, 0, 255, 217, 95, 0, 255, 217, 95, 0, 255, 217, 95, 0, 255, 217, 95, 0, 255, 217, 95, 0, 255, 179, 90, 22, 207, 99, 83, 70, 226, 98, 84, 72, 255, 98, 84, 72, 255, 98, 84, 72, 255, 100, 83, 70, 225, 164, 89, 32, 198, 216, 94, 0, 255, 217, 95, 0, 255, 217, 95, 0, 255, 217, 95, 0, 255, 217, 95, 0, 255, 217, 95, 0, 255, 217, 95, 0, 255, 217, 95, 0, 255, 217, 95, 0, 255, 217, 95, 0, 255, 217, 95, 0, 255, 217, 95, 0, 255, 217, 95, 0, 255, 217, 95, 0, 255, 217, 95, 0, 255, 217, 95, 0, 255, 216, 93, 0, 252, 195, 77, 0, 194, 174, 63, 0, 226, 172, 62, 0, 255, 172, 61, 0, 248, 172, 61, 0, 120, 170, 0, 0, 3, 0, 0, 0, 0, 0, 0, 0, 0, 244, 189, 133, 88, 243, 187, 133, 238, 243, 187, 133, 255, 243, 187, 133, 255, 243, 187, 133, 255, 243, 187, 133, 255, 243, 187, 133, 255, 243, 187, 133, 255, 243, 187, 133, 255, 243, 187, 133, 255, 243, 187, 133, 255, 243, 187, 133, 255, 243, 187, 133, 255, 243, 187, 133, 255, 242, 187, 131, 251, 230, 187, 131, 197, 216, 185, 132, 219, 215, 186, 132, 255, 215, 186, 132, 255, 214, 184, 130, 217, 205, 170, 121, 192, 188, 151, 104, 209, 178, 135, 95, 253, 177, 136, 95, 255, 177, 136, 95, 255, 177, 136, 95, 255, 177, 136, 95, 255, 177, 136, 95, 255, 177, 136, 95, 255, 177, 136, 95, 255, 177, 136, 95, 255, 177, 136, 95, 255, 177, 136, 95, 255, 178, 135, 95, 253, 187, 149, 103, 213, 207, 178, 124, 197, 215, 186, 131, 251, 215, 186, 132, 255, 215, 186, 132, 255, 215, 186, 132, 255, 215, 186, 132, 255, 215, 186, 132, 255, 215, 186, 132, 255, 215, 186, 132, 255, 215, 186, 132, 255, 215, 186, 132, 255, 215, 186, 132, 255, 215, 186, 132, 255, 215, 186, 132, 255, 215, 186, 132, 255, 215, 186, 132, 255, 215, 186, 132, 255, 215, 186, 132, 255, 215, 186, 132, 255, 215, 186, 132, 255, 215, 186, 132, 255, 215, 186, 132, 255, 215, 186, 132, 255, 215, 186, 132, 255, 215, 186, 132, 255, 215, 186, 132, 255, 215, 186, 132, 255, 215, 186, 132, 255, 215, 186, 132, 255, 215, 186, 132, 255, 215, 186, 132, 255, 215, 186, 132, 255, 215, 186, 132, 255, 215, 186, 132, 255, 215, 186, 132, 255, 215, 186, 132, 255, 215, 186, 132, 255, 214, 186, 131, 187, 0, 0, 0, 0, 0, 0, 0, 0, 0, 0, 0, 0, 0, 0, 0, 0, 0, 0, 0, 0, 0, 0, 0, 0, 0, 0, 0, 0, 0, 0, 0, 0, 0, 0, 0, 0, 0, 0, 0, 0, 0, 0, 0, 0, 0, 0, 0, 0, 0, 0, 0, 0, 215, 185, 131, 245, 215, 186, 132, 255, 215, 186, 132, 255, 215, 186, 132, 255, 215, 186, 132, 255, 215, 186, 132, 255, 215, 186, 132, 255, 215, 186, 132, 255, 215, 186, 132, 255, 188, 151, 104, 210, 177, 136, 95, 255, 177, 136, 95, 255, 177, 136, 95, 255, 177, 136, 95, 255, 177, 136, 95, 255, 177, 136, 95, 255, 177, 136, 95, 255, 177, 136, 95, 255, 177, 136, 95, 255, 177, 136, 95, 255, 177, 136, 95, 255, 177, 136, 95, 255, 177, 136, 95, 255, 177, 136, 95, 255, 177, 136, 95, 255, 177, 136, 95, 255, 177, 136, 95, 255, 177, 136, 95, 255, 177, 136, 95, 255, 177, 136, 95, 255, 177, 136, 95, 255, 177, 136, 95, 255, 177, 136, 95, 255, 177, 136, 95, 255, 177, 136, 95, 255, 177, 136, 95, 255, 177, 136, 95, 255, 177, 136, 95, 255, 177, 136, 95, 255, 177, 136, 95, 255, 177, 136, 95, 255, 177, 119, 71, 215, 175, 79, 19, 193, 174, 65, 0, 242, 174, 66, 0, 255, 175, 66, 0, 255, 175, 67, 0, 255, 175, 67, 0, 255, 175, 67, 0, 255, 176, 68, 0, 255, 176, 68, 0, 255, 176, 69, 0, 244, 184, 73, 0, 194, 209, 89, 0, 220, 217, 95, 0, 255, 217, 95, 0, 255, 217, 95, 0, 255, 217, 95, 0, 255, 217, 95, 0, 255, 217, 95, 0, 255, 217, 95, 0, 255, 217, 95, 0, 255, 217, 95, 0, 255, 217, 95, 0, 255, 217, 95, 0, 255, 217, 95, 0, 255, 217, 95, 0, 255, 217, 95, 0, 255, 217, 95, 0, 255, 217, 95, 0, 255, 217, 95, 0, 255, 217, 95, 0, 255, 209, 93, 4, 243, 122, 85, 56, 194, 98, 84, 72, 255, 98, 84, 72, 255, 98, 84, 72, 255, 99, 83, 71, 234, 151, 88, 39, 194, 214, 93, 1, 251, 217, 95, 0, 255, 217, 95, 0, 255, 217, 95, 0, 255, 217, 95, 0, 255, 217, 95, 0, 255, 217, 95, 0, 255, 217, 95, 0, 255, 217, 95, 0, 255, 217, 95, 0, 255, 217, 95, 0, 255, 217, 95, 0, 255, 217, 95, 0, 255, 217, 95, 0, 255, 217, 95, 0, 255, 217, 95, 0, 255, 217, 95, 0, 255, 217, 95, 0, 255, 217, 95, 0, 255, 217, 95, 0, 255, 216, 93, 0, 252, 194, 78, 0, 195, 174, 62, 0, 225, 172, 62, 0, 255, 171, 61, 0, 201, 196, 91, 32, 56, 243, 187, 133, 167, 243, 187, 133, 255, 243, 187, 133, 255, 243, 187, 133, 255, 243, 187, 133, 255, 243, 187, 133, 255, 243, 187, 133, 255, 243, 187, 133, 255, 243, 187, 133, 255, 243, 187, 133, 255, 243, 187, 133, 255, 243, 187, 133, 255, 243, 187, 133, 255, 242, 186, 133, 244, 226, 186, 133, 192, 215, 185, 131, 230, 215, 186, 132, 255, 215, 186, 132, 250, 208, 176, 124, 196, 186, 148, 103, 216, 177, 136, 95, 255, 177, 136, 95, 255, 177, 136, 95, 255, 177, 136, 95, 255, 177, 136, 95, 255, 177, 136, 95, 255, 177, 136, 95, 255, 177, 136, 95, 255, 177, 136, 95, 255, 177, 136, 95, 255, 177, 136, 95, 255, 177, 136, 95, 255, 177, 136, 95, 255, 177, 136, 95, 255, 177, 136, 95, 255, 177, 136, 95, 255, 177, 136, 95, 255, 182, 142, 98, 231, 211, 182, 128, 209, 215, 186, 132, 255, 215, 186, 132, 255, 215, 186, 132, 255, 215, 186, 132, 255, 215, 186, 132, 255, 215, 186, 132, 255, 215, 186, 132, 255, 215, 186, 132, 255, 215, 186, 132, 255, 215, 186, 132, 255, 215, 186, 132, 255, 215, 186, 132, 255, 215, 186, 132, 255, 215, 186, 132, 255, 215, 186, 132, 255, 215, 186, 132, 255, 215, 186, 132, 255, 215, 186, 132, 255, 215, 186, 132, 255, 215, 186, 132, 255, 215, 186, 132, 255, 215, 186, 132, 255, 215, 186, 132, 255, 215, 186, 132, 255, 215, 186, 132, 255, 215, 186, 132, 255, 215, 186, 132, 255, 215, 186, 132, 255, 215, 186, 132, 255, 215, 186, 132, 255, 215, 186, 132, 255, 215, 186, 132, 255, 215, 186, 132, 255, 215, 186, 132, 255, 216, 185, 131, 142, 0, 0, 0, 0, 0, 0, 0, 0, 0, 0, 0, 0, 0, 0, 0, 0, 0, 0, 0, 0, 0, 0, 0, 0, 0, 0, 0, 0, 0, 0, 0, 0, 0, 0, 0, 0, 0, 0, 0, 0, 0, 0, 0, 0, 0, 0, 0, 0, 219, 182, 146, 7, 215, 186, 132, 255, 215, 186, 132, 255, 215, 186, 132, 255, 215, 186, 132, 255, 215, 186, 132, 255, 215, 186, 132, 255, 215, 186, 132, 255, 215, 186, 132, 255, 215, 186, 132, 255, 190, 151, 106, 206, 177, 136, 95, 255, 177, 136, 95, 255, 177, 136, 95, 255, 177, 136, 95, 255, 177, 136, 95, 255, 177, 136, 95, 255, 177, 136, 95, 255, 177, 136, 95, 255, 177, 136, 95, 255, 177, 136, 95, 255, 177, 136, 95, 255, 177, 136, 95, 255, 177, 136, 95, 255, 177, 136, 95, 255, 177, 136, 95, 255, 177, 136, 95, 255, 177, 136, 95, 255, 177, 136, 95, 255, 177, 136, 95, 255, 177, 136, 95, 255, 177, 136, 95, 255, 177, 136, 95, 255, 177, 136, 95, 255, 177, 136, 95, 255, 177, 136, 95, 255, 177, 136, 95, 255, 177, 136, 95, 255, 177, 136, 95, 255, 177, 132, 89, 244, 175, 97, 44, 194, 174, 67, 3, 213, 174, 65, 0, 255, 174, 65, 0, 255, 174, 66, 0, 255, 175, 66, 0, 255, 175, 66, 0, 255, 175, 67, 0, 255, 175, 67, 0, 255, 176, 68, 0, 255, 177, 68, 0, 225, 194, 80, 0, 192, 215, 92, 0, 240, 217, 95, 0, 255, 217, 95, 0, 255, 217, 95, 0, 255, 217, 95, 0, 255, 217, 95, 0, 255, 217, 95, 0, 255, 217, 95, 0, 255, 217, 95, 0, 255, 217, 95, 0, 255, 217, 95, 0, 255, 217, 95, 0, 255, 217, 95, 0, 255, 217, 95, 0, 255, 217, 95, 0, 255, 217, 95, 0, 255, 217, 95, 0, 255, 217, 95, 0, 255, 217, 95, 0, 255, 217, 95, 0, 255, 174, 90, 25, 204, 99, 83, 71, 230, 98, 84, 72, 255, 98, 84, 72, 255, 97, 83, 72, 241, 141, 86, 45, 192, 212, 93, 3, 246, 217, 95, 0, 255, 217, 95, 0, 255, 217, 95, 0, 255, 217, 95, 0, 255, 217, 95, 0, 255, 217, 95, 0, 255, 217, 95, 0, 255, 217, 95, 0, 255, 217, 95, 0, 255, 217, 95, 0, 255, 217, 95, 0, 255, 217, 95, 0, 255, 217, 95, 0, 255, 217, 95, 0, 255, 217, 95, 0, 255, 217, 95, 0, 255, 217, 95, 0, 255, 217, 95, 0, 255, 217, 95, 0, 255, 217, 95, 0, 255, 217, 95, 0, 255, 217, 95, 0, 255, 217, 95, 0, 255, 216, 93, 0, 252, 189, 74, 0, 192, 172, 62, 0, 255, 202, 113, 56, 192, 243, 187, 133, 255, 243, 187, 133, 255, 243, 187, 133, 255, 243, 187, 133, 255, 243, 187, 133, 255, 243, 187, 133, 255, 243, 187, 133, 255, 243, 187, 133, 255, 243, 187, 133, 255, 243, 187, 133, 255, 243, 187, 133, 255, 243, 186, 133, 254, 229, 187, 133, 194, 215, 185, 131, 239, 215, 186, 132, 255, 214, 186, 131, 243, 204, 170, 120, 192, 179, 141, 96, 235, 177, 136, 95, 255, 177, 136, 95, 255, 177, 136, 95, 255, 177, 136, 95, 255, 177, 136, 95, 255, 177, 136, 95, 255, 177, 136, 95, 255, 177, 136, 95, 255, 177, 136, 95, 255, 177, 136, 95, 255, 177, 136, 95, 255, 177, 136, 95, 255, 177, 136, 95, 255, 177, 136, 95, 255, 177, 136, 95, 255, 177, 136, 95, 255, 177, 136, 95, 255, 177, 136, 95, 255, 177, 136, 95, 255, 177, 136, 95, 255, 178, 138, 96, 248, 213, 183, 129, 213, 215, 186, 132, 255, 215, 186, 132, 255, 215, 186, 132, 255, 215, 186, 132, 255, 215, 186, 132, 255, 215, 186, 132, 255, 215, 186, 132, 255, 215, 186, 132, 255, 215, 186, 132, 255, 215, 186, 132, 255, 215, 186, 132, 255, 215, 186, 132, 255, 215, 186, 132, 255, 215, 186, 132, 255, 215, 186, 132, 255, 215, 186, 132, 255, 215, 186, 132, 255, 215, 186, 132, 255, 215, 186, 132, 255, 215, 186, 132, 255, 215, 186, 132, 255, 215, 186, 132, 255, 215, 186, 132, 255, 215, 186, 132, 255, 215, 186, 132, 255, 215, 186, 132, 255, 215, 186, 132, 255, 215, 186, 132, 255, 215, 186, 132, 255, 215, 186, 132, 255, 215, 186, 132, 255, 215, 186, 132, 255, 215, 186, 132, 255, 214, 187, 132, 93, 0, 0, 0, 0, 0, 0, 0, 0, 0, 0, 0, 0, 0, 0, 0, 0, 0, 0, 0, 0, 0, 0, 0, 0, 0, 0, 0, 0, 0, 0, 0, 0, 0, 0, 0, 0, 0, 0, 0, 0, 0, 0, 0, 0, 0, 0, 0, 0, 213, 192, 128, 24, 215, 186, 132, 255, 215, 186, 132, 255, 215, 186, 132, 255, 215, 186, 132, 255, 215, 186, 132, 255, 215, 186, 132, 255, 215, 186, 132, 255, 215, 186, 132, 255, 215, 186, 132, 255, 190, 153, 108, 203, 177, 136, 95, 255, 177, 136, 95, 255, 177, 136, 95, 255, 177, 136, 95, 255, 177, 136, 95, 255, 177, 136, 95, 255, 177, 136, 95, 255, 177, 136, 95, 255, 177, 136, 95, 255, 177, 136, 95, 255, 177, 136, 95, 255, 177, 136, 95, 255, 177, 136, 95, 255, 177, 136, 95, 255, 177, 136, 95, 255, 177, 136, 95, 255, 177, 136, 95, 255, 177, 136, 95, 255, 177, 136, 95, 255, 177, 136, 95, 255, 177, 136, 95, 255, 177, 136, 95, 255, 177, 136, 95, 255, 177, 136, 95, 255, 177, 136, 95, 255, 177, 136, 95, 255, 175, 118, 72, 216, 173, 78, 19, 193, 173, 64, 0, 242, 173, 64, 0, 255, 174, 64, 0, 255, 174, 65, 0, 255, 174, 65, 0, 255, 174, 66, 0, 255, 175, 66, 0, 255, 175, 67, 0, 255, 175, 67, 0, 255, 181, 70, 0, 203, 202, 84, 0, 202, 216, 93, 0, 254, 217, 95, 0, 255, 217, 95, 0, 255, 217, 95, 0, 255, 217, 95, 0, 255, 217, 95, 0, 255, 217, 95, 0, 255, 217, 95, 0, 255, 217, 95, 0, 255, 217, 95, 0, 255, 217, 95, 0, 255, 217, 95, 0, 255, 217, 95, 0, 255, 217, 95, 0, 255, 217, 95, 0, 255, 217, 95, 0, 255, 217, 95, 0, 255, 217, 95, 0, 255, 217, 95, 0, 255, 217, 95, 0, 255, 208, 93, 5, 241, 120, 85, 59, 195, 98, 84, 72, 255, 98, 84, 72, 255, 98, 82, 69, 251, 129, 85, 50, 192, 207, 93, 5, 239, 217, 95, 0, 255, 217, 95, 0, 255, 217, 95, 0, 255, 217, 95, 0, 255, 217, 95, 0, 255, 217, 95, 0, 255, 217, 95, 0, 255, 217, 95, 0, 255, 217, 95, 0, 255, 217, 95, 0, 255, 217, 95, 0, 255, 217, 95, 0, 255, 217, 95, 0, 255, 217, 95, 0, 255, 217, 95, 0, 255, 217, 95, 0, 255, 217, 95, 0, 255, 217, 95, 0, 255, 217, 95, 0, 255, 217, 95, 0, 255, 217, 95, 0, 255, 217, 95, 0, 255, 217, 95, 0, 255, 217, 95, 0, 255, 217, 95, 0, 255, 217, 95, 0, 255, 205, 86, 0, 211, 172, 62, 0, 255, 232, 168, 112, 227, 243, 187, 133, 255, 243, 187, 133, 255, 243, 187, 133, 255, 243, 187, 133, 255, 243, 187, 133, 255, 243, 187, 133, 255, 243, 187, 133, 255, 243, 187, 133, 255, 243, 187, 133, 255, 243, 187, 133, 255, 236, 186, 133, 215, 216, 186, 131, 214, 215, 186, 132, 255, 215, 186, 132, 255, 207, 178, 124, 197, 181, 141, 98, 233, 177, 136, 95, 255, 177, 136, 95, 255, 177, 136, 95, 255, 177, 136, 95, 255, 177, 136, 95, 255, 177, 136, 95, 255, 177, 136, 95, 255, 177, 136, 95, 255, 177, 136, 95, 255, 177, 136, 95, 255, 177, 136, 95, 255, 177, 136, 95, 255, 177, 136, 95, 255, 177, 136, 95, 255, 177, 136, 95, 255, 177, 136, 95, 255, 177, 136, 95, 255, 177, 136, 95, 255, 177, 136, 95, 255, 177, 136, 95, 255, 177, 136, 95, 255, 177, 136, 95, 255, 177, 136, 95, 255, 186, 149, 103, 213, 215, 186, 132, 255, 215, 186, 132, 255, 215, 186, 132, 255, 215, 186, 132, 255, 215, 186, 132, 255, 215, 186, 132, 255, 215, 186, 132, 255, 215, 186, 132, 255, 215, 186, 132, 255, 215, 186, 132, 255, 215, 186, 132, 255, 215, 186, 132, 255, 215, 186, 132, 255, 215, 186, 132, 255, 215, 186, 132, 255, 215, 186, 132, 255, 215, 186, 132, 255, 215, 186, 132, 255, 215, 186, 132, 255, 215, 186, 132, 255, 215, 186, 132, 255, 215, 186, 132, 255, 215, 186, 132, 255, 215, 186, 132, 255, 215, 186, 132, 255, 215, 186, 132, 255, 215, 186, 132, 255, 215, 186, 132, 255, 215, 186, 132, 255, 215, 186, 132, 255, 215, 186, 132, 255, 215, 186, 132, 255, 215, 186, 132, 255, 216, 187, 130, 45, 0, 0, 0, 0, 0, 0, 0, 0, 0, 0, 0, 0, 0, 0, 0, 0, 0, 0, 0, 0, 0, 0, 0, 0, 0, 0, 0, 0, 0, 0, 0, 0, 0, 0, 0, 0, 0, 0, 0, 0, 0, 0, 0, 0, 0, 0, 0, 0, 219, 188, 134, 42, 215, 186, 132, 255, 215, 186, 132, 255, 215, 186, 132, 255, 215, 186, 132, 255, 215, 186, 132, 255, 215, 186, 132, 255, 215, 186, 132, 255, 215, 186, 132, 255, 215, 186, 132, 255, 192, 156, 110, 199, 177, 136, 95, 255, 177, 136, 95, 255, 177, 136, 95, 255, 177, 136, 95, 255, 177, 136, 95, 255, 177, 136, 95, 255, 177, 136, 95, 255, 177, 136, 95, 255, 177, 136, 95, 255, 177, 136, 95, 255, 177, 136, 95, 255, 177, 136, 95, 255, 177, 136, 95, 255, 177, 136, 95, 255, 177, 136, 95, 255, 177, 136, 95, 255, 177, 136, 95, 255, 177, 136, 95, 255, 177, 136, 95, 255, 177, 136, 95, 255, 177, 136, 95, 255, 177, 136, 95, 255, 177, 136, 95, 255, 177, 131, 89, 245, 175, 97, 46, 194, 173, 66, 4, 213, 173, 63, 0, 255, 173, 63, 0, 255, 173, 64, 0, 255, 173, 64, 0, 255, 174, 65, 0, 255, 174, 65, 0, 255, 174, 65, 0, 255, 175, 66, 0, 255, 175, 66, 0, 243, 185, 72, 0, 193, 209, 88, 0, 222, 217, 95, 0, 255, 217, 95, 0, 255, 217, 95, 0, 255, 217, 95, 0, 255, 217, 95, 0, 255, 217, 95, 0, 255, 217, 95, 0, 255, 217, 95, 0, 255, 217, 95, 0, 255, 217, 95, 0, 255, 217, 95, 0, 255, 217, 95, 0, 255, 217, 95, 0, 255, 217, 95, 0, 255, 217, 95, 0, 255, 217, 95, 0, 255, 217, 95, 0, 255, 217, 95, 0, 255, 217, 95, 0, 255, 217, 95, 0, 255, 216, 93, 0, 251, 173, 88, 22, 196, 99, 83, 70, 232, 98, 84, 72, 255, 98, 84, 72, 255, 113, 81, 57, 221, 173, 76, 6, 192, 216, 94, 0, 255, 217, 95, 0, 255, 217, 95, 0, 255, 217, 95, 0, 255, 217, 95, 0, 255, 217, 95, 0, 255, 217, 95, 0, 255, 217, 95, 0, 255, 217, 95, 0, 255, 217, 95, 0, 255, 217, 95, 0, 255, 217, 95, 0, 255, 217, 95, 0, 255, 217, 95, 0, 255, 217, 95, 0, 255, 217, 95, 0, 255, 217, 95, 0, 255, 217, 95, 0, 255, 217, 95, 0, 255, 217, 95, 0, 255, 217, 95, 0, 255, 217, 95, 0, 255, 217, 95, 0, 255, 217, 95, 0, 255, 217, 95, 0, 255, 217, 95, 0, 255, 217, 95, 0, 255, 217, 95, 0, 255, 202, 84, 0, 204, 173, 63, 0, 234, 242, 186, 132, 255, 243, 187, 133, 255, 243, 187, 133, 255, 243, 187, 133, 255, 243, 187, 133, 255, 243, 187, 133, 255, 243, 187, 133, 255, 243, 187, 133, 255, 243, 187, 133, 255, 241, 188, 132, 241, 221, 186, 131, 194, 215, 186, 132, 254, 215, 186, 132, 255, 213, 184, 130, 216, 188, 149, 104, 211, 177, 136, 95, 255, 177, 136, 95, 255, 177, 136, 95, 255, 177, 136, 95, 255, 177, 136, 95, 255, 177, 136, 95, 255, 177, 136, 95, 255, 177, 136, 95, 255, 177, 136, 95, 255, 177, 136, 95, 255, 177, 136, 95, 255, 177, 136, 95, 255, 177, 136, 95, 255, 177, 136, 95, 255, 177, 136, 95, 255, 177, 136, 95, 255, 177, 136, 95, 255, 177, 136, 95, 255, 177, 136, 95, 255, 177, 136, 95, 255, 177, 136, 95, 255, 177, 136, 95, 255, 177, 136, 95, 255, 177, 136, 95, 255, 177, 136, 95, 255, 177, 136, 95, 255, 212, 183, 129, 212, 215, 186, 132, 255, 215, 186, 132, 255, 215, 186, 132, 255, 215, 186, 132, 255, 215, 186, 132, 255, 215, 186, 132, 255, 215, 186, 132, 255, 215, 186, 132, 255, 215, 186, 132, 255, 215, 186, 132, 255, 215, 186, 132, 255, 215, 186, 132, 255, 215, 186, 132, 255, 215, 186, 132, 255, 215, 186, 132, 255, 215, 186, 132, 255, 215, 186, 132, 255, 215, 186, 132, 255, 215, 186, 132, 255, 215, 186, 132, 255, 215, 186, 132, 255, 215, 186, 132, 255, 215, 186, 132, 255, 215, 186, 132, 255, 215, 186, 132, 255, 215, 186, 132, 255, 215, 186, 132, 255, 215, 186, 132, 255, 215, 186, 132, 255, 215, 186, 132, 255, 215, 186, 132, 255, 214, 186, 131, 249, 255, 204, 153, 5, 0, 0, 0, 0, 0, 0, 0, 0, 0, 0, 0, 0, 0, 0, 0, 0, 0, 0, 0, 0, 0, 0, 0, 0, 0, 0, 0, 0, 0, 0, 0, 0, 0, 0, 0, 0, 0, 0, 0, 0, 0, 0, 0, 0, 0, 0, 0, 0, 216, 186, 130, 59, 215, 186, 132, 255, 215, 186, 132, 255, 215, 186, 132, 255, 215, 186, 132, 255, 215, 186, 132, 255, 215, 186, 132, 255, 215, 186, 132, 255, 215, 186, 132, 255, 215, 186, 132, 255, 196, 158, 111, 197, 177, 136, 95, 255, 177, 136, 95, 255, 177, 136, 95, 255, 177, 136, 95, 255, 177, 136, 95, 255, 177, 136, 95, 255, 177, 136, 95, 255, 177, 136, 95, 255, 177, 136, 95, 255, 177, 136, 95, 255, 177, 136, 95, 255, 177, 136, 95, 255, 177, 136, 95, 255, 177, 136, 95, 255, 177, 136, 95, 255, 177, 136, 95, 255, 177, 136, 95, 255, 177, 136, 95, 255, 177, 136, 95, 255, 177, 136, 95, 255, 176, 135, 93, 254, 169, 118, 80, 206, 172, 77, 21, 192, 173, 61, 0, 241, 172, 62, 0, 255, 172, 62, 0, 255, 173, 63, 0, 255, 173, 63, 0, 255, 173, 64, 0, 255, 174, 64, 0, 255, 174, 65, 0, 255, 174, 65, 0, 255, 175, 66, 0, 235, 189, 76, 0, 192, 214, 92, 0, 240, 217, 95, 0, 255, 217, 95, 0, 255, 217, 95, 0, 255, 217, 95, 0, 255, 217, 95, 0, 255, 217, 95, 0, 255, 217, 95, 0, 255, 217, 95, 0, 255, 217, 95, 0, 255, 217, 95, 0, 255, 217, 95, 0, 255, 217, 95, 0, 255, 217, 95, 0, 255, 217, 95, 0, 255, 217, 95, 0, 255, 217, 95, 0, 255, 217, 95, 0, 255, 217, 95, 0, 255, 217, 95, 0, 255, 217, 95, 0, 255, 210, 91, 0, 225, 190, 80, 0, 192, 169, 76, 9, 193, 100, 82, 69, 250, 98, 84, 72, 255, 98, 83, 71, 255, 144, 78, 30, 193, 180, 74, 0, 246, 185, 78, 0, 200, 217, 95, 0, 255, 217, 95, 0, 255, 217, 95, 0, 255, 217, 95, 0, 255, 217, 95, 0, 255, 217, 95, 0, 255, 217, 95, 0, 255, 217, 95, 0, 255, 217, 95, 0, 255, 217, 95, 0, 255, 217, 95, 0, 255, 217, 95, 0, 255, 217, 95, 0, 255, 217, 95, 0, 255, 217, 95, 0, 255, 217, 95, 0, 255, 217, 95, 0, 255, 217, 95, 0, 255, 217, 95, 0, 255, 217, 95, 0, 255, 217, 95, 0, 255, 217, 95, 0, 255, 217, 95, 0, 255, 217, 95, 0, 255, 217, 95, 0, 255, 217, 95, 0, 255, 217, 95, 0, 255, 217, 95, 0, 255, 199, 81, 0, 198, 177, 71, 8, 208, 241, 188, 132, 241, 243, 187, 133, 255, 243, 187, 133, 255, 243, 187, 133, 255, 243, 187, 133, 255, 243, 187, 133, 255, 243, 187, 133, 255, 243, 187, 133, 255, 236, 186, 131, 214, 215, 185, 131, 230, 215, 186, 132, 255, 215, 186, 132, 254, 202, 169, 120, 192, 178, 135, 95, 253, 177, 136, 95, 255, 177, 136, 95, 255, 177, 136, 95, 255, 177, 136, 95, 255, 177, 136, 95, 255, 177, 136, 95, 255, 177, 136, 95, 255, 177, 136, 95, 255, 177, 136, 95, 255, 177, 136, 95, 255, 177, 136, 95, 255, 177, 136, 95, 255, 177, 136, 95, 255, 177, 136, 95, 255, 177, 136, 95, 255, 177, 136, 95, 255, 177, 136, 95, 255, 177, 136, 95, 255, 177, 136, 95, 255, 177, 136, 95, 255, 177, 136, 95, 255, 177, 136, 95, 255, 177, 136, 95, 255, 177, 136, 95, 255, 177, 136, 95, 255, 177, 136, 95, 255, 177, 136, 95, 255, 200, 164, 115, 193, 215, 186, 132, 255, 215, 186, 132, 255, 215, 186, 132, 255, 215, 186, 132, 255, 215, 186, 132, 255, 215, 186, 132, 255, 215, 186, 132, 255, 215, 186, 132, 255, 215, 186, 132, 255, 215, 186, 132, 255, 215, 186, 132, 255, 215, 186, 132, 255, 215, 186, 132, 255, 215, 186, 132, 255, 215, 186, 132, 255, 215, 186, 132, 255, 215, 186, 132, 255, 215, 186, 132, 255, 215, 186, 132, 255, 215, 186, 132, 255, 215, 186, 132, 255, 215, 186, 132, 255, 215, 186, 132, 255, 215, 186, 132, 255, 215, 186, 132, 255, 215, 186, 132, 255, 215, 186, 132, 255, 215, 186, 132, 255, 215, 186, 132, 255, 215, 186, 132, 255, 215, 186, 132, 255, 215, 185, 131, 204, 0, 0, 0, 0, 0, 0, 0, 0, 0, 0, 0, 0, 0, 0, 0, 0, 0, 0, 0, 0, 0, 0, 0, 0, 0, 0, 0, 0, 0, 0, 0, 0, 0, 0, 0, 0, 0, 0, 0, 0, 0, 0, 0, 0, 0, 0, 0, 0, 0, 0, 0, 0, 216, 186, 132, 77, 215, 186, 132, 255, 215, 186, 132, 255, 215, 186, 132, 255, 215, 186, 132, 255, 215, 186, 132, 255, 215, 186, 132, 255, 215, 186, 132, 255, 215, 186, 132, 255, 215, 186, 132, 255, 196, 162, 114, 195, 177, 136, 95, 255, 177, 136, 95, 255, 177, 136, 95, 255, 177, 136, 95, 255, 177, 136, 95, 255, 177, 136, 95, 255, 177, 136, 95, 255, 177, 136, 95, 255, 177, 136, 95, 255, 177, 136, 95, 255, 177, 136, 95, 255, 177, 136, 95, 255, 177, 136, 95, 255, 177, 136, 95, 255, 177, 136, 95, 255, 177, 136, 95, 255, 177, 136, 95, 255, 176, 135, 95, 255, 164, 124, 91, 210, 146, 99, 78, 187, 163, 69, 21, 188, 171, 60, 0, 247, 172, 61, 0, 255, 172, 62, 0, 255, 172, 62, 0, 255, 172, 62, 0, 255, 173, 63, 0, 255, 173, 63, 0, 255, 173, 64, 0, 255, 174, 64, 0, 255, 175, 65, 0, 226, 193, 78, 0, 193, 215, 93, 0, 247, 217, 95, 0, 255, 217, 95, 0, 255, 217, 95, 0, 255, 217, 95, 0, 255, 217, 95, 0, 255, 217, 95, 0, 255, 217, 95, 0, 255, 217, 95, 0, 255, 217, 95, 0, 255, 217, 95, 0, 255, 217, 95, 0, 255, 217, 95, 0, 255, 217, 95, 0, 255, 217, 95, 0, 255, 217, 95, 0, 255, 217, 95, 0, 255, 217, 95, 0, 255, 217, 95, 0, 255, 217, 95, 0, 255, 215, 93, 0, 249, 201, 85, 0, 197, 183, 76, 0, 207, 180, 75, 0, 255, 173, 75, 4, 207, 100, 82, 68, 247, 98, 84, 72, 255, 107, 83, 62, 231, 173, 74, 6, 205, 180, 75, 0, 255, 180, 75, 0, 255, 180, 75, 0, 235, 214, 94, 0, 242, 217, 95, 0, 255, 217, 95, 0, 255, 217, 95, 0, 255, 217, 95, 0, 255, 217, 95, 0, 255, 217, 95, 0, 255, 217, 95, 0, 255, 217, 95, 0, 255, 217, 95, 0, 255, 217, 95, 0, 255, 217, 95, 0, 255, 217, 95, 0, 255, 217, 95, 0, 255, 217, 95, 0, 255, 217, 95, 0, 255, 217, 95, 0, 255, 217, 95, 0, 255, 217, 95, 0, 255, 217, 95, 0, 255, 217, 95, 0, 255, 217, 95, 0, 255, 217, 95, 0, 255, 217, 95, 0, 255, 217, 95, 0, 255, 217, 95, 0, 255, 217, 95, 0, 255, 217, 95, 0, 255, 195, 78, 0, 195, 180, 84, 22, 196, 234, 188, 133, 204, 243, 187, 133, 255, 243, 187, 133, 255, 243, 187, 133, 255, 243, 187, 133, 255, 243, 187, 133, 255, 243, 187, 133, 255, 229, 187, 132, 195, 214, 186, 131, 249, 215, 186, 132, 255, 214, 185, 130, 233, 190, 152, 106, 206, 177, 136, 95, 255, 177, 136, 95, 255, 177, 136, 95, 255, 177, 136, 95, 255, 177, 136, 95, 255, 177, 136, 95, 255, 177, 136, 95, 255, 177, 136, 95, 255, 177, 136, 95, 255, 177, 136, 95, 255, 177, 136, 95, 255, 177, 136, 95, 255, 177, 136, 95, 255, 177, 136, 95, 255, 177, 136, 95, 255, 177, 136, 95, 255, 177, 136, 95, 255, 177, 136, 95, 255, 177, 136, 95, 255, 177, 136, 95, 255, 177, 136, 95, 255, 177, 136, 95, 255, 177, 136, 95, 255, 177, 136, 95, 255, 177, 136, 95, 255, 177, 136, 95, 255, 177, 136, 95, 255, 177, 136, 95, 255, 177, 136, 95, 255, 192, 155, 108, 202, 215, 186, 132, 255, 215, 186, 132, 255, 215, 186, 132, 255, 215, 186, 132, 255, 215, 186, 132, 255, 215, 186, 132, 255, 215, 186, 132, 255, 215, 186, 132, 255, 215, 186, 132, 255, 215, 186, 132, 255, 215, 186, 132, 255, 215, 186, 132, 255, 215, 186, 132, 255, 215, 186, 132, 255, 215, 186, 132, 255, 215, 186, 132, 255, 215, 186, 132, 255, 215, 186, 132, 255, 215, 186, 132, 255, 215, 186, 132, 255, 215, 186, 132, 255, 215, 186, 132, 255, 215, 186, 132, 255, 215, 186, 132, 255, 215, 186, 132, 255, 215, 186, 132, 255, 215, 186, 132, 255, 215, 186, 132, 255, 215, 186, 132, 255, 215, 186, 132, 255, 215, 186, 132, 255, 215, 186, 132, 151, 0, 0, 0, 0, 0, 0, 0, 0, 0, 0, 0, 0, 0, 0, 0, 0, 0, 0, 0, 0, 0, 0, 0, 0, 0, 0, 0, 0, 0, 0, 0, 0, 0, 0, 0, 0, 0, 0, 0, 0, 0, 0, 0, 0, 0, 0, 0, 0, 0, 0, 0, 0, 215, 187, 130, 94, 215, 186, 132, 255, 215, 186, 132, 255, 215, 186, 132, 255, 215, 186, 132, 255, 215, 186, 132, 255, 215, 186, 132, 255, 215, 186, 132, 255, 215, 186, 132, 255, 215, 186, 132, 255, 198, 163, 115, 193, 177, 136, 95, 255, 177, 136, 95, 255, 177, 136, 95, 255, 177, 136, 95, 255, 177, 136, 95, 255, 177, 136, 95, 255, 177, 136, 95, 255, 177, 136, 95, 255, 177, 136, 95, 255, 177, 136, 95, 255, 177, 136, 95, 255, 177, 136, 95, 255, 177, 136, 95, 255, 177, 136, 95, 255, 177, 135, 94, 255, 166, 126, 91, 215, 143, 106, 90, 193, 133, 92, 80, 217, 158, 69, 26, 191, 171, 60, 0, 243, 171, 60, 0, 255, 171, 61, 0, 255, 172, 61, 0, 255, 172, 62, 0, 255, 172, 62, 0, 255, 172, 63, 0, 255, 173, 63, 0, 255, 173, 64, 0, 255, 175, 65, 0, 216, 197, 80, 0, 197, 216, 94, 0, 253, 217, 95, 0, 255, 217, 95, 0, 255, 217, 95, 0, 255, 217, 95, 0, 255, 217, 95, 0, 255, 217, 95, 0, 255, 217, 95, 0, 255, 217, 95, 0, 255, 217, 95, 0, 255, 217, 95, 0, 255, 217, 95, 0, 255, 217, 95, 0, 255, 217, 95, 0, 255, 217, 95, 0, 255, 217, 95, 0, 255, 217, 95, 0, 255, 217, 95, 0, 255, 217, 95, 0, 255, 217, 95, 0, 255, 210, 90, 0, 220, 190, 80, 0, 192, 180, 74, 0, 237, 180, 75, 0, 255, 180, 75, 0, 255, 174, 76, 3, 210, 102, 82, 67, 245, 98, 84, 72, 255, 134, 80, 38, 198, 181, 75, 0, 240, 181, 76, 0, 255, 181, 76, 0, 255, 181, 76, 0, 255, 181, 76, 0, 255, 185, 79, 0, 197, 216, 94, 0, 255, 217, 95, 0, 255, 217, 95, 0, 255, 217, 95, 0, 255, 217, 95, 0, 255, 217, 95, 0, 255, 217, 95, 0, 255, 217, 95, 0, 255, 217, 95, 0, 255, 217, 95, 0, 255, 217, 95, 0, 255, 217, 95, 0, 255, 217, 95, 0, 255, 217, 95, 0, 255, 217, 95, 0, 255, 217, 95, 0, 255, 217, 95, 0, 255, 217, 95, 0, 255, 217, 95, 0, 255, 217, 95, 0, 255, 217, 95, 0, 255, 217, 95, 0, 255, 217, 95, 0, 255, 217, 95, 0, 255, 217, 95, 0, 255, 217, 95, 0, 255, 217, 95, 0, 255, 192, 76, 0, 192, 187, 104, 44, 191, 225, 186, 132, 192, 243, 187, 133, 255, 243, 187, 133, 255, 243, 187, 133, 255, 243, 187, 133, 255, 242, 187, 131, 249, 221, 187, 131, 194, 215, 186, 132, 255, 215, 186, 132, 255, 212, 181, 128, 204, 181, 140, 99, 235, 177, 136, 95, 255, 177, 136, 95, 255, 177, 136, 95, 255, 177, 136, 95, 255, 177, 136, 95, 255, 177, 136, 95, 255, 177, 136, 95, 255, 177, 136, 95, 255, 177, 136, 95, 255, 177, 136, 95, 255, 177, 136, 95, 255, 177, 136, 95, 255, 177, 136, 95, 255, 177, 136, 95, 255, 177, 136, 95, 255, 177, 136, 95, 255, 177, 136, 95, 255, 177, 136, 95, 255, 177, 136, 95, 255, 177, 136, 95, 255, 177, 136, 95, 255, 177, 136, 95, 255, 177, 136, 95, 255, 177, 136, 95, 255, 177, 136, 95, 255, 177, 136, 95, 255, 177, 136, 95, 255, 177, 136, 95, 255, 177, 136, 95, 255, 177, 136, 95, 255, 186, 147, 102, 217, 215, 186, 132, 255, 215, 186, 132, 255, 215, 186, 132, 255, 215, 186, 132, 255, 215, 186, 132, 255, 215, 186, 132, 255, 215, 186, 132, 255, 215, 186, 132, 255, 215, 186, 132, 255, 215, 186, 132, 255, 215, 186, 132, 255, 215, 186, 132, 255, 215, 186, 132, 255, 215, 186, 132, 255, 215, 186, 132, 255, 215, 186, 132, 255, 215, 186, 132, 255, 215, 186, 132, 255, 215, 186, 132, 255, 215, 186, 132, 255, 215, 186, 132, 255, 215, 186, 132, 255, 215, 186, 132, 255, 215, 186, 132, 255, 215, 186, 132, 255, 215, 186, 132, 255, 215, 186, 132, 255, 215, 186, 132, 255, 215, 186, 132, 255, 215, 186, 132, 255, 215, 186, 132, 255, 217, 185, 131, 80, 0, 0, 0, 0, 0, 0, 0, 0, 0, 0, 0, 0, 0, 0, 0, 0, 0, 0, 0, 0, 0, 0, 0, 0, 0, 0, 0, 0, 0, 0, 0, 0, 0, 0, 0, 0, 0, 0, 0, 0, 0, 0, 0, 0, 0, 0, 0, 0, 0, 0, 0, 0, 215, 186, 133, 100, 215, 186, 132, 255, 215, 186, 132, 255, 215, 186, 132, 255, 215, 186, 132, 255, 215, 186, 132, 255, 215, 186, 132, 255, 215, 186, 132, 255, 215, 186, 132, 255, 215, 186, 132, 255, 201, 166, 116, 192, 177, 136, 95, 255, 177, 136, 95, 255, 177, 136, 95, 255, 177, 136, 95, 255, 177, 136, 95, 255, 177, 136, 95, 255, 177, 136, 95, 255, 177, 136, 95, 255, 177, 136, 95, 255, 177, 136, 95, 255, 177, 136, 95, 255, 177, 136, 95, 255, 174, 133, 93, 241, 151, 113, 91, 194, 132, 97, 87, 216, 133, 92, 82, 244, 156, 71, 30, 191, 169, 58, 0, 240, 170, 59, 0, 255, 171, 60, 0, 255, 171, 60, 0, 255, 171, 61, 0, 255, 172, 61, 0, 255, 172, 62, 0, 255, 172, 62, 0, 255, 173, 63, 0, 255, 176, 65, 0, 207, 200, 82, 0, 204, 216, 94, 0, 255, 217, 95, 0, 255, 217, 95, 0, 255, 217, 95, 0, 255, 217, 95, 0, 255, 217, 95, 0, 255, 217, 95, 0, 255, 217, 95, 0, 255, 217, 95, 0, 255, 217, 95, 0, 255, 217, 95, 0, 255, 217, 95, 0, 255, 217, 95, 0, 255, 217, 95, 0, 255, 217, 95, 0, 255, 217, 95, 0, 255, 217, 95, 0, 255, 217, 95, 0, 255, 217, 95, 0, 255, 215, 93, 0, 246, 199, 84, 0, 195, 181, 75, 0, 210, 180, 74, 0, 255, 180, 75, 0, 255, 180, 75, 0, 255, 180, 75, 0, 255, 176, 75, 3, 213, 103, 82, 67, 242, 98, 83, 71, 255, 156, 77, 21, 192, 181, 77, 0, 255, 181, 77, 0, 255, 181, 77, 0, 255, 181, 77, 0, 255, 181, 76, 0, 255, 181, 76, 0, 255, 181, 76, 0, 255, 186, 78, 0, 198, 215, 94, 0, 247, 217, 95, 0, 255, 217, 95, 0, 255, 217, 95, 0, 255, 217, 95, 0, 255, 217, 95, 0, 255, 217, 95, 0, 255, 217, 95, 0, 255, 217, 95, 0, 255, 217, 95, 0, 255, 217, 95, 0, 255, 217, 95, 0, 255, 217, 95, 0, 255, 217, 95, 0, 255, 217, 95, 0, 255, 217, 95, 0, 255, 217, 95, 0, 255, 217, 95, 0, 255, 217, 95, 0, 255, 217, 95, 0, 255, 217, 95, 0, 255, 217, 95, 0, 255, 217, 95, 0, 255, 217, 95, 0, 255, 216, 94, 0, 253, 203, 84, 0, 206, 176, 65, 0, 207, 190, 113, 53, 192, 219, 186, 131, 204, 243, 187, 133, 255, 243, 187, 133, 255, 243, 187, 133, 255, 242, 188, 132, 241, 217, 187, 131, 212, 215, 186, 132, 255, 215, 186, 132, 255, 208, 175, 122, 193, 177, 136, 94, 254, 177, 136, 95, 255, 177, 136, 95, 255, 177, 136, 95, 255, 177, 136, 95, 255, 177, 136, 95, 255, 177, 136, 95, 255, 177, 136, 95, 255, 177, 136, 95, 255, 177, 136, 95, 255, 177, 136, 95, 255, 177, 136, 95, 255, 177, 136, 95, 255, 177, 136, 95, 255, 177, 136, 95, 255, 177, 136, 95, 255, 177, 136, 95, 255, 177, 136, 95, 255, 177, 136, 95, 255, 177, 136, 95, 255, 177, 136, 95, 255, 177, 136, 95, 255, 177, 136, 95, 255, 177, 136, 95, 255, 177, 136, 95, 255, 177, 136, 95, 255, 177, 136, 95, 255, 177, 136, 95, 255, 177, 136, 95, 255, 177, 136, 95, 255, 177, 136, 95, 255, 177, 136, 95, 255, 183, 143, 99, 228, 215, 186, 132, 255, 215, 186, 132, 255, 215, 186, 132, 255, 215, 186, 132, 255, 215, 186, 132, 255, 215, 186, 132, 255, 215, 186, 132, 255, 215, 186, 132, 255, 215, 186, 132, 255, 215, 186, 132, 255, 215, 186, 132, 255, 215, 186, 132, 255, 215, 186, 132, 255, 215, 186, 132, 255, 215, 186, 132, 255, 215, 186, 132, 255, 215, 186, 132, 255, 215, 186, 132, 255, 215, 186, 132, 255, 215, 186, 132, 255, 215, 186, 132, 255, 215, 186, 132, 255, 215, 186, 132, 255, 215, 186, 132, 255, 215, 186, 132, 255, 215, 186, 132, 255, 215, 186, 132, 255, 215, 186, 132, 255, 215, 186, 132, 255, 215, 186, 132, 255, 215, 186, 131, 251, 219, 182, 128, 14, 0, 0, 0, 0, 0, 0, 0, 0, 0, 0, 0, 0, 0, 0, 0, 0, 0, 0, 0, 0, 0, 0, 0, 0, 0, 0, 0, 0, 0, 0, 0, 0, 0, 0, 0, 0, 0, 0, 0, 0, 0, 0, 0, 0, 0, 0, 0, 0, 0, 0, 0, 0, 215, 186, 133, 100, 215, 186, 132, 255, 215, 186, 132, 255, 215, 186, 132, 255, 215, 186, 132, 255, 215, 186, 132, 255, 215, 186, 132, 255, 215, 186, 132, 255, 215, 186, 132, 255, 215, 186, 132, 255, 202, 169, 118, 192, 177, 136, 95, 255, 177, 136, 95, 255, 177, 136, 95, 255, 177, 136, 95, 255, 177, 136, 95, 255, 177, 136, 95, 255, 177, 136, 95, 255, 177, 136, 95, 255, 177, 136, 95, 255, 177, 135, 94, 255, 162, 123, 91, 209, 138, 101, 88, 196, 130, 95, 88, 247, 131, 93, 83, 247, 153, 72, 34, 192, 169, 58, 0, 236, 170, 58, 0, 255, 170, 59, 0, 255, 170, 59, 0, 255, 171, 60, 0, 255, 171, 60, 0, 255, 171, 61, 0, 255, 172, 61, 0, 255, 172, 62, 0, 255, 177, 65, 0, 200, 206, 85, 0, 212, 217, 95, 0, 255, 217, 95, 0, 255, 217, 95, 0, 255, 217, 95, 0, 255, 217, 95, 0, 255, 217, 95, 0, 255, 217, 95, 0, 255, 217, 95, 0, 255, 217, 95, 0, 255, 217, 95, 0, 255, 217, 95, 0, 255, 217, 95, 0, 255, 217, 95, 0, 255, 217, 95, 0, 255, 217, 95, 0, 255, 217, 95, 0, 255, 217, 95, 0, 255, 217, 95, 0, 255, 217, 95, 0, 255, 208, 90, 0, 216, 188, 78, 0, 193, 180, 73, 0, 240, 179, 74, 0, 255, 180, 74, 0, 255, 180, 75, 0, 255, 180, 75, 0, 255, 180, 75, 0, 255, 179, 76, 1, 220, 103, 82, 66, 240, 99, 83, 68, 249, 169, 77, 10, 198, 181, 77, 0, 255, 181, 77, 0, 255, 181, 77, 0, 255, 181, 77, 0, 255, 181, 77, 0, 255, 181, 77, 0, 255, 181, 77, 0, 255, 181, 77, 0, 255, 181, 76, 0, 255, 183, 76, 0, 218, 197, 84, 0, 193, 214, 92, 0, 235, 217, 95, 0, 255, 217, 95, 0, 255, 217, 95, 0, 255, 217, 95, 0, 255, 217, 95, 0, 255, 217, 95, 0, 255, 217, 95, 0, 255, 217, 95, 0, 255, 217, 95, 0, 255, 217, 95, 0, 255, 217, 95, 0, 255, 217, 95, 0, 255, 217, 95, 0, 255, 217, 95, 0, 255, 217, 95, 0, 255, 217, 95, 0, 255, 217, 95, 0, 255, 217, 95, 0, 255, 214, 92, 0, 243, 201, 83, 0, 203, 183, 71, 0, 194, 174, 65, 0, 235, 174, 65, 0, 255, 173, 64, 0, 255, 186, 101, 41, 191, 215, 185, 131, 241, 243, 187, 132, 255, 243, 187, 133, 255, 242, 187, 133, 242, 217, 186, 132, 213, 215, 186, 132, 255, 215, 186, 132, 255, 200, 166, 117, 192, 177, 136, 95, 255, 177, 136, 95, 255, 177, 136, 95, 255, 177, 136, 95, 255, 177, 136, 95, 255, 177, 136, 95, 255, 177, 136, 95, 255, 177, 136, 95, 255, 177, 136, 95, 255, 177, 136, 95, 255, 177, 136, 95, 255, 177, 136, 95, 255, 177, 136, 95, 255, 177, 136, 95, 255, 177, 136, 95, 255, 177, 136, 95, 255, 177, 136, 95, 255, 177, 136, 95, 255, 177, 136, 95, 255, 177, 136, 95, 255, 177, 136, 95, 255, 177, 136, 95, 255, 177, 136, 95, 255, 177, 136, 95, 255, 177, 136, 95, 255, 177, 136, 95, 255, 177, 136, 95, 255, 177, 136, 95, 255, 177, 136, 95, 255, 177, 136, 95, 255, 177, 136, 95, 255, 177, 136, 95, 255, 177, 136, 95, 255, 188, 149, 103, 212, 215, 186, 132, 255, 215, 186, 132, 255, 215, 186, 132, 255, 215, 186, 132, 255, 215, 186, 132, 255, 215, 186, 132, 255, 215, 186, 132, 255, 215, 186, 132, 255, 215, 186, 132, 255, 215, 186, 132, 255, 215, 186, 132, 255, 215, 186, 132, 255, 215, 186, 132, 255, 215, 186, 132, 255, 215, 186, 132, 255, 215, 186, 132, 255, 215, 186, 132, 255, 215, 186, 132, 255, 215, 186, 132, 255, 215, 186, 132, 255, 215, 186, 132, 255, 215, 186, 132, 255, 215, 186, 132, 255, 215, 186, 132, 255, 215, 186, 132, 255, 215, 186, 132, 255, 215, 186, 132, 255, 215, 186, 132, 255, 215, 186, 132, 255, 215, 186, 132, 255, 216, 186, 132, 192, 0, 0, 0, 0, 0, 0, 0, 0, 0, 0, 0, 0, 0, 0, 0, 0, 0, 0, 0, 0, 0, 0, 0, 0, 0, 0, 0, 0, 0, 0, 0, 0, 0, 0, 0, 0, 0, 0, 0, 0, 0, 0, 0, 0, 0, 0, 0, 0, 0, 0, 0, 0, 0, 0, 0, 0, 215, 186, 133, 100, 215, 186, 132, 255, 215, 186, 132, 255, 215, 186, 132, 255, 215, 186, 132, 255, 215, 186, 132, 255, 215, 186, 132, 255, 215, 186, 132, 255, 215, 186, 132, 255, 215, 186, 132, 255, 204, 170, 120, 192, 177, 136, 95, 255, 177, 136, 95, 255, 177, 136, 95, 255, 177, 136, 95, 255, 177, 136, 95, 255, 177, 136, 95, 255, 177, 136, 95, 255, 176, 134, 94, 250, 153, 114, 91, 195, 132, 95, 87, 220, 131, 95, 88, 255, 132, 93, 84, 250, 151, 72, 38, 193, 169, 57, 0, 231, 169, 57, 0, 255, 169, 58, 0, 255, 170, 58, 0, 255, 170, 59, 0, 255, 170, 59, 0, 255, 171, 60, 0, 255, 171, 60, 0, 255, 171, 60, 0, 249, 181, 66, 0, 195, 208, 88, 0, 222, 217, 95, 0, 255, 217, 95, 0, 255, 217, 95, 0, 255, 217, 95, 0, 255, 217, 95, 0, 255, 217, 95, 0, 255, 217, 95, 0, 255, 217, 95, 0, 255, 217, 95, 0, 255, 217, 95, 0, 255, 217, 95, 0, 255, 217, 95, 0, 255, 217, 95, 0, 255, 217, 95, 0, 255, 217, 95, 0, 255, 217, 95, 0, 255, 217, 95, 0, 255, 217, 95, 0, 255, 214, 92, 0, 243, 196, 81, 0, 194, 180, 72, 0, 214, 179, 72, 0, 255, 179, 73, 0, 255, 179, 73, 0, 255, 179, 74, 0, 255, 180, 74, 0, 255, 180, 75, 0, 255, 180, 75, 0, 255, 180, 76, 0, 235, 111, 82, 60, 226, 104, 82, 64, 237, 175, 76, 3, 210, 181, 77, 0, 255, 182, 77, 0, 255, 182, 78, 0, 255, 182, 78, 0, 255, 182, 78, 0, 255, 182, 78, 0, 255, 182, 78, 0, 255, 182, 77, 0, 255, 181, 77, 0, 255, 181, 77, 0, 255, 181, 76, 0, 255, 181, 76, 0, 255, 180, 76, 0, 252, 184, 76, 0, 207, 192, 80, 0, 192, 204, 87, 0, 203, 214, 92, 0, 238, 216, 94, 0, 255, 217, 95, 0, 255, 217, 95, 0, 255, 217, 95, 0, 255, 217, 95, 0, 255, 217, 95, 0, 255, 217, 95, 0, 255, 217, 95, 0, 255, 217, 95, 0, 255, 216, 94, 0, 250, 207, 89, 0, 218, 198, 81, 0, 197, 188, 74, 0, 192, 178, 67, 0, 211, 175, 66, 0, 251, 175, 66, 0, 255, 174, 66, 0, 255, 174, 65, 0, 255, 174, 65, 0, 255, 173, 64, 0, 255, 183, 91, 29, 193, 215, 186, 132, 255, 239, 186, 133, 221, 242, 187, 132, 243, 217, 186, 132, 211, 215, 186, 132, 255, 215, 186, 132, 250, 195, 159, 111, 198, 177, 136, 95, 255, 177, 136, 95, 255, 177, 136, 95, 255, 177, 136, 95, 255, 177, 136, 95, 255, 177, 136, 95, 255, 177, 136, 95, 255, 177, 136, 95, 255, 177, 136, 95, 255, 177, 136, 95, 255, 177, 136, 95, 255, 177, 136, 95, 255, 177, 136, 95, 255, 177, 136, 95, 255, 177, 136, 95, 255, 177, 136, 95, 255, 177, 136, 95, 255, 177, 136, 95, 255, 177, 136, 95, 255, 177, 136, 95, 255, 177, 136, 95, 255, 177, 136, 95, 255, 177, 136, 95, 255, 177, 136, 95, 255, 177, 136, 95, 255, 177, 136, 95, 255, 177, 136, 95, 255, 177, 136, 95, 255, 177, 136, 95, 255, 177, 136, 95, 255, 177, 136, 95, 255, 177, 136, 95, 255, 177, 136, 95, 255, 177, 136, 95, 255, 192, 156, 110, 200, 215, 186, 132, 255, 215, 186, 132, 255, 215, 186, 132, 255, 215, 186, 132, 255, 215, 186, 132, 255, 215, 186, 132, 255, 215, 186, 132, 255, 215, 186, 132, 255, 215, 186, 132, 255, 215, 186, 132, 255, 215, 186, 132, 255, 215, 186, 132, 255, 215, 186, 132, 255, 215, 186, 132, 255, 215, 186, 132, 255, 215, 186, 132, 255, 215, 186, 132, 255, 215, 186, 132, 255, 215, 186, 132, 255, 215, 186, 132, 255, 215, 186, 132, 255, 215, 186, 132, 255, 215, 186, 132, 255, 215, 186, 132, 255, 215, 186, 132, 255, 215, 186, 132, 255, 215, 186, 132, 255, 215, 186, 132, 255, 215, 186, 132, 255, 215, 186, 132, 255, 215, 185, 132, 120, 0, 0, 0, 0, 0, 0, 0, 0, 0, 0, 0, 0, 0, 0, 0, 0, 0, 0, 0, 0, 0, 0, 0, 0, 0, 0, 0, 0, 0, 0, 0, 0, 0, 0, 0, 0, 0, 0, 0, 0, 0, 0, 0, 0, 0, 0, 0, 0, 0, 0, 0, 0, 0, 0, 0, 0, 215, 186, 133, 100, 215, 186, 132, 255, 215, 186, 132, 255, 215, 186, 132, 255, 215, 186, 132, 255, 215, 186, 132, 255, 215, 186, 132, 255, 215, 186, 132, 255, 215, 186, 132, 255, 215, 186, 132, 255, 206, 173, 121, 192, 177, 136, 95, 255, 177, 136, 95, 255, 177, 136, 95, 255, 177, 136, 95, 255, 177, 136, 95, 255, 172, 133, 93, 240, 146, 109, 90, 192, 130, 95, 86, 233, 131, 95, 88, 255, 130, 94, 86, 253, 149, 74, 43, 195, 168, 56, 1, 227, 169, 56, 0, 255, 169, 57, 0, 255, 169, 57, 0, 255, 169, 58, 0, 255, 170, 58, 0, 255, 170, 59, 0, 255, 170, 59, 0, 255, 171, 60, 0, 242, 184, 69, 0, 192, 211, 90, 0, 231, 217, 95, 0, 255, 217, 95, 0, 255, 217, 95, 0, 255, 217, 95, 0, 255, 217, 95, 0, 255, 217, 95, 0, 255, 217, 95, 0, 255, 217, 95, 0, 255, 217, 95, 0, 255, 217, 95, 0, 255, 217, 95, 0, 255, 217, 95, 0, 255, 217, 95, 0, 255, 217, 95, 0, 255, 217, 95, 0, 255, 217, 95, 0, 255, 217, 95, 0, 255, 216, 94, 0, 255, 206, 88, 0, 212, 185, 74, 0, 195, 178, 71, 0, 244, 178, 72, 0, 255, 178, 72, 0, 255, 179, 72, 0, 255, 179, 73, 0, 255, 179, 73, 0, 255, 180, 74, 0, 255, 180, 74, 0, 255, 180, 75, 0, 255, 180, 75, 0, 248, 121, 81, 50, 211, 112, 82, 58, 224, 179, 76, 1, 224, 181, 77, 0, 255, 182, 78, 0, 255, 182, 78, 0, 255, 182, 78, 0, 255, 182, 78, 0, 255, 182, 78, 0, 255, 182, 78, 0, 255, 182, 78, 0, 255, 182, 78, 0, 255, 182, 78, 0, 255, 182, 77, 0, 255, 181, 77, 0, 255, 181, 76, 0, 255, 181, 76, 0, 255, 181, 76, 0, 255, 180, 75, 0, 255, 180, 75, 0, 255, 180, 74, 0, 255, 179, 74, 0, 242, 181, 73, 0, 220, 183, 74, 0, 205, 183, 73, 0, 201, 183, 74, 0, 199, 183, 73, 0, 199, 183, 72, 0, 204, 179, 71, 0, 215, 178, 70, 0, 230, 177, 68, 0, 251, 176, 69, 0, 255, 176, 68, 0, 255, 176, 68, 0, 255, 175, 67, 0, 255, 175, 67, 0, 255, 175, 66, 0, 255, 175, 66, 0, 255, 174, 65, 0, 255, 174, 65, 0, 255, 174, 64, 0, 255, 179, 82, 19, 198, 215, 186, 132, 255, 228, 187, 132, 193, 216, 186, 131, 210, 215, 186, 132, 255, 214, 186, 131, 243, 187, 148, 106, 198, 177, 136, 95, 255, 177, 136, 95, 255, 177, 136, 95, 255, 177, 136, 95, 255, 177, 136, 95, 255, 177, 136, 95, 255, 177, 136, 95, 255, 177, 136, 95, 255, 177, 136, 95, 255, 177, 136, 95, 255, 177, 136, 95, 255, 177, 136, 95, 255, 177, 136, 95, 255, 177, 136, 95, 255, 177, 136, 95, 255, 177, 136, 95, 255, 177, 136, 95, 255, 177, 136, 95, 255, 177, 136, 95, 255, 177, 136, 95, 255, 177, 136, 95, 255, 177, 136, 95, 255, 177, 136, 95, 255, 177, 136, 95, 255, 177, 136, 95, 255, 177, 136, 95, 255, 177, 136, 95, 255, 177, 136, 95, 255, 177, 136, 95, 255, 177, 136, 95, 255, 177, 136, 95, 255, 177, 136, 95, 255, 177, 136, 95, 255, 177, 136, 95, 255, 177, 136, 95, 255, 197, 163, 114, 194, 215, 186, 132, 255, 215, 186, 132, 255, 215, 186, 132, 255, 215, 185, 131, 230, 217, 185, 132, 211, 215, 186, 132, 255, 215, 186, 132, 255, 215, 186, 132, 255, 215, 186, 132, 255, 215, 186, 132, 255, 215, 186, 132, 255, 215, 186, 132, 255, 215, 186, 132, 255, 215, 186, 132, 255, 215, 186, 132, 255, 215, 186, 132, 255, 215, 186, 132, 255, 215, 186, 132, 255, 215, 186, 132, 255, 215, 186, 132, 255, 215, 186, 132, 255, 215, 186, 132, 255, 215, 186, 132, 255, 215, 186, 132, 255, 215, 186, 132, 255, 215, 186, 132, 255, 215, 186, 132, 255, 215, 186, 132, 255, 215, 186, 132, 255, 215, 186, 132, 255, 218, 186, 133, 48, 0, 0, 0, 0, 0, 0, 0, 0, 0, 0, 0, 0, 0, 0, 0, 0, 0, 0, 0, 0, 0, 0, 0, 0, 0, 0, 0, 0, 0, 0, 0, 0, 0, 0, 0, 0, 0, 0, 0, 0, 0, 0, 0, 0, 0, 0, 0, 0, 0, 0, 0, 0, 0, 0, 0, 0, 215, 186, 133, 100, 215, 186, 132, 255, 215, 186, 132, 255, 215, 186, 132, 255, 215, 186, 132, 255, 215, 186, 132, 255, 215, 186, 132, 255, 215, 186, 132, 255, 215, 186, 132, 255, 215, 186, 132, 255, 205, 174, 122, 194, 177, 136, 95, 255, 177, 136, 95, 255, 177, 136, 95, 255, 171, 131, 92, 235, 143, 104, 88, 193, 131, 94, 88, 244, 131, 95, 88, 255, 131, 94, 87, 255, 146, 76, 48, 197, 168, 55, 1, 222, 168, 55, 0, 255, 168, 56, 0, 255, 169, 56, 0, 255, 169, 57, 0, 255, 169, 57, 0, 255, 169, 58, 0, 255, 170, 58, 0, 255, 171, 58, 0, 235, 186, 72, 0, 192, 214, 92, 0, 240, 217, 95, 0, 255, 217, 95, 0, 255, 217, 95, 0, 255, 217, 95, 0, 255, 217, 95, 0, 255, 217, 95, 0, 255, 217, 95, 0, 255, 217, 95, 0, 255, 217, 95, 0, 255, 217, 95, 0, 255, 217, 95, 0, 255, 217, 95, 0, 255, 217, 95, 0, 255, 217, 95, 0, 255, 217, 95, 0, 255, 217, 95, 0, 255, 217, 95, 0, 255, 214, 92, 0, 240, 193, 79, 0, 193, 179, 70, 0, 218, 177, 70, 0, 255, 177, 71, 0, 255, 178, 71, 0, 255, 178, 72, 0, 255, 178, 72, 0, 255, 179, 73, 0, 255, 179, 73, 0, 255, 179, 74, 0, 255, 180, 74, 0, 255, 180, 75, 0, 255, 180, 75, 0, 255, 135, 80, 38, 197, 115, 81, 55, 217, 181, 75, 0, 237, 181, 77, 0, 255, 182, 77, 0, 255, 182, 78, 0, 255, 182, 78, 0, 255, 182, 79, 0, 255, 183, 79, 0, 255, 183, 79, 0, 255, 183, 79, 0, 255, 182, 79, 0, 255, 182, 78, 0, 255, 182, 78, 0, 255, 182, 78, 0, 255, 182, 77, 0, 255, 181, 77, 0, 255, 181, 76, 0, 255, 181, 76, 0, 255, 180, 75, 0, 255, 180, 75, 0, 255, 180, 74, 0, 255, 179, 74, 0, 255, 179, 73, 0, 255, 179, 73, 0, 255, 179, 72, 0, 255, 178, 72, 0, 255, 178, 71, 0, 255, 178, 71, 0, 255, 177, 70, 0, 255, 177, 70, 0, 255, 177, 70, 0, 255, 176, 69, 0, 255, 176, 69, 0, 255, 176, 68, 0, 255, 176, 68, 0, 255, 175, 67, 0, 255, 175, 66, 0, 255, 175, 66, 0, 255, 174, 65, 0, 255, 174, 65, 0, 255, 174, 65, 0, 255, 176, 70, 6, 212, 215, 186, 132, 255, 215, 185, 132, 252, 215, 186, 132, 255, 214, 185, 131, 240, 155, 119, 98, 203, 175, 135, 94, 252, 177, 136, 95, 255, 177, 136, 95, 255, 177, 136, 95, 255, 177, 136, 95, 255, 177, 136, 95, 255, 177, 136, 95, 255, 177, 136, 95, 255, 177, 136, 95, 255, 177, 136, 95, 255, 177, 136, 95, 255, 177, 136, 95, 255, 177, 136, 95, 255, 177, 136, 95, 255, 177, 136, 95, 255, 177, 136, 95, 255, 177, 136, 95, 255, 177, 136, 95, 255, 177, 136, 95, 255, 177, 136, 95, 255, 177, 136, 95, 255, 177, 136, 95, 255, 177, 136, 95, 255, 177, 136, 95, 255, 177, 136, 95, 255, 177, 136, 95, 255, 177, 136, 95, 255, 177, 136, 95, 255, 177, 136, 95, 255, 177, 136, 95, 255, 177, 136, 95, 255, 177, 136, 95, 255, 177, 136, 95, 255, 177, 136, 95, 255, 177, 136, 95, 255, 177, 136, 95, 255, 207, 175, 122, 194, 215, 186, 132, 255, 215, 186, 132, 255, 221, 186, 131, 194, 243, 186, 133, 252, 243, 187, 133, 255, 215, 185, 132, 223, 215, 186, 132, 255, 215, 186, 132, 255, 215, 186, 132, 255, 215, 186, 132, 255, 215, 186, 132, 255, 215, 186, 132, 255, 215, 186, 132, 255, 215, 186, 132, 255, 215, 186, 132, 255, 215, 186, 132, 255, 215, 186, 132, 255, 215, 186, 132, 255, 215, 186, 132, 255, 215, 186, 132, 255, 215, 186, 132, 255, 215, 186, 132, 255, 215, 186, 132, 255, 215, 186, 132, 255, 215, 186, 132, 255, 215, 186, 132, 255, 215, 186, 132, 255, 215, 186, 132, 255, 215, 186, 132, 255, 215, 186, 132, 232, 255, 255, 128, 2, 0, 0, 0, 0, 0, 0, 0, 0, 0, 0, 0, 0, 0, 0, 0, 0, 0, 0, 0, 0, 0, 0, 0, 0, 0, 0, 0, 0, 0, 0, 0, 0, 0, 0, 0, 0, 0, 0, 0, 0, 0, 0, 0, 0, 0, 0, 0, 0, 0, 0, 0, 0, 0, 0, 0, 0, 215, 186, 133, 100, 215, 186, 132, 255, 215, 186, 132, 255, 215, 186, 132, 255, 215, 186, 132, 255, 215, 186, 132, 255, 215, 186, 132, 255, 215, 186, 132, 255, 215, 186, 132, 255, 215, 186, 132, 255, 208, 177, 124, 195, 177, 136, 95, 255, 173, 132, 94, 243, 146, 108, 90, 192, 131, 94, 88, 244, 131, 95, 88, 255, 131, 94, 87, 255, 145, 78, 52, 200, 165, 56, 2, 218, 167, 55, 0, 255, 168, 55, 0, 255, 168, 55, 0, 255, 168, 56, 0, 255, 169, 56, 0, 255, 169, 57, 0, 255, 169, 57, 0, 255, 170, 58, 0, 225, 191, 73, 0, 194, 215, 92, 0, 248, 217, 95, 0, 255, 217, 95, 0, 255, 217, 95, 0, 255, 217, 95, 0, 255, 217, 95, 0, 255, 217, 95, 0, 255, 217, 95, 0, 255, 217, 95, 0, 255, 217, 95, 0, 255, 217, 95, 0, 255, 217, 95, 0, 255, 217, 95, 0, 255, 217, 95, 0, 255, 217, 95, 0, 255, 217, 95, 0, 255, 217, 95, 0, 255, 216, 93, 0, 254, 204, 86, 0, 205, 183, 71, 0, 197, 176, 68, 0, 247, 177, 69, 0, 255, 177, 70, 0, 255, 177, 70, 0, 255, 177, 71, 0, 255, 178, 71, 0, 255, 178, 72, 0, 255, 178, 72, 0, 255, 179, 73, 0, 255, 179, 73, 0, 255, 179, 74, 0, 255, 180, 74, 0, 255, 180, 75, 0, 255, 151, 77, 24, 191, 111, 81, 60, 225, 180, 75, 0, 234, 181, 77, 0, 255, 181, 77, 0, 255, 182, 78, 0, 255, 182, 78, 0, 255, 182, 78, 0, 255, 183, 79, 0, 255, 183, 79, 0, 255, 183, 80, 0, 255, 183, 80, 0, 255, 183, 79, 0, 255, 183, 79, 0, 255, 182, 78, 0, 255, 182, 78, 0, 255, 182, 78, 0, 255, 181, 77, 0, 255, 181, 77, 0, 255, 181, 76, 0, 255, 181, 76, 0, 255, 180, 75, 0, 255, 180, 75, 0, 255, 180, 74, 0, 255, 179, 74, 0, 255, 179, 73, 0, 255, 179, 73, 0, 255, 178, 72, 0, 255, 178, 72, 0, 255, 178, 71, 0, 255, 177, 71, 0, 255, 177, 70, 0, 255, 177, 70, 0, 255, 177, 69, 0, 255, 176, 69, 0, 255, 176, 68, 0, 255, 176, 68, 0, 255, 175, 67, 0, 255, 175, 67, 0, 255, 175, 66, 0, 255, 174, 66, 0, 255, 174, 65, 0, 255, 174, 65, 0, 255, 173, 63, 0, 245, 214, 184, 130, 254, 215, 186, 132, 255, 215, 185, 131, 235, 149, 113, 96, 218, 137, 101, 89, 197, 177, 136, 95, 255, 177, 136, 95, 255, 177, 136, 95, 255, 177, 136, 95, 255, 177, 136, 95, 255, 177, 136, 95, 255, 177, 136, 95, 255, 177, 136, 95, 255, 177, 136, 95, 255, 177, 136, 95, 255, 177, 136, 95, 255, 177, 136, 95, 255, 177, 136, 95, 255, 177, 136, 95, 255, 177, 136, 95, 255, 177, 136, 95, 255, 177, 136, 95, 255, 177, 136, 95, 255, 177, 136, 95, 255, 177, 136, 95, 255, 177, 136, 95, 255, 177, 136, 95, 255, 177, 136, 95, 255, 177, 136, 95, 255, 177, 136, 95, 255, 177, 136, 95, 255, 177, 136, 95, 255, 177, 136, 95, 255, 177, 136, 95, 255, 177, 136, 95, 255, 177, 136, 95, 255, 177, 136, 95, 255, 177, 136, 95, 255, 177, 136, 95, 255, 177, 136, 95, 255, 177, 136, 95, 255, 214, 184, 130, 221, 215, 186, 132, 255, 217, 185, 132, 207, 243, 187, 132, 255, 243, 187, 133, 255, 243, 187, 133, 255, 222, 185, 131, 193, 215, 186, 132, 255, 215, 186, 132, 255, 215, 186, 132, 255, 215, 186, 132, 255, 215, 186, 132, 255, 215, 186, 132, 255, 215, 186, 132, 255, 215, 186, 132, 255, 215, 186, 132, 255, 215, 186, 132, 255, 215, 186, 132, 255, 215, 186, 132, 255, 215, 186, 132, 255, 215, 186, 132, 255, 215, 186, 132, 255, 215, 186, 132, 255, 215, 186, 132, 255, 215, 186, 132, 255, 215, 186, 132, 255, 215, 186, 132, 255, 215, 186, 132, 255, 215, 186, 132, 255, 215, 186, 132, 255, 215, 186, 131, 158, 0, 0, 0, 0, 0, 0, 0, 0, 0, 0, 0, 0, 0, 0, 0, 0, 0, 0, 0, 0, 0, 0, 0, 0, 0, 0, 0, 0, 0, 0, 0, 0, 0, 0, 0, 0, 0, 0, 0, 0, 0, 0, 0, 0, 0, 0, 0, 0, 0, 0, 0, 0, 0, 0, 0, 0, 0, 0, 0, 0, 215, 186, 133, 100, 215, 186, 132, 255, 215, 186, 132, 255, 215, 186, 132, 255, 215, 186, 132, 255, 215, 186, 132, 255, 215, 186, 132, 255, 215, 186, 132, 255, 215, 186, 132, 255, 215, 186, 132, 255, 209, 178, 126, 197, 151, 112, 90, 193, 131, 94, 87, 236, 131, 95, 88, 255, 131, 94, 87, 255, 143, 80, 56, 203, 164, 56, 3, 213, 166, 55, 0, 255, 167, 55, 0, 255, 167, 55, 0, 255, 167, 55, 0, 255, 168, 55, 0, 255, 168, 56, 0, 255, 168, 56, 0, 255, 173, 59, 0, 205, 198, 80, 0, 201, 216, 93, 0, 254, 217, 95, 0, 255, 217, 95, 0, 255, 217, 95, 0, 255, 217, 95, 0, 255, 217, 95, 0, 255, 217, 95, 0, 255, 217, 95, 0, 255, 217, 95, 0, 255, 217, 95, 0, 255, 217, 95, 0, 255, 217, 95, 0, 255, 217, 95, 0, 255, 217, 95, 0, 255, 217, 95, 0, 255, 217, 95, 0, 255, 217, 95, 0, 255, 209, 88, 0, 220, 187, 73, 0, 191, 175, 66, 0, 230, 176, 68, 0, 255, 176, 68, 0, 255, 176, 69, 0, 255, 176, 69, 0, 255, 177, 70, 0, 255, 177, 70, 0, 255, 177, 71, 0, 255, 178, 71, 0, 255, 178, 72, 0, 255, 178, 72, 0, 255, 179, 72, 0, 255, 179, 73, 0, 255, 179, 74, 0, 255, 180, 74, 0, 255, 165, 75, 11, 196, 107, 83, 62, 231, 179, 75, 1, 227, 181, 76, 0, 255, 181, 77, 0, 255, 181, 77, 0, 255, 182, 78, 0, 255, 182, 78, 0, 255, 182, 79, 0, 255, 183, 79, 0, 255, 183, 79, 0, 255, 183, 80, 0, 255, 183, 80, 0, 255, 183, 80, 0, 255, 183, 79, 0, 255, 182, 79, 0, 255, 182, 78, 0, 255, 182, 78, 0, 255, 182, 77, 0, 255, 181, 77, 0, 255, 181, 76, 0, 255, 181, 76, 0, 255, 180, 75, 0, 255, 180, 75, 0, 255, 180, 74, 0, 255, 179, 74, 0, 255, 179, 73, 0, 255, 179, 73, 0, 255, 178, 72, 0, 255, 178, 72, 0, 255, 178, 71, 0, 255, 178, 71, 0, 255, 177, 70, 0, 255, 177, 70, 0, 255, 177, 69, 0, 255, 176, 69, 0, 255, 176, 68, 0, 255, 176, 68, 0, 255, 175, 67, 0, 255, 175, 67, 0, 255, 175, 66, 0, 255, 174, 66, 0, 255, 174, 65, 0, 255, 174, 65, 0, 255, 174, 64, 0, 255, 208, 164, 108, 222, 214, 185, 130, 235, 145, 110, 95, 223, 131, 95, 88, 255, 156, 117, 91, 199, 177, 136, 95, 255, 177, 136, 95, 255, 177, 136, 95, 255, 177, 136, 95, 255, 177, 136, 95, 255, 177, 136, 95, 255, 177, 136, 95, 255, 177, 136, 95, 255, 177, 136, 95, 255, 177, 136, 95, 255, 177, 136, 95, 255, 177, 136, 95, 255, 177, 136, 95, 255, 177, 136, 95, 255, 177, 136, 95, 255, 177, 136, 95, 255, 177, 136, 95, 255, 177, 136, 95, 255, 177, 136, 95, 255, 177, 136, 95, 255, 177, 136, 95, 255, 177, 136, 95, 255, 177, 136, 95, 255, 177, 136, 95, 255, 177, 136, 95, 255, 177, 136, 95, 255, 177, 136, 95, 255, 177, 136, 95, 255, 177, 136, 95, 255, 177, 136, 95, 255, 177, 136, 95, 255, 177, 136, 95, 255, 177, 136, 95, 255, 177, 136, 95, 255, 177, 136, 95, 255, 181, 140, 99, 235, 215, 186, 132, 255, 215, 185, 131, 240, 240, 187, 131, 231, 243, 187, 133, 255, 243, 187, 133, 255, 243, 187, 133, 255, 222, 185, 131, 193, 215, 186, 132, 255, 215, 186, 132, 255, 215, 186, 132, 255, 215, 186, 132, 255, 215, 186, 132, 255, 215, 186, 132, 255, 215, 186, 132, 255, 215, 186, 132, 255, 215, 186, 132, 255, 215, 186, 132, 255, 215, 186, 132, 255, 215, 186, 132, 255, 215, 186, 132, 255, 215, 186, 132, 255, 215, 186, 132, 255, 215, 186, 132, 255, 215, 186, 132, 255, 215, 186, 132, 255, 215, 186, 132, 255, 215, 186, 132, 255, 215, 186, 132, 255, 215, 186, 132, 255, 215, 186, 132, 255, 215, 186, 131, 70, 0, 0, 0, 0, 0, 0, 0, 0, 0, 0, 0, 0, 0, 0, 0, 0, 0, 0, 0, 0, 0, 0, 0, 0, 0, 0, 0, 0, 0, 0, 0, 0, 0, 0, 0, 0, 0, 0, 0, 0, 0, 0, 0, 0, 0, 0, 0, 0, 0, 0, 0, 0, 0, 0, 0, 0, 0, 0, 0, 0, 215, 186, 133, 100, 215, 186, 132, 255, 215, 186, 132, 255, 215, 186, 132, 255, 215, 186, 132, 255, 215, 186, 132, 255, 215, 186, 132, 255, 215, 186, 132, 255, 214, 186, 131, 243, 201, 169, 126, 193, 171, 131, 109, 197, 131, 95, 88, 255, 131, 95, 88, 255, 140, 82, 61, 209, 162, 57, 6, 209, 166, 55, 0, 255, 166, 55, 0, 255, 166, 55, 0, 255, 167, 55, 0, 255, 167, 55, 0, 255, 167, 55, 0, 255, 168, 55, 0, 245, 179, 63, 0, 193, 207, 87, 0, 220, 217, 95, 0, 255, 217, 95, 0, 255, 217, 95, 0, 255, 217, 95, 0, 255, 217, 95, 0, 255, 217, 95, 0, 255, 217, 95, 0, 255, 217, 95, 0, 255, 217, 95, 0, 255, 217, 95, 0, 255, 217, 95, 0, 255, 217, 95, 0, 255, 217, 95, 0, 255, 217, 95, 0, 255, 217, 95, 0, 255, 217, 95, 0, 255, 213, 92, 0, 236, 193, 77, 0, 192, 176, 66, 0, 213, 175, 66, 0, 255, 175, 66, 0, 255, 175, 67, 0, 255, 175, 67, 0, 255, 176, 68, 0, 255, 176, 68, 0, 255, 176, 69, 0, 255, 177, 69, 0, 255, 177, 70, 0, 255, 177, 70, 0, 255, 178, 71, 0, 255, 178, 71, 0, 255, 178, 72, 0, 255, 179, 72, 0, 255, 179, 73, 0, 255, 179, 73, 0, 255, 175, 74, 3, 209, 107, 81, 62, 232, 178, 74, 1, 220, 180, 75, 0, 255, 181, 76, 0, 255, 181, 76, 0, 255, 181, 77, 0, 255, 182, 77, 0, 255, 182, 78, 0, 255, 182, 78, 0, 255, 183, 79, 0, 255, 183, 79, 0, 255, 183, 80, 0, 255, 183, 80, 0, 255, 183, 80, 0, 255, 183, 79, 0, 255, 182, 79, 0, 255, 182, 78, 0, 255, 182, 78, 0, 255, 182, 77, 0, 255, 181, 77, 0, 255, 181, 76, 0, 255, 181, 76, 0, 255, 180, 75, 0, 255, 180, 75, 0, 255, 180, 74, 0, 255, 179, 74, 0, 255, 179, 73, 0, 255, 179, 73, 0, 255, 178, 72, 0, 255, 178, 72, 0, 255, 178, 71, 0, 255, 178, 71, 0, 255, 177, 70, 0, 255, 177, 70, 0, 255, 177, 69, 0, 255, 176, 69, 0, 255, 176, 68, 0, 255, 176, 68, 0, 255, 175, 67, 0, 255, 175, 67, 0, 255, 175, 66, 0, 255, 174, 66, 0, 255, 174, 65, 0, 255, 174, 65, 0, 255, 174, 64, 0, 255, 196, 129, 70, 192, 148, 115, 96, 217, 131, 95, 88, 255, 131, 95, 88, 250, 175, 133, 94, 242, 177, 136, 95, 255, 177, 136, 95, 255, 177, 136, 95, 255, 177, 136, 95, 255, 177, 136, 95, 255, 177, 136, 95, 255, 177, 136, 95, 255, 177, 136, 95, 255, 177, 136, 95, 255, 177, 136, 95, 255, 177, 136, 95, 255, 177, 136, 95, 255, 177, 136, 95, 255, 177, 136, 95, 255, 177, 136, 95, 255, 177, 136, 95, 255, 177, 136, 95, 255, 177, 136, 95, 255, 177, 136, 95, 255, 177, 136, 95, 255, 177, 136, 95, 255, 177, 136, 95, 255, 177, 136, 95, 255, 177, 136, 95, 255, 177, 136, 95, 255, 177, 136, 95, 255, 177, 136, 95, 255, 177, 136, 95, 255, 177, 136, 95, 255, 177, 136, 95, 255, 177, 136, 95, 255, 177, 136, 95, 255, 177, 136, 95, 255, 177, 136, 95, 255, 177, 136, 95, 255, 194, 158, 109, 199, 215, 186, 132, 255, 228, 187, 132, 193, 243, 187, 133, 255, 243, 187, 133, 255, 243, 187, 133, 255, 243, 187, 133, 255, 219, 185, 132, 197, 215, 186, 132, 255, 215, 186, 132, 255, 215, 186, 132, 255, 215, 186, 132, 255, 215, 186, 132, 255, 215, 186, 132, 255, 215, 186, 132, 255, 215, 186, 132, 255, 215, 186, 132, 255, 215, 186, 132, 255, 215, 186, 132, 255, 215, 186, 132, 255, 215, 186, 132, 255, 215, 186, 132, 255, 215, 186, 132, 255, 215, 186, 132, 255, 215, 186, 132, 255, 215, 186, 132, 255, 215, 186, 132, 255, 215, 186, 132, 255, 215, 186, 132, 255, 215, 186, 132, 255, 215, 186, 131, 235, 255, 192, 128, 4, 0, 0, 0, 0, 0, 0, 0, 0, 0, 0, 0, 0, 0, 0, 0, 0, 0, 0, 0, 0, 0, 0, 0, 0, 0, 0, 0, 0, 0, 0, 0, 0, 0, 0, 0, 0, 0, 0, 0, 0, 0, 0, 0, 0, 0, 0, 0, 0, 0, 0, 0, 0, 0, 0, 0, 0, 0, 0, 0, 0, 177, 138, 114, 94, 203, 171, 125, 194, 215, 185, 132, 252, 215, 186, 132, 255, 215, 186, 132, 255, 215, 186, 132, 255, 214, 186, 131, 231, 196, 162, 122, 192, 169, 130, 109, 241, 166, 126, 108, 255, 166, 126, 108, 251, 142, 85, 64, 207, 161, 58, 7, 205, 165, 55, 0, 255, 165, 55, 0, 255, 165, 55, 0, 255, 166, 55, 0, 255, 166, 55, 0, 255, 167, 55, 0, 255, 169, 55, 0, 227, 186, 69, 0, 192, 213, 91, 0, 240, 217, 95, 0, 255, 217, 95, 0, 255, 217, 95, 0, 255, 217, 95, 0, 255, 217, 95, 0, 255, 217, 95, 0, 255, 217, 95, 0, 255, 217, 95, 0, 255, 217, 95, 0, 255, 217, 95, 0, 255, 217, 95, 0, 255, 217, 95, 0, 255, 217, 95, 0, 255, 217, 95, 0, 255, 217, 95, 0, 255, 214, 93, 0, 249, 198, 81, 0, 199, 178, 67, 0, 201, 174, 63, 0, 250, 174, 65, 0, 255, 174, 65, 0, 255, 174, 66, 0, 255, 175, 66, 0, 255, 175, 67, 0, 255, 175, 67, 0, 255, 176, 68, 0, 255, 176, 68, 0, 255, 176, 69, 0, 255, 177, 69, 0, 255, 177, 70, 0, 255, 177, 70, 0, 255, 178, 71, 0, 255, 178, 71, 0, 255, 178, 72, 0, 255, 178, 72, 0, 255, 179, 73, 0, 255, 179, 72, 0, 233, 109, 82, 60, 227, 176, 74, 3, 213, 180, 75, 0, 255, 180, 75, 0, 255, 181, 76, 0, 255, 181, 76, 0, 255, 181, 77, 0, 255, 182, 77, 0, 255, 182, 78, 0, 255, 182, 78, 0, 255, 182, 79, 0, 255, 183, 79, 0, 255, 183, 79, 0, 255, 183, 79, 0, 255, 183, 79, 0, 255, 183, 79, 0, 255, 182, 79, 0, 255, 182, 78, 0, 255, 182, 78, 0, 255, 182, 77, 0, 255, 181, 77, 0, 255, 181, 76, 0, 255, 181, 76, 0, 255, 180, 75, 0, 255, 180, 75, 0, 255, 180, 74, 0, 255, 179, 74, 0, 255, 179, 73, 0, 255, 179, 73, 0, 255, 179, 72, 0, 255, 178, 72, 0, 255, 178, 71, 0, 255, 178, 71, 0, 255, 177, 70, 0, 255, 177, 70, 0, 255, 177, 69, 0, 255, 176, 69, 0, 255, 176, 68, 0, 255, 176, 68, 0, 255, 175, 67, 0, 255, 175, 67, 0, 255, 175, 66, 0, 255, 175, 66, 0, 255, 174, 65, 0, 255, 174, 65, 0, 255, 174, 64, 0, 255, 163, 74, 25, 190, 131, 95, 88, 255, 131, 95, 88, 255, 134, 98, 88, 205, 177, 136, 95, 255, 177, 136, 95, 255, 177, 136, 95, 255, 177, 136, 95, 255, 177, 136, 95, 255, 177, 136, 95, 255, 177, 136, 95, 255, 177, 136, 95, 255, 177, 136, 95, 255, 177, 136, 95, 255, 177, 136, 95, 255, 177, 136, 95, 255, 177, 136, 95, 255, 177, 136, 95, 255, 177, 136, 95, 255, 177, 136, 95, 255, 177, 136, 95, 255, 177, 136, 95, 255, 177, 136, 95, 255, 177, 136, 95, 255, 177, 136, 95, 255, 177, 136, 95, 255, 177, 136, 95, 255, 177, 136, 95, 255, 177, 136, 95, 255, 177, 136, 95, 255, 177, 136, 95, 255, 177, 136, 95, 255, 177, 136, 95, 255, 177, 136, 95, 255, 177, 136, 95, 255, 177, 136, 95, 255, 177, 136, 95, 255, 177, 136, 95, 255, 177, 136, 95, 255, 177, 136, 95, 255, 208, 175, 123, 195, 216, 186, 131, 225, 242, 187, 131, 251, 243, 187, 133, 255, 243, 187, 133, 255, 243, 187, 133, 255, 243, 187, 133, 255, 217, 187, 131, 208, 215, 186, 132, 255, 215, 186, 132, 255, 215, 186, 132, 255, 215, 186, 132, 255, 215, 186, 132, 255, 215, 186, 132, 255, 215, 186, 132, 255, 215, 186, 132, 255, 215, 186, 132, 255, 215, 186, 132, 255, 215, 186, 132, 255, 215, 186, 132, 255, 215, 186, 132, 255, 215, 186, 132, 255, 215, 186, 132, 255, 215, 186, 132, 255, 215, 186, 132, 255, 215, 186, 132, 255, 215, 186, 132, 255, 215, 186, 132, 255, 215, 186, 132, 255, 215, 186, 132, 255, 215, 186, 131, 150, 0, 0, 0, 0, 0, 0, 0, 0, 0, 0, 0, 0, 0, 0, 0, 0, 0, 0, 0, 0, 0, 0, 0, 0, 0, 0, 0, 0, 0, 0, 0, 0, 0, 0, 0, 0, 0, 0, 0, 0, 0, 0, 0, 0, 0, 0, 0, 0, 0, 0, 0, 0, 0, 0, 0, 0, 0, 0, 0, 0, 0, 0, 0, 0, 166, 125, 107, 100, 166, 126, 108, 255, 177, 137, 113, 221, 209, 179, 128, 203, 212, 183, 130, 219, 190, 155, 120, 196, 167, 128, 108, 251, 166, 126, 108, 255, 166, 126, 108, 255, 166, 117, 95, 231, 165, 66, 16, 197, 164, 55, 0, 255, 164, 55, 0, 255, 165, 55, 0, 255, 165, 55, 0, 255, 165, 55, 0, 255, 166, 55, 0, 255, 170, 58, 0, 207, 196, 78, 0, 199, 216, 94, 0, 253, 217, 95, 0, 255, 217, 95, 0, 255, 217, 95, 0, 255, 217, 95, 0, 255, 217, 95, 0, 255, 217, 95, 0, 255, 217, 95, 0, 255, 217, 95, 0, 255, 217, 95, 0, 255, 217, 95, 0, 255, 217, 95, 0, 255, 217, 95, 0, 255, 217, 95, 0, 255, 217, 95, 0, 255, 216, 94, 0, 255, 204, 85, 0, 210, 183, 68, 0, 193, 173, 62, 0, 240, 173, 63, 0, 255, 173, 64, 0, 255, 173, 64, 0, 255, 174, 65, 0, 255, 174, 65, 0, 255, 174, 66, 0, 255, 175, 66, 0, 255, 175, 67, 0, 255, 175, 67, 0, 255, 176, 68, 0, 255, 176, 68, 0, 255, 176, 69, 0, 255, 177, 69, 0, 255, 177, 70, 0, 255, 177, 70, 0, 255, 177, 71, 0, 255, 178, 71, 0, 255, 178, 72, 0, 255, 178, 72, 0, 255, 179, 73, 0, 255, 133, 78, 38, 198, 170, 74, 6, 203, 180, 74, 0, 255, 180, 75, 0, 255, 180, 75, 0, 255, 180, 76, 0, 255, 181, 76, 0, 255, 181, 77, 0, 255, 181, 77, 0, 255, 182, 77, 0, 255, 182, 78, 0, 255, 182, 78, 0, 255, 182, 78, 0, 255, 182, 79, 0, 255, 183, 79, 0, 255, 182, 79, 0, 255, 182, 79, 0, 255, 182, 78, 0, 255, 182, 78, 0, 255, 182, 78, 0, 255, 181, 77, 0, 255, 181, 77, 0, 255, 181, 76, 0, 255, 181, 76, 0, 255, 180, 75, 0, 255, 180, 75, 0, 255, 180, 74, 0, 255, 179, 74, 0, 255, 179, 73, 0, 255, 179, 73, 0, 255, 179, 72, 0, 255, 178, 72, 0, 255, 178, 71, 0, 255, 178, 71, 0, 255, 177, 70, 0, 255, 177, 70, 0, 255, 177, 69, 0, 255, 176, 69, 0, 255, 176, 68, 0, 255, 176, 68, 0, 255, 175, 67, 0, 255, 175, 67, 0, 255, 175, 66, 0, 255, 175, 66, 0, 255, 174, 65, 0, 255, 174, 65, 0, 255, 174, 64, 0, 255, 169, 66, 6, 208, 131, 95, 88, 255, 131, 95, 88, 255, 151, 112, 90, 193, 177, 136, 95, 255, 177, 136, 95, 255, 177, 136, 95, 255, 177, 136, 95, 255, 177, 136, 95, 255, 177, 136, 95, 255, 177, 136, 95, 255, 177, 136, 95, 255, 177, 136, 95, 255, 177, 136, 95, 255, 177, 136, 95, 255, 177, 136, 95, 255, 177, 136, 95, 255, 177, 136, 95, 255, 177, 136, 95, 255, 177, 136, 95, 255, 177, 136, 95, 255, 177, 136, 95, 255, 177, 136, 95, 255, 177, 136, 95, 255, 177, 136, 95, 255, 177, 136, 95, 255, 177, 136, 95, 255, 177, 136, 95, 255, 177, 136, 95, 255, 177, 136, 95, 255, 177, 136, 95, 255, 177, 136, 95, 255, 177, 136, 95, 255, 177, 136, 95, 255, 177, 136, 95, 255, 177, 136, 95, 255, 177, 136, 95, 255, 177, 136, 95, 255, 177, 136, 95, 255, 178, 137, 96, 250, 214, 185, 131, 240, 230, 185, 132, 199, 243, 187, 133, 255, 243, 187, 133, 255, 243, 187, 133, 255, 243, 187, 133, 255, 242, 186, 132, 247, 214, 186, 131, 249, 215, 186, 132, 255, 215, 186, 132, 255, 215, 186, 132, 255, 215, 186, 132, 255, 215, 186, 132, 255, 215, 186, 132, 255, 215, 186, 132, 255, 215, 186, 132, 255, 215, 186, 132, 255, 215, 186, 132, 255, 215, 186, 132, 255, 215, 186, 132, 255, 215, 186, 132, 255, 215, 186, 132, 255, 215, 186, 132, 255, 215, 186, 132, 255, 215, 186, 132, 255, 215, 186, 132, 255, 215, 186, 132, 255, 215, 186, 132, 255, 215, 186, 132, 255, 215, 186, 132, 255, 214, 185, 132, 62, 0, 0, 0, 0, 0, 0, 0, 0, 0, 0, 0, 0, 0, 0, 0, 0, 0, 0, 0, 0, 0, 0, 0, 0, 0, 0, 0, 0, 0, 0, 0, 0, 0, 0, 0, 0, 0, 0, 0, 0, 0, 0, 0, 0, 0, 0, 0, 0, 0, 0, 0, 0, 0, 0, 0, 0, 0, 0, 0, 0, 0, 0, 0, 0, 166, 125, 107, 100, 166, 126, 108, 255, 166, 126, 108, 255, 166, 126, 108, 255, 166, 126, 108, 255, 166, 126, 108, 255, 166, 126, 108, 255, 166, 123, 103, 249, 164, 80, 38, 191, 163, 54, 0, 244, 163, 55, 0, 255, 164, 55, 0, 255, 164, 55, 0, 255, 165, 55, 0, 255, 165, 54, 0, 249, 175, 61, 0, 195, 206, 85, 0, 216, 217, 95, 0, 255, 217, 95, 0, 255, 217, 95, 0, 255, 217, 95, 0, 255, 217, 95, 0, 255, 217, 95, 0, 255, 217, 95, 0, 255, 217, 95, 0, 255, 217, 95, 0, 255, 217, 95, 0, 255, 217, 95, 0, 255, 217, 95, 0, 255, 217, 95, 0, 255, 217, 95, 0, 255, 217, 95, 0, 255, 209, 89, 0, 227, 187, 71, 0, 191, 173, 61, 0, 224, 172, 62, 0, 255, 172, 62, 0, 255, 172, 63, 0, 255, 173, 63, 0, 255, 173, 64, 0, 255, 173, 64, 0, 255, 174, 65, 0, 255, 174, 65, 0, 255, 174, 66, 0, 255, 175, 66, 0, 255, 175, 66, 0, 255, 175, 67, 0, 255, 176, 68, 0, 255, 176, 68, 0, 255, 176, 69, 0, 255, 176, 69, 0, 255, 177, 69, 0, 255, 177, 70, 0, 255, 177, 70, 0, 255, 178, 71, 0, 255, 178, 71, 0, 255, 178, 72, 0, 255, 170, 73, 6, 203, 148, 77, 26, 192, 179, 73, 0, 255, 179, 74, 0, 255, 180, 74, 0, 255, 180, 75, 0, 255, 180, 75, 0, 255, 181, 76, 0, 255, 181, 76, 0, 255, 181, 77, 0, 255, 181, 77, 0, 255, 182, 77, 0, 255, 182, 78, 0, 255, 182, 78, 0, 255, 182, 78, 0, 255, 182, 78, 0, 255, 182, 78, 0, 255, 182, 78, 0, 255, 182, 78, 0, 255, 182, 78, 0, 255, 182, 77, 0, 255, 181, 77, 0, 255, 181, 76, 0, 255, 181, 76, 0, 255, 181, 76, 0, 255, 180, 75, 0, 255, 180, 75, 0, 255, 180, 74, 0, 255, 179, 74, 0, 255, 179, 73, 0, 255, 179, 73, 0, 255, 178, 72, 0, 255, 178, 72, 0, 255, 178, 71, 0, 255, 178, 71, 0, 255, 177, 70, 0, 255, 177, 70, 0, 255, 177, 69, 0, 255, 176, 69, 0, 255, 176, 68, 0, 255, 176, 68, 0, 255, 175, 67, 0, 255, 175, 67, 0, 255, 175, 66, 0, 255, 175, 66, 0, 255, 174, 65, 0, 255, 174, 65, 0, 255, 174, 64, 0, 255, 173, 63, 0, 246, 131, 93, 84, 251, 131, 95, 88, 255, 170, 129, 93, 228, 177, 136, 95, 255, 177, 136, 95, 255, 177, 136, 95, 255, 177, 136, 95, 255, 177, 136, 95, 255, 177, 136, 95, 255, 177, 136, 95, 255, 177, 136, 95, 255, 177, 136, 95, 255, 177, 136, 95, 255, 177, 136, 95, 255, 177, 136, 95, 255, 177, 136, 95, 255, 177, 136, 95, 255, 177, 136, 95, 255, 177, 136, 95, 255, 177, 136, 95, 255, 177, 136, 95, 255, 177, 136, 95, 255, 177, 136, 95, 255, 177, 136, 95, 255, 177, 136, 95, 255, 177, 136, 95, 255, 177, 136, 95, 255, 177, 136, 95, 255, 177, 136, 95, 255, 177, 136, 95, 255, 177, 136, 95, 255, 177, 136, 95, 255, 177, 136, 95, 255, 177, 136, 95, 255, 177, 136, 95, 255, 177, 136, 95, 255, 177, 136, 95, 255, 177, 136, 95, 255, 192, 156, 109, 201, 216, 186, 131, 214, 243, 187, 132, 255, 243, 187, 133, 255, 243, 187, 133, 255, 243, 187, 133, 255, 243, 187, 133, 255, 233, 187, 133, 205, 215, 186, 132, 255, 215, 186, 132, 255, 215, 186, 132, 255, 215, 186, 132, 255, 215, 186, 132, 255, 215, 186, 132, 255, 215, 186, 132, 255, 215, 186, 132, 255, 215, 186, 132, 255, 215, 186, 132, 255, 215, 186, 132, 255, 215, 186, 132, 255, 215, 186, 132, 255, 215, 186, 132, 255, 215, 186, 132, 255, 215, 186, 132, 255, 215, 186, 132, 255, 215, 186, 132, 255, 215, 186, 132, 255, 215, 186, 132, 255, 215, 186, 132, 255, 215, 186, 132, 255, 215, 186, 132, 228, 255, 255, 128, 2, 0, 0, 0, 0, 0, 0, 0, 0, 0, 0, 0, 0, 0, 0, 0, 0, 0, 0, 0, 0, 0, 0, 0, 0, 0, 0, 0, 0, 0, 0, 0, 0, 0, 0, 0, 0, 0, 0, 0, 0, 0, 0, 0, 0, 0, 0, 0, 0, 0, 0, 0, 0, 0, 0, 0, 0, 0, 0, 0, 0, 0, 0, 0, 0, 165, 125, 106, 96, 166, 126, 108, 255, 166, 126, 108, 255, 166, 126, 108, 255, 166, 126, 108, 255, 165, 125, 107, 255, 164, 98, 67, 202, 161, 55, 2, 225, 163, 55, 0, 255, 163, 55, 0, 255, 163, 55, 0, 255, 164, 55, 0, 255, 165, 55, 0, 237, 180, 67, 0, 191, 211, 89, 0, 234, 217, 95, 0, 255, 217, 95, 0, 255, 217, 95, 0, 255, 217, 95, 0, 255, 217, 95, 0, 255, 217, 95, 0, 255, 217, 95, 0, 255, 217, 95, 0, 255, 217, 95, 0, 255, 217, 95, 0, 255, 217, 95, 0, 255, 217, 95, 0, 255, 217, 95, 0, 255, 217, 95, 0, 255, 214, 92, 0, 241, 192, 75, 0, 194, 174, 61, 0, 208, 171, 60, 0, 255, 171, 60, 0, 255, 171, 61, 0, 255, 172, 61, 0, 255, 172, 62, 0, 255, 172, 62, 0, 255, 173, 63, 0, 255, 173, 63, 0, 255, 173, 64, 0, 255, 174, 64, 0, 255, 174, 65, 0, 255, 174, 65, 0, 255, 175, 66, 0, 255, 175, 66, 0, 255, 175, 67, 0, 255, 175, 67, 0, 255, 176, 68, 0, 255, 176, 68, 0, 255, 176, 69, 0, 255, 177, 69, 0, 255, 177, 70, 0, 255, 177, 70, 0, 255, 177, 71, 0, 255, 178, 71, 0, 255, 178, 72, 0, 245, 133, 77, 38, 198, 179, 72, 0, 251, 179, 73, 0, 255, 179, 74, 0, 255, 180, 74, 0, 255, 180, 74, 0, 255, 180, 75, 0, 255, 180, 75, 0, 255, 181, 76, 0, 255, 181, 76, 0, 255, 181, 77, 0, 255, 181, 77, 0, 255, 181, 77, 0, 255, 182, 77, 0, 255, 182, 78, 0, 255, 182, 78, 0, 255, 182, 78, 0, 255, 182, 78, 0, 255, 182, 77, 0, 255, 181, 77, 0, 255, 181, 77, 0, 255, 181, 77, 0, 255, 181, 76, 0, 255, 181, 76, 0, 255, 180, 75, 0, 255, 180, 75, 0, 255, 180, 75, 0, 255, 180, 74, 0, 255, 179, 74, 0, 255, 179, 73, 0, 255, 179, 73, 0, 255, 178, 72, 0, 255, 178, 72, 0, 255, 178, 71, 0, 255, 178, 71, 0, 255, 177, 70, 0, 255, 177, 70, 0, 255, 177, 69, 0, 255, 176, 69, 0, 255, 176, 68, 0, 255, 176, 68, 0, 255, 175, 67, 0, 255, 175, 67, 0, 255, 175, 66, 0, 255, 175, 66, 0, 255, 174, 65, 0, 255, 174, 65, 0, 255, 174, 64, 0, 255, 173, 64, 0, 255, 141, 86, 66, 213, 131, 95, 88, 255, 168, 128, 93, 222, 177, 136, 95, 255, 177, 136, 95, 255, 177, 136, 95, 255, 177, 136, 95, 255, 177, 136, 95, 255, 177, 136, 95, 255, 177, 136, 95, 255, 177, 136, 95, 255, 177, 136, 95, 255, 177, 136, 95, 255, 177, 136, 95, 255, 177, 136, 95, 255, 177, 136, 95, 255, 177, 136, 95, 255, 177, 136, 95, 255, 177, 136, 95, 255, 177, 136, 95, 255, 177, 136, 95, 255, 177, 136, 95, 255, 177, 136, 95, 255, 177, 136, 95, 255, 177, 136, 95, 255, 177, 136, 95, 255, 177, 136, 95, 255, 177, 136, 95, 255, 177, 136, 95, 255, 177, 136, 95, 255, 177, 136, 95, 255, 177, 136, 95, 255, 177, 136, 95, 255, 177, 136, 95, 255, 177, 136, 95, 255, 177, 136, 95, 255, 177, 136, 95, 255, 177, 136, 95, 255, 210, 178, 127, 199, 235, 185, 132, 208, 243, 187, 133, 255, 243, 187, 133, 255, 243, 187, 133, 255, 243, 187, 133, 255, 243, 187, 133, 255, 222, 185, 131, 193, 215, 186, 132, 255, 215, 186, 132, 255, 215, 186, 132, 255, 215, 186, 132, 255, 215, 186, 132, 255, 215, 186, 132, 255, 215, 186, 132, 255, 215, 186, 132, 255, 215, 186, 132, 255, 215, 186, 132, 255, 215, 186, 132, 255, 215, 186, 132, 255, 215, 186, 132, 255, 215, 186, 132, 255, 215, 186, 132, 255, 215, 186, 132, 255, 215, 186, 132, 255, 215, 186, 132, 255, 215, 186, 132, 255, 215, 186, 132, 255, 215, 186, 132, 255, 215, 186, 132, 255, 216, 187, 132, 141, 0, 0, 0, 0, 0, 0, 0, 0, 0, 0, 0, 0, 0, 0, 0, 0, 0, 0, 0, 0, 0, 0, 0, 0, 0, 0, 0, 0, 0, 0, 0, 0, 0, 0, 0, 0, 0, 0, 0, 0, 0, 0, 0, 0, 0, 0, 0, 0, 0, 0, 0, 0, 0, 0, 0, 0, 0, 0, 0, 0, 0, 0, 0, 0, 0, 0, 0, 0, 168, 128, 104, 44, 166, 126, 108, 255, 166, 126, 108, 255, 164, 123, 104, 250, 162, 92, 55, 197, 163, 58, 4, 213, 162, 55, 0, 255, 162, 55, 0, 255, 163, 55, 0, 255, 163, 55, 0, 255, 165, 55, 0, 221, 188, 73, 0, 194, 215, 93, 0, 247, 217, 95, 0, 255, 217, 95, 0, 255, 217, 95, 0, 255, 217, 95, 0, 255, 217, 95, 0, 255, 217, 95, 0, 255, 217, 95, 0, 255, 217, 95, 0, 255, 217, 95, 0, 255, 217, 95, 0, 255, 217, 95, 0, 255, 217, 95, 0, 255, 217, 95, 0, 255, 212, 91, 0, 233, 191, 73, 0, 194, 175, 61, 0, 203, 169, 57, 0, 250, 170, 59, 0, 255, 170, 59, 0, 255, 171, 60, 0, 255, 171, 60, 0, 255, 171, 61, 0, 255, 172, 61, 0, 255, 172, 62, 0, 255, 172, 62, 0, 255, 173, 63, 0, 255, 173, 63, 0, 255, 173, 64, 0, 255, 173, 64, 0, 255, 174, 65, 0, 255, 174, 65, 0, 255, 174, 66, 0, 255, 175, 66, 0, 255, 175, 67, 0, 255, 175, 67, 0, 255, 176, 68, 0, 255, 176, 68, 0, 255, 176, 69, 0, 255, 176, 69, 0, 255, 177, 70, 0, 255, 177, 70, 0, 255, 177, 70, 0, 255, 178, 71, 0, 255, 156, 74, 18, 192, 177, 72, 1, 227, 178, 72, 0, 255, 179, 73, 0, 255, 179, 73, 0, 255, 179, 74, 0, 255, 180, 74, 0, 255, 180, 75, 0, 255, 180, 75, 0, 255, 180, 75, 0, 255, 181, 76, 0, 255, 181, 76, 0, 255, 181, 76, 0, 255, 181, 77, 0, 255, 181, 77, 0, 255, 181, 77, 0, 255, 181, 77, 0, 255, 181, 77, 0, 255, 181, 77, 0, 255, 181, 77, 0, 255, 181, 77, 0, 255, 181, 76, 0, 255, 181, 76, 0, 255, 181, 76, 0, 255, 180, 76, 0, 255, 180, 75, 0, 255, 180, 75, 0, 255, 180, 74, 0, 255, 179, 74, 0, 255, 179, 73, 0, 255, 179, 73, 0, 255, 179, 72, 0, 255, 178, 72, 0, 255, 178, 72, 0, 255, 178, 71, 0, 255, 177, 71, 0, 255, 177, 70, 0, 255, 177, 70, 0, 255, 177, 69, 0, 255, 176, 69, 0, 255, 176, 68, 0, 255, 176, 68, 0, 255, 175, 67, 0, 255, 175, 67, 0, 255, 175, 66, 0, 255, 175, 66, 0, 255, 174, 65, 0, 255, 174, 65, 0, 255, 174, 64, 0, 255, 173, 64, 0, 255, 154, 76, 37, 192, 131, 95, 88, 255, 153, 114, 91, 195, 177, 136, 95, 255, 177, 136, 95, 255, 177, 136, 95, 255, 177, 136, 95, 255, 177, 136, 95, 255, 177, 136, 95, 255, 177, 136, 95, 255, 177, 136, 95, 255, 177, 136, 95, 255, 177, 136, 95, 255, 177, 136, 95, 255, 177, 136, 95, 255, 177, 136, 95, 255, 177, 136, 95, 255, 177, 136, 95, 255, 177, 136, 95, 255, 177, 136, 95, 255, 177, 136, 95, 255, 177, 136, 95, 255, 177, 136, 95, 255, 177, 136, 95, 255, 177, 136, 95, 255, 177, 136, 95, 255, 177, 136, 95, 255, 177, 136, 95, 255, 177, 136, 95, 255, 177, 136, 95, 255, 177, 136, 95, 255, 177, 136, 95, 255, 177, 136, 95, 255, 177, 136, 95, 255, 177, 136, 95, 255, 177, 136, 95, 255, 177, 136, 95, 255, 180, 140, 96, 241, 218, 186, 132, 199, 243, 187, 133, 255, 243, 187, 133, 255, 243, 187, 133, 255, 243, 187, 133, 255, 243, 187, 133, 255, 243, 187, 133, 255, 215, 185, 132, 223, 215, 186, 132, 255, 215, 186, 132, 255, 215, 186, 132, 255, 215, 186, 132, 255, 215, 186, 132, 255, 215, 186, 132, 255, 215, 186, 132, 255, 215, 186, 132, 255, 215, 186, 132, 255, 215, 186, 132, 255, 215, 186, 132, 255, 215, 186, 132, 255, 215, 186, 132, 255, 215, 186, 132, 255, 215, 186, 132, 255, 215, 186, 132, 255, 215, 186, 132, 255, 215, 186, 132, 255, 215, 186, 132, 255, 215, 186, 132, 255, 215, 186, 132, 255, 215, 186, 132, 255, 217, 188, 130, 53, 0, 0, 0, 0, 0, 0, 0, 0, 0, 0, 0, 0, 0, 0, 0, 0, 0, 0, 0, 0, 0, 0, 0, 0, 0, 0, 0, 0, 0, 0, 0, 0, 0, 0, 0, 0, 0, 0, 0, 0, 0, 0, 0, 0, 0, 0, 0, 0, 0, 0, 0, 0, 0, 0, 0, 0, 0, 0, 0, 0, 0, 0, 0, 0, 0, 0, 0, 0, 255, 0, 0, 1, 163, 115, 92, 175, 161, 78, 36, 192, 161, 55, 1, 232, 161, 55, 0, 255, 161, 55, 0, 255, 162, 55, 0, 255, 162, 55, 0, 255, 167, 58, 0, 205, 197, 79, 0, 203, 216, 94, 0, 255, 217, 95, 0, 255, 217, 95, 0, 255, 217, 95, 0, 255, 217, 95, 0, 255, 217, 95, 0, 255, 217, 95, 0, 255, 217, 95, 0, 255, 217, 95, 0, 255, 217, 95, 0, 255, 217, 95, 0, 255, 217, 95, 0, 255, 217, 95, 0, 255, 209, 88, 0, 224, 186, 70, 0, 192, 173, 58, 0, 210, 169, 57, 0, 255, 169, 57, 0, 255, 169, 58, 0, 255, 170, 58, 0, 255, 170, 59, 0, 255, 170, 59, 0, 255, 171, 59, 0, 255, 171, 60, 0, 255, 171, 60, 0, 255, 172, 61, 0, 255, 172, 62, 0, 255, 172, 62, 0, 255, 172, 62, 0, 255, 173, 63, 0, 255, 173, 63, 0, 255, 173, 64, 0, 255, 174, 64, 0, 255, 174, 65, 0, 255, 174, 65, 0, 255, 175, 66, 0, 255, 175, 66, 0, 255, 175, 67, 0, 255, 175, 67, 0, 255, 176, 68, 0, 255, 176, 68, 0, 255, 176, 69, 0, 255, 177, 69, 0, 255, 177, 70, 0, 255, 177, 70, 0, 255, 177, 71, 0, 241, 171, 71, 6, 205, 178, 72, 0, 255, 178, 72, 0, 255, 179, 72, 0, 255, 179, 73, 0, 255, 179, 73, 0, 255, 179, 74, 0, 255, 180, 74, 0, 255, 180, 74, 0, 255, 180, 75, 0, 255, 180, 75, 0, 255, 180, 76, 0, 255, 181, 76, 0, 255, 181, 76, 0, 255, 181, 76, 0, 255, 181, 76, 0, 255, 181, 76, 0, 255, 181, 76, 0, 255, 181, 76, 0, 255, 181, 76, 0, 255, 181, 76, 0, 255, 181, 76, 0, 255, 181, 76, 0, 255, 180, 75, 0, 255, 180, 75, 0, 255, 180, 75, 0, 255, 180, 74, 0, 255, 180, 74, 0, 255, 179, 74, 0, 255, 179, 73, 0, 255, 179, 73, 0, 255, 178, 72, 0, 255, 178, 72, 0, 255, 178, 71, 0, 255, 178, 71, 0, 255, 177, 71, 0, 255, 177, 70, 0, 255, 177, 70, 0, 255, 177, 69, 0, 255, 176, 69, 0, 255, 176, 68, 0, 255, 176, 68, 0, 255, 175, 67, 0, 255, 175, 67, 0, 255, 175, 66, 0, 255, 174, 66, 0, 255, 174, 65, 0, 255, 174, 65, 0, 255, 174, 64, 0, 255, 173, 64, 0, 255, 167, 67, 12, 197, 131, 95, 88, 255, 139, 100, 88, 197, 177, 136, 95, 255, 177, 136, 95, 255, 177, 136, 95, 255, 177, 136, 95, 255, 177, 136, 95, 255, 177, 136, 95, 255, 177, 136, 95, 255, 177, 136, 95, 255, 177, 136, 95, 255, 177, 136, 95, 255, 177, 136, 95, 255, 177, 136, 95, 255, 177, 136, 95, 255, 177, 136, 95, 255, 177, 136, 95, 255, 177, 136, 95, 255, 177, 136, 95, 255, 177, 136, 95, 255, 177, 136, 95, 255, 177, 136, 95, 255, 177, 136, 95, 255, 177, 136, 95, 255, 177, 136, 95, 255, 177, 136, 95, 255, 177, 136, 95, 255, 177, 136, 95, 255, 177, 136, 95, 255, 177, 136, 95, 255, 177, 136, 95, 255, 177, 136, 95, 255, 177, 136, 95, 255, 177, 136, 95, 255, 177, 136, 95, 255, 177, 136, 95, 255, 196, 162, 114, 194, 237, 187, 133, 219, 243, 187, 133, 255, 243, 187, 133, 255, 243, 187, 133, 255, 243, 187, 133, 255, 243, 187, 133, 255, 235, 186, 132, 211, 215, 186, 132, 255, 215, 186, 132, 255, 215, 186, 132, 255, 215, 186, 132, 255, 215, 186, 132, 255, 215, 186, 132, 255, 215, 186, 132, 255, 215, 186, 132, 255, 215, 186, 132, 255, 215, 186, 132, 255, 215, 186, 132, 255, 215, 186, 132, 255, 215, 186, 132, 255, 215, 186, 132, 255, 215, 186, 132, 255, 215, 186, 132, 255, 215, 186, 132, 255, 215, 186, 132, 255, 215, 186, 132, 255, 215, 186, 132, 255, 215, 186, 132, 255, 215, 186, 132, 255, 215, 186, 131, 220, 255, 255, 255, 1, 0, 0, 0, 0, 0, 0, 0, 0, 0, 0, 0, 0, 0, 0, 0, 0, 0, 0, 0, 0, 0, 0, 0, 0, 0, 0, 0, 0, 0, 0, 0, 0, 0, 0, 0, 0, 0, 0, 0, 0, 0, 0, 0, 0, 0, 0, 0, 0, 0, 0, 0, 0, 0, 0, 0, 0, 0, 0, 0, 0, 0, 0, 0, 0, 0, 0, 0, 0, 110, 23, 0, 44, 154, 50, 0, 216, 160, 55, 0, 255, 161, 55, 0, 255, 161, 55, 0, 255, 161, 55, 0, 255, 165, 56, 0, 212, 205, 85, 0, 216, 217, 95, 0, 255, 217, 95, 0, 255, 217, 95, 0, 255, 217, 95, 0, 255, 217, 95, 0, 255, 217, 95, 0, 255, 217, 95, 0, 255, 217, 95, 0, 255, 217, 95, 0, 255, 217, 95, 0, 255, 217, 95, 0, 255, 216, 94, 0, 255, 204, 84, 0, 214, 182, 66, 0, 192, 168, 55, 0, 220, 168, 55, 0, 255, 168, 55, 0, 255, 168, 56, 0, 255, 169, 56, 0, 255, 169, 57, 0, 255, 169, 57, 0, 255, 170, 58, 0, 255, 170, 58, 0, 255, 170, 59, 0, 255, 171, 59, 0, 255, 171, 60, 0, 255, 171, 60, 0, 255, 171, 61, 0, 255, 172, 61, 0, 255, 172, 62, 0, 255, 172, 62, 0, 255, 173, 63, 0, 255, 173, 63, 0, 255, 173, 64, 0, 255, 173, 64, 0, 255, 174, 65, 0, 255, 174, 65, 0, 255, 174, 66, 0, 255, 175, 66, 0, 255, 175, 67, 0, 255, 175, 67, 0, 255, 176, 68, 0, 255, 176, 68, 0, 255, 176, 68, 0, 255, 176, 69, 0, 255, 177, 69, 0, 255, 177, 70, 0, 255, 177, 69, 0, 240, 178, 71, 0, 255, 178, 71, 0, 255, 178, 72, 0, 255, 178, 72, 0, 255, 179, 72, 0, 255, 179, 73, 0, 255, 179, 73, 0, 255, 179, 74, 0, 255, 180, 74, 0, 255, 180, 74, 0, 255, 180, 75, 0, 255, 180, 75, 0, 255, 180, 75, 0, 255, 180, 75, 0, 255, 181, 76, 0, 255, 181, 76, 0, 255, 181, 76, 0, 255, 181, 76, 0, 255, 181, 76, 0, 255, 181, 76, 0, 255, 181, 76, 0, 255, 180, 76, 0, 255, 180, 75, 0, 255, 180, 75, 0, 255, 180, 75, 0, 255, 180, 74, 0, 255, 180, 74, 0, 255, 179, 74, 0, 255, 179, 73, 0, 255, 179, 73, 0, 255, 179, 72, 0, 255, 178, 72, 0, 255, 178, 72, 0, 255, 178, 71, 0, 255, 178, 71, 0, 255, 177, 70, 0, 255, 177, 70, 0, 255, 177, 69, 0, 255, 176, 69, 0, 255, 176, 69, 0, 255, 176, 68, 0, 255, 176, 68, 0, 255, 175, 67, 0, 255, 175, 67, 0, 255, 175, 66, 0, 255, 174, 66, 0, 255, 174, 65, 0, 255, 174, 65, 0, 255, 174, 64, 0, 255, 173, 64, 0, 255, 173, 62, 0, 233, 131, 94, 87, 255, 130, 95, 86, 233, 177, 135, 94, 255, 177, 136, 95, 255, 177, 136, 95, 255, 177, 136, 95, 255, 177, 136, 95, 255, 177, 136, 95, 255, 177, 136, 95, 255, 177, 136, 95, 255, 177, 136, 95, 255, 177, 136, 95, 255, 177, 136, 95, 255, 177, 136, 95, 255, 177, 136, 95, 255, 177, 136, 95, 255, 177, 136, 95, 255, 177, 136, 95, 255, 177, 136, 95, 255, 177, 136, 95, 255, 177, 136, 95, 255, 177, 136, 95, 255, 177, 136, 95, 255, 177, 136, 95, 255, 177, 136, 95, 255, 177, 136, 95, 255, 177, 136, 95, 255, 177, 136, 95, 255, 177, 136, 95, 255, 177, 136, 95, 255, 177, 136, 95, 255, 177, 136, 95, 255, 177, 136, 95, 255, 177, 136, 95, 255, 177, 136, 95, 255, 177, 136, 95, 255, 219, 182, 128, 184, 243, 187, 133, 255, 243, 187, 133, 255, 243, 187, 133, 255, 243, 187, 133, 255, 243, 187, 133, 255, 243, 187, 133, 255, 220, 186, 132, 195, 215, 186, 132, 255, 215, 186, 132, 255, 215, 186, 132, 255, 215, 186, 132, 255, 215, 186, 132, 255, 215, 186, 132, 255, 215, 186, 132, 255, 215, 186, 132, 255, 215, 186, 132, 255, 215, 186, 132, 255, 215, 186, 132, 255, 215, 186, 132, 255, 215, 186, 132, 255, 215, 186, 132, 255, 215, 186, 132, 255, 215, 186, 132, 255, 215, 186, 132, 255, 215, 186, 132, 255, 215, 186, 132, 255, 215, 186, 132, 255, 215, 186, 132, 255, 215, 186, 132, 255, 215, 186, 131, 121, 0, 0, 0, 0, 0, 0, 0, 0, 0, 0, 0, 0, 0, 0, 0, 0, 0, 0, 0, 0, 0, 0, 0, 0, 0, 0, 0, 0, 0, 0, 0, 0, 0, 0, 0, 0, 0, 0, 0, 0, 0, 0, 0, 0, 0, 0, 0, 0, 0, 0, 0, 0, 0, 0, 0, 0, 0, 0, 0, 0, 0, 0, 0, 0, 0, 0, 0, 0, 102, 18, 0, 55, 127, 36, 0, 183, 160, 55, 0, 255, 160, 55, 0, 255, 161, 55, 0, 255, 161, 55, 0, 255, 178, 68, 0, 192, 216, 93, 0, 254, 217, 95, 0, 255, 217, 95, 0, 255, 217, 95, 0, 255, 217, 95, 0, 255, 217, 95, 0, 255, 217, 95, 0, 255, 217, 95, 0, 255, 217, 95, 0, 255, 217, 95, 0, 255, 215, 92, 0, 246, 201, 82, 0, 206, 179, 64, 0, 193, 167, 55, 0, 229, 167, 55, 0, 255, 167, 55, 0, 255, 167, 55, 0, 255, 168, 55, 0, 255, 168, 55, 0, 255, 168, 56, 0, 255, 169, 56, 0, 255, 169, 57, 0, 255, 169, 57, 0, 255, 169, 58, 0, 255, 170, 58, 0, 255, 170, 59, 0, 255, 170, 59, 0, 255, 171, 60, 0, 255, 171, 60, 0, 255, 171, 61, 0, 255, 172, 61, 0, 255, 172, 62, 0, 255, 172, 62, 0, 255, 172, 63, 0, 255, 173, 63, 0, 255, 173, 63, 0, 255, 173, 64, 0, 255, 174, 64, 0, 255, 174, 65, 0, 255, 174, 65, 0, 255, 175, 66, 0, 255, 175, 66, 0, 255, 175, 67, 0, 255, 175, 67, 0, 255, 176, 68, 0, 255, 176, 68, 0, 255, 176, 69, 0, 255, 176, 69, 0, 255, 177, 70, 0, 255, 177, 70, 0, 255, 177, 70, 0, 255, 178, 71, 0, 255, 178, 71, 0, 255, 178, 72, 0, 255, 178, 72, 0, 255, 179, 72, 0, 255, 179, 73, 0, 255, 179, 73, 0, 255, 179, 73, 0, 255, 179, 74, 0, 255, 180, 74, 0, 255, 180, 74, 0, 255, 180, 75, 0, 255, 180, 75, 0, 255, 180, 75, 0, 255, 180, 75, 0, 255, 180, 75, 0, 255, 180, 75, 0, 255, 180, 75, 0, 255, 180, 75, 0, 255, 180, 75, 0, 255, 180, 75, 0, 255, 180, 75, 0, 255, 180, 75, 0, 255, 180, 74, 0, 255, 180, 74, 0, 255, 179, 74, 0, 255, 179, 73, 0, 255, 179, 73, 0, 255, 179, 73, 0, 255, 178, 72, 0, 255, 178, 72, 0, 255, 178, 71, 0, 255, 178, 71, 0, 255, 177, 71, 0, 255, 177, 70, 0, 255, 177, 70, 0, 255, 177, 69, 0, 255, 176, 69, 0, 255, 176, 68, 0, 255, 176, 68, 0, 255, 175, 67, 0, 255, 175, 67, 0, 255, 175, 66, 0, 255, 175, 66, 0, 255, 174, 66, 0, 255, 174, 65, 0, 255, 174, 65, 0, 255, 173, 64, 0, 255, 173, 64, 0, 255, 173, 63, 0, 255, 142, 85, 64, 212, 131, 95, 88, 255, 167, 128, 92, 223, 177, 136, 95, 255, 177, 136, 95, 255, 177, 136, 95, 255, 177, 136, 95, 255, 177, 136, 95, 255, 177, 136, 95, 255, 177, 136, 95, 255, 177, 136, 95, 255, 177, 136, 95, 255, 177, 136, 95, 255, 177, 136, 95, 255, 177, 136, 95, 255, 177, 136, 95, 255, 177, 136, 95, 255, 177, 136, 95, 255, 177, 136, 95, 255, 177, 136, 95, 255, 177, 136, 95, 255, 177, 136, 95, 255, 177, 136, 95, 255, 177, 136, 95, 255, 177, 136, 95, 255, 177, 136, 95, 255, 177, 136, 95, 255, 177, 136, 95, 255, 169, 128, 92, 224, 155, 116, 90, 197, 177, 135, 94, 255, 177, 136, 95, 255, 177, 136, 95, 255, 177, 136, 95, 255, 177, 136, 95, 255, 192, 153, 107, 204, 240, 186, 132, 230, 243, 187, 133, 255, 243, 187, 133, 255, 243, 187, 133, 255, 243, 187, 133, 255, 243, 187, 133, 255, 242, 187, 132, 245, 215, 186, 132, 244, 215, 186, 132, 255, 215, 186, 132, 255, 215, 186, 132, 255, 215, 186, 132, 255, 215, 186, 132, 255, 215, 186, 132, 255, 215, 186, 132, 255, 215, 186, 132, 255, 215, 186, 132, 255, 215, 186, 132, 255, 215, 186, 132, 255, 215, 186, 132, 255, 215, 186, 132, 255, 215, 186, 132, 255, 215, 186, 132, 255, 215, 186, 132, 255, 215, 186, 132, 255, 215, 186, 132, 255, 215, 186, 132, 255, 215, 186, 132, 255, 215, 186, 132, 255, 215, 185, 132, 252, 215, 184, 133, 25, 0, 0, 0, 0, 0, 0, 0, 0, 0, 0, 0, 0, 0, 0, 0, 0, 0, 0, 0, 0, 0, 0, 0, 0, 0, 0, 0, 0, 0, 0, 0, 0, 0, 0, 0, 0, 0, 0, 0, 0, 0, 0, 0, 0, 0, 0, 0, 0, 0, 0, 0, 0, 0, 0, 0, 0, 0, 0, 0, 0, 0, 0, 0, 0, 100, 19, 0, 66, 106, 24, 0, 202, 158, 53, 0, 252, 160, 55, 0, 255, 160, 55, 0, 255, 160, 55, 0, 255, 161, 55, 0, 255, 172, 62, 0, 194, 202, 83, 0, 211, 214, 91, 0, 241, 216, 93, 0, 254, 217, 95, 0, 255, 217, 95, 0, 255, 214, 92, 0, 245, 207, 86, 0, 220, 197, 78, 0, 200, 178, 65, 0, 192, 167, 56, 0, 212, 164, 54, 0, 250, 165, 55, 0, 255, 166, 55, 0, 255, 166, 55, 0, 255, 166, 55, 0, 255, 167, 55, 0, 255, 167, 55, 0, 255, 167, 55, 0, 255, 168, 55, 0, 255, 168, 56, 0, 255, 168, 56, 0, 255, 169, 56, 0, 255, 169, 57, 0, 255, 169, 57, 0, 255, 170, 58, 0, 255, 170, 58, 0, 255, 170, 59, 0, 255, 171, 59, 0, 255, 171, 60, 0, 255, 171, 60, 0, 255, 171, 61, 0, 255, 172, 61, 0, 255, 172, 62, 0, 255, 172, 62, 0, 255, 173, 63, 0, 255, 173, 63, 0, 255, 173, 64, 0, 255, 173, 64, 0, 255, 174, 65, 0, 255, 174, 65, 0, 255, 174, 66, 0, 255, 175, 66, 0, 255, 175, 66, 0, 255, 175, 67, 0, 255, 175, 67, 0, 255, 176, 68, 0, 255, 176, 68, 0, 255, 176, 69, 0, 255, 177, 69, 0, 255, 177, 70, 0, 255, 177, 70, 0, 255, 177, 70, 0, 255, 178, 71, 0, 255, 178, 71, 0, 255, 178, 72, 0, 255, 178, 72, 0, 255, 178, 72, 0, 255, 179, 73, 0, 255, 179, 73, 0, 255, 179, 73, 0, 255, 179, 74, 0, 255, 179, 74, 0, 255, 180, 74, 0, 255, 180, 74, 0, 255, 180, 74, 0, 255, 180, 75, 0, 255, 180, 75, 0, 255, 180, 75, 0, 255, 180, 75, 0, 255, 180, 75, 0, 255, 180, 75, 0, 255, 180, 74, 0, 255, 180, 74, 0, 255, 180, 74, 0, 255, 179, 74, 0, 255, 179, 74, 0, 255, 179, 73, 0, 255, 179, 73, 0, 255, 179, 73, 0, 255, 178, 72, 0, 255, 178, 72, 0, 255, 178, 71, 0, 255, 178, 71, 0, 255, 177, 71, 0, 255, 177, 70, 0, 255, 177, 70, 0, 255, 177, 69, 0, 255, 176, 69, 0, 255, 176, 69, 0, 255, 176, 68, 0, 255, 176, 68, 0, 255, 175, 67, 0, 255, 175, 67, 0, 255, 175, 66, 0, 255, 175, 66, 0, 255, 174, 65, 0, 255, 174, 65, 0, 255, 174, 65, 0, 255, 173, 64, 0, 255, 173, 64, 0, 255, 173, 63, 0, 255, 160, 72, 25, 192, 131, 95, 88, 255, 151, 113, 91, 194, 177, 136, 95, 255, 177, 136, 95, 255, 177, 136, 95, 255, 177, 136, 95, 255, 177, 136, 95, 255, 177, 136, 95, 255, 177, 136, 95, 255, 177, 136, 95, 255, 177, 136, 95, 255, 177, 136, 95, 255, 177, 136, 95, 255, 177, 136, 95, 255, 177, 136, 95, 255, 177, 136, 95, 255, 177, 136, 95, 255, 177, 136, 95, 255, 177, 136, 95, 255, 177, 136, 95, 255, 177, 136, 95, 255, 177, 136, 95, 255, 177, 136, 95, 255, 177, 136, 95, 255, 177, 136, 95, 255, 177, 136, 95, 255, 177, 136, 95, 255, 139, 102, 89, 195, 131, 95, 88, 255, 137, 100, 88, 199, 173, 132, 94, 238, 177, 136, 95, 255, 177, 136, 95, 255, 177, 136, 95, 255, 219, 177, 126, 180, 243, 187, 133, 255, 243, 187, 133, 255, 243, 187, 133, 255, 243, 187, 133, 255, 243, 187, 133, 255, 243, 187, 133, 255, 229, 187, 132, 195, 215, 186, 132, 255, 215, 186, 132, 255, 215, 186, 132, 255, 215, 186, 132, 255, 215, 186, 132, 255, 215, 186, 132, 255, 215, 186, 132, 255, 215, 186, 132, 255, 215, 186, 132, 255, 215, 186, 132, 255, 215, 186, 132, 255, 215, 186, 132, 255, 215, 186, 132, 255, 215, 186, 132, 255, 215, 186, 132, 255, 215, 186, 132, 255, 215, 186, 132, 255, 215, 186, 132, 255, 215, 186, 132, 255, 215, 186, 132, 255, 215, 186, 132, 255, 215, 186, 132, 255, 215, 186, 132, 176, 0, 0, 0, 0, 0, 0, 0, 0, 0, 0, 0, 0, 0, 0, 0, 0, 0, 0, 0, 0, 0, 0, 0, 0, 0, 0, 0, 0, 0, 0, 0, 0, 0, 0, 0, 0, 0, 0, 0, 0, 0, 0, 0, 0, 0, 0, 0, 0, 0, 0, 0, 0, 0, 0, 0, 0, 0, 0, 0, 0, 0, 0, 0, 0, 101, 19, 0, 78, 101, 21, 0, 239, 148, 48, 0, 221, 159, 55, 0, 255, 160, 55, 0, 255, 160, 55, 0, 255, 160, 55, 0, 255, 161, 55, 0, 255, 161, 55, 0, 255, 161, 55, 0, 255, 162, 55, 0, 255, 162, 55, 0, 255, 162, 54, 0, 244, 163, 54, 0, 240, 163, 55, 0, 255, 163, 55, 0, 255, 164, 55, 0, 255, 164, 55, 0, 255, 164, 55, 0, 255, 165, 55, 0, 255, 165, 55, 0, 255, 166, 55, 0, 255, 166, 55, 0, 255, 166, 55, 0, 255, 167, 55, 0, 255, 167, 55, 0, 255, 167, 55, 0, 255, 168, 55, 0, 255, 168, 55, 0, 255, 168, 56, 0, 255, 169, 56, 0, 255, 169, 57, 0, 255, 169, 57, 0, 255, 169, 58, 0, 255, 170, 58, 0, 255, 170, 59, 0, 255, 170, 59, 0, 255, 171, 60, 0, 255, 171, 60, 0, 255, 171, 60, 0, 255, 172, 61, 0, 255, 172, 62, 0, 255, 172, 62, 0, 255, 172, 62, 0, 255, 173, 63, 0, 255, 173, 63, 0, 255, 173, 64, 0, 255, 174, 64, 0, 255, 174, 65, 0, 255, 174, 65, 0, 255, 174, 66, 0, 255, 175, 66, 0, 255, 175, 67, 0, 255, 175, 67, 0, 255, 176, 68, 0, 255, 176, 68, 0, 255, 176, 68, 0, 255, 176, 69, 0, 255, 177, 69, 0, 255, 177, 70, 0, 255, 177, 70, 0, 255, 177, 70, 0, 255, 178, 71, 0, 255, 178, 71, 0, 255, 178, 71, 0, 255, 178, 72, 0, 255, 178, 72, 0, 255, 179, 72, 0, 255, 179, 73, 0, 255, 179, 73, 0, 255, 179, 73, 0, 255, 179, 73, 0, 255, 179, 74, 0, 255, 179, 74, 0, 255, 180, 74, 0, 255, 180, 74, 0, 255, 180, 74, 0, 255, 180, 74, 0, 255, 180, 74, 0, 255, 180, 74, 0, 255, 179, 74, 0, 255, 179, 74, 0, 255, 179, 74, 0, 255, 179, 73, 0, 255, 179, 73, 0, 255, 179, 73, 0, 255, 179, 72, 0, 255, 178, 72, 0, 255, 178, 72, 0, 255, 178, 71, 0, 255, 178, 71, 0, 255, 178, 71, 0, 255, 177, 70, 0, 255, 177, 70, 0, 255, 177, 70, 0, 255, 177, 69, 0, 255, 176, 69, 0, 255, 176, 68, 0, 255, 176, 68, 0, 255, 176, 68, 0, 255, 175, 67, 0, 255, 175, 67, 0, 255, 175, 66, 0, 255, 174, 66, 0, 255, 174, 65, 0, 255, 174, 65, 0, 255, 174, 64, 0, 255, 173, 64, 0, 255, 173, 63, 0, 255, 173, 63, 0, 255, 171, 62, 2, 220, 131, 95, 88, 255, 134, 97, 87, 205, 177, 136, 95, 255, 177, 136, 95, 255, 177, 136, 95, 255, 177, 136, 95, 255, 177, 136, 95, 255, 177, 136, 95, 255, 177, 136, 95, 255, 177, 136, 95, 255, 177, 136, 95, 255, 177, 136, 95, 255, 177, 136, 95, 255, 177, 136, 95, 255, 177, 136, 95, 255, 177, 136, 95, 255, 177, 136, 95, 255, 177, 136, 95, 255, 177, 136, 95, 255, 177, 136, 95, 255, 177, 136, 95, 255, 177, 136, 95, 255, 177, 136, 95, 255, 177, 136, 95, 255, 177, 136, 95, 255, 177, 136, 95, 255, 170, 131, 93, 228, 131, 94, 87, 252, 131, 95, 88, 255, 131, 95, 88, 255, 130, 94, 87, 235, 159, 120, 91, 202, 177, 136, 95, 255, 185, 144, 101, 221, 236, 186, 132, 215, 243, 187, 133, 255, 243, 187, 133, 255, 243, 187, 133, 255, 243, 187, 133, 255, 243, 187, 133, 255, 243, 187, 133, 255, 217, 186, 132, 213, 215, 186, 132, 255, 215, 186, 132, 255, 215, 186, 132, 255, 215, 186, 132, 255, 215, 186, 132, 255, 215, 186, 132, 255, 215, 186, 132, 255, 215, 186, 132, 255, 215, 186, 132, 255, 215, 186, 132, 255, 215, 186, 132, 255, 215, 186, 132, 255, 215, 186, 132, 255, 215, 186, 132, 255, 215, 186, 132, 255, 215, 186, 132, 255, 215, 186, 132, 255, 215, 186, 132, 255, 215, 186, 132, 255, 215, 186, 132, 255, 215, 186, 132, 255, 215, 186, 132, 255, 215, 187, 133, 75, 0, 0, 0, 0, 0, 0, 0, 0, 0, 0, 0, 0, 0, 0, 0, 0, 0, 0, 0, 0, 0, 0, 0, 0, 0, 0, 0, 0, 0, 0, 0, 0, 0, 0, 0, 0, 0, 0, 0, 0, 0, 0, 0, 0, 0, 0, 0, 0, 0, 0, 0, 0, 0, 0, 0, 0, 0, 0, 0, 0, 102, 19, 0, 90, 101, 21, 0, 251, 124, 34, 0, 192, 159, 55, 0, 255, 159, 55, 0, 255, 159, 55, 0, 255, 160, 55, 0, 255, 160, 55, 0, 255, 160, 55, 0, 255, 161, 55, 0, 255, 161, 55, 0, 255, 162, 55, 0, 255, 162, 55, 0, 255, 162, 55, 0, 255, 162, 55, 0, 255, 163, 55, 0, 255, 163, 55, 0, 255, 164, 55, 0, 255, 164, 55, 0, 255, 164, 55, 0, 255, 165, 55, 0, 255, 165, 55, 0, 255, 165, 55, 0, 255, 166, 55, 0, 255, 166, 55, 0, 255, 166, 55, 0, 255, 167, 55, 0, 255, 167, 55, 0, 255, 167, 55, 0, 255, 168, 55, 0, 255, 168, 56, 0, 255, 168, 56, 0, 255, 169, 56, 0, 255, 169, 57, 0, 255, 169, 57, 0, 255, 170, 58, 0, 255, 170, 58, 0, 255, 170, 59, 0, 255, 170, 59, 0, 255, 171, 60, 0, 255, 171, 60, 0, 255, 171, 61, 0, 255, 172, 61, 0, 255, 172, 62, 0, 255, 172, 62, 0, 255, 173, 63, 0, 255, 173, 63, 0, 255, 173, 64, 0, 255, 173, 64, 0, 255, 174, 64, 0, 255, 174, 65, 0, 255, 174, 65, 0, 255, 174, 66, 0, 255, 175, 66, 0, 255, 175, 67, 0, 255, 175, 67, 0, 255, 176, 68, 0, 255, 176, 68, 0, 255, 176, 68, 0, 255, 176, 69, 0, 255, 177, 69, 0, 255, 177, 70, 0, 255, 177, 70, 0, 255, 177, 70, 0, 255, 177, 71, 0, 255, 178, 71, 0, 255, 178, 71, 0, 255, 178, 72, 0, 255, 178, 72, 0, 255, 178, 72, 0, 255, 179, 72, 0, 255, 179, 73, 0, 255, 179, 73, 0, 255, 179, 73, 0, 255, 179, 73, 0, 255, 179, 73, 0, 255, 179, 73, 0, 255, 179, 73, 0, 255, 179, 73, 0, 255, 179, 73, 0, 255, 179, 73, 0, 255, 179, 73, 0, 255, 179, 73, 0, 255, 179, 73, 0, 255, 179, 73, 0, 255, 179, 73, 0, 255, 179, 72, 0, 255, 178, 72, 0, 255, 178, 72, 0, 255, 178, 71, 0, 255, 178, 71, 0, 255, 178, 71, 0, 255, 177, 70, 0, 255, 177, 70, 0, 255, 177, 70, 0, 255, 177, 69, 0, 255, 176, 69, 0, 255, 176, 69, 0, 255, 176, 68, 0, 255, 176, 68, 0, 255, 175, 67, 0, 255, 175, 67, 0, 255, 175, 66, 0, 255, 175, 66, 0, 255, 174, 66, 0, 255, 174, 65, 0, 255, 174, 65, 0, 255, 173, 64, 0, 255, 173, 64, 0, 255, 173, 63, 0, 255, 173, 63, 0, 255, 172, 62, 0, 255, 137, 89, 72, 225, 131, 95, 88, 255, 170, 131, 93, 228, 177, 136, 95, 255, 177, 136, 95, 255, 177, 136, 95, 255, 177, 136, 95, 255, 177, 136, 95, 255, 177, 136, 95, 255, 177, 136, 95, 255, 177, 136, 95, 255, 177, 136, 95, 255, 177, 136, 95, 255, 177, 136, 95, 255, 177, 136, 95, 255, 177, 136, 95, 255, 177, 136, 95, 255, 177, 136, 95, 255, 177, 136, 95, 255, 177, 136, 95, 255, 177, 136, 95, 255, 177, 136, 95, 255, 177, 136, 95, 255, 177, 136, 95, 255, 177, 136, 95, 255, 177, 136, 95, 255, 139, 102, 88, 194, 131, 95, 88, 255, 131, 95, 88, 255, 131, 95, 88, 255, 131, 95, 88, 255, 131, 95, 88, 255, 140, 103, 89, 195, 208, 170, 120, 179, 243, 187, 133, 255, 243, 187, 133, 255, 243, 187, 133, 255, 243, 187, 133, 255, 243, 187, 133, 255, 243, 187, 133, 255, 236, 187, 132, 208, 215, 186, 132, 255, 215, 186, 132, 255, 215, 186, 132, 255, 215, 186, 132, 255, 215, 186, 132, 255, 215, 186, 132, 255, 215, 186, 132, 255, 215, 186, 132, 255, 215, 186, 132, 255, 215, 186, 132, 255, 215, 186, 132, 255, 215, 186, 132, 255, 215, 186, 132, 255, 215, 186, 132, 255, 215, 186, 132, 255, 215, 186, 132, 255, 215, 186, 132, 255, 215, 186, 132, 255, 215, 186, 132, 255, 215, 186, 132, 255, 215, 186, 132, 255, 215, 186, 132, 255, 215, 186, 132, 228, 255, 192, 128, 4, 0, 0, 0, 0, 0, 0, 0, 0, 0, 0, 0, 0, 0, 0, 0, 0, 0, 0, 0, 0, 0, 0, 0, 0, 0, 0, 0, 0, 0, 0, 0, 0, 0, 0, 0, 0, 0, 0, 0, 0, 0, 0, 0, 0, 0, 0, 0, 0, 0, 0, 0, 0, 0, 0, 0, 0, 100, 22, 0, 104, 102, 21, 0, 253, 106, 23, 0, 210, 156, 53, 0, 253, 159, 55, 0, 255, 159, 55, 0, 255, 159, 55, 0, 255, 160, 55, 0, 255, 160, 55, 0, 255, 160, 55, 0, 255, 161, 55, 0, 255, 161, 55, 0, 255, 161, 55, 0, 255, 162, 55, 0, 255, 162, 55, 0, 255, 162, 55, 0, 255, 163, 55, 0, 255, 163, 55, 0, 255, 163, 55, 0, 255, 164, 55, 0, 255, 164, 55, 0, 255, 164, 55, 0, 255, 165, 55, 0, 255, 165, 55, 0, 255, 166, 55, 0, 255, 166, 55, 0, 255, 166, 55, 0, 255, 167, 55, 0, 255, 167, 55, 0, 255, 167, 55, 0, 255, 168, 55, 0, 255, 168, 55, 0, 255, 168, 56, 0, 255, 169, 56, 0, 255, 169, 57, 0, 255, 169, 57, 0, 255, 169, 58, 0, 255, 170, 58, 0, 255, 170, 59, 0, 255, 170, 59, 0, 255, 171, 59, 0, 255, 171, 60, 0, 255, 171, 60, 0, 255, 171, 61, 0, 255, 172, 61, 0, 255, 172, 62, 0, 255, 172, 62, 0, 255, 173, 63, 0, 255, 173, 63, 0, 255, 173, 64, 0, 255, 173, 64, 0, 255, 174, 65, 0, 255, 174, 65, 0, 255, 174, 65, 0, 255, 175, 66, 0, 255, 175, 66, 0, 255, 175, 67, 0, 255, 175, 67, 0, 255, 176, 68, 0, 255, 176, 68, 0, 255, 176, 68, 0, 255, 176, 69, 0, 255, 177, 69, 0, 255, 177, 69, 0, 255, 177, 70, 0, 255, 177, 70, 0, 255, 177, 70, 0, 255, 178, 71, 0, 255, 178, 71, 0, 255, 178, 71, 0, 255, 178, 72, 0, 255, 178, 72, 0, 255, 178, 72, 0, 255, 178, 72, 0, 255, 179, 72, 0, 255, 179, 73, 0, 255, 179, 73, 0, 255, 179, 73, 0, 255, 179, 73, 0, 255, 179, 73, 0, 255, 179, 73, 0, 255, 179, 73, 0, 255, 179, 73, 0, 255, 179, 73, 0, 255, 179, 72, 0, 255, 178, 72, 0, 255, 178, 72, 0, 255, 178, 72, 0, 255, 178, 72, 0, 255, 178, 71, 0, 255, 178, 71, 0, 255, 178, 71, 0, 255, 177, 70, 0, 255, 177, 70, 0, 255, 177, 70, 0, 255, 177, 69, 0, 255, 176, 69, 0, 255, 176, 69, 0, 255, 176, 68, 0, 255, 176, 68, 0, 255, 175, 67, 0, 255, 175, 67, 0, 255, 175, 67, 0, 255, 175, 66, 0, 255, 174, 66, 0, 255, 174, 65, 0, 255, 174, 65, 0, 255, 174, 64, 0, 255, 173, 64, 0, 255, 173, 64, 0, 255, 173, 63, 0, 255, 173, 63, 0, 255, 172, 62, 0, 255, 156, 74, 32, 192, 131, 95, 88, 255, 146, 108, 89, 192, 177, 136, 95, 255, 177, 136, 95, 255, 177, 136, 95, 255, 177, 136, 95, 255, 177, 136, 95, 255, 177, 136, 95, 255, 177, 136, 95, 255, 177, 136, 95, 255, 177, 136, 95, 255, 177, 136, 95, 255, 177, 136, 95, 255, 177, 136, 95, 255, 177, 136, 95, 255, 177, 136, 95, 255, 177, 136, 95, 255, 177, 136, 95, 255, 177, 136, 95, 255, 177, 136, 95, 255, 177, 136, 95, 255, 177, 136, 95, 255, 177, 136, 95, 255, 177, 136, 95, 255, 172, 131, 93, 232, 130, 94, 87, 249, 131, 95, 88, 255, 131, 95, 88, 255, 131, 95, 88, 255, 131, 95, 88, 255, 131, 95, 88, 255, 131, 95, 88, 255, 142, 104, 92, 233, 230, 177, 128, 202, 243, 187, 133, 255, 243, 187, 133, 255, 243, 187, 133, 255, 243, 187, 133, 255, 243, 187, 133, 255, 218, 186, 131, 203, 215, 186, 132, 255, 215, 186, 132, 255, 215, 186, 132, 255, 215, 186, 132, 255, 215, 186, 132, 255, 215, 186, 132, 255, 215, 186, 132, 255, 215, 186, 132, 255, 215, 186, 132, 255, 215, 186, 132, 255, 215, 186, 132, 255, 215, 186, 132, 255, 215, 186, 132, 255, 215, 186, 132, 255, 215, 186, 132, 255, 215, 186, 132, 255, 215, 186, 132, 255, 215, 186, 132, 255, 215, 186, 132, 255, 215, 186, 132, 255, 215, 186, 132, 255, 215, 186, 132, 255, 216, 187, 131, 130, 0, 0, 0, 0, 0, 0, 0, 0, 0, 0, 0, 0, 0, 0, 0, 0, 0, 0, 0, 0, 0, 0, 0, 0, 0, 0, 0, 0, 0, 0, 0, 0, 0, 0, 0, 0, 0, 0, 0, 0, 0, 0, 0, 0, 0, 0, 0, 0, 0, 0, 0, 0, 0, 0, 0, 0, 101, 21, 0, 118, 102, 22, 0, 255, 101, 21, 0, 246, 148, 48, 0, 222, 158, 55, 0, 255, 158, 55, 0, 255, 159, 55, 0, 255, 159, 55, 0, 255, 159, 55, 0, 255, 160, 55, 0, 255, 160, 55, 0, 255, 161, 55, 0, 255, 161, 55, 0, 255, 161, 55, 0, 255, 162, 55, 0, 255, 162, 55, 0, 255, 162, 55, 0, 255, 163, 55, 0, 255, 163, 55, 0, 255, 163, 55, 0, 255, 164, 55, 0, 255, 164, 55, 0, 255, 164, 55, 0, 255, 165, 55, 0, 255, 165, 55, 0, 255, 165, 55, 0, 255, 166, 55, 0, 255, 166, 55, 0, 255, 166, 55, 0, 255, 167, 55, 0, 255, 167, 55, 0, 255, 167, 55, 0, 255, 168, 55, 0, 255, 168, 56, 0, 255, 168, 56, 0, 255, 169, 56, 0, 255, 169, 57, 0, 255, 169, 57, 0, 255, 170, 58, 0, 255, 170, 58, 0, 255, 170, 59, 0, 255, 170, 59, 0, 255, 171, 60, 0, 255, 171, 60, 0, 255, 171, 61, 0, 255, 172, 61, 0, 255, 172, 62, 0, 255, 172, 62, 0, 255, 172, 62, 0, 255, 173, 63, 0, 255, 173, 63, 0, 255, 173, 64, 0, 255, 173, 64, 0, 255, 174, 65, 0, 255, 174, 65, 0, 255, 174, 65, 0, 255, 175, 66, 0, 255, 175, 66, 0, 255, 175, 67, 0, 255, 175, 67, 0, 255, 176, 68, 0, 255, 176, 68, 0, 255, 176, 68, 0, 255, 176, 69, 0, 255, 176, 69, 0, 255, 177, 69, 0, 255, 177, 70, 0, 255, 177, 70, 0, 255, 177, 70, 0, 255, 177, 71, 0, 255, 178, 71, 0, 255, 178, 71, 0, 255, 178, 71, 0, 255, 178, 72, 0, 255, 178, 72, 0, 255, 178, 72, 0, 255, 178, 72, 0, 255, 178, 72, 0, 255, 178, 72, 0, 255, 178, 72, 0, 255, 178, 72, 0, 255, 178, 72, 0, 255, 178, 72, 0, 255, 178, 72, 0, 255, 178, 72, 0, 255, 178, 72, 0, 255, 178, 72, 0, 255, 178, 72, 0, 255, 178, 71, 0, 255, 178, 71, 0, 255, 178, 71, 0, 255, 177, 71, 0, 255, 177, 70, 0, 255, 177, 70, 0, 255, 177, 70, 0, 255, 177, 69, 0, 255, 176, 69, 0, 255, 176, 69, 0, 255, 176, 68, 0, 255, 176, 68, 0, 255, 176, 68, 0, 255, 175, 67, 0, 255, 175, 67, 0, 255, 175, 66, 0, 255, 175, 66, 0, 255, 174, 65, 0, 255, 174, 65, 0, 255, 174, 65, 0, 255, 173, 64, 0, 255, 173, 64, 0, 255, 173, 63, 0, 255, 173, 63, 0, 255, 172, 62, 0, 255, 172, 62, 0, 255, 171, 62, 1, 222, 131, 94, 87, 255, 131, 95, 88, 229, 176, 135, 93, 254, 177, 136, 95, 255, 177, 136, 95, 255, 177, 136, 95, 255, 177, 136, 95, 255, 177, 136, 95, 255, 177, 136, 95, 255, 177, 136, 95, 255, 177, 136, 95, 255, 177, 136, 95, 255, 177, 136, 95, 255, 177, 136, 95, 255, 177, 136, 95, 255, 177, 136, 95, 255, 177, 136, 95, 255, 177, 136, 95, 255, 177, 136, 95, 255, 177, 136, 95, 255, 177, 136, 95, 255, 177, 136, 95, 255, 177, 136, 95, 255, 177, 136, 95, 255, 155, 115, 90, 197, 131, 95, 88, 255, 131, 95, 88, 255, 131, 95, 88, 255, 131, 95, 88, 255, 131, 95, 88, 255, 131, 95, 88, 255, 131, 95, 88, 255, 131, 95, 88, 255, 131, 95, 88, 255, 186, 139, 109, 196, 243, 186, 132, 241, 243, 187, 133, 255, 243, 187, 133, 255, 238, 187, 132, 220, 215, 186, 132, 255, 215, 186, 132, 255, 215, 186, 132, 255, 215, 186, 132, 255, 215, 186, 132, 255, 215, 186, 132, 255, 215, 186, 132, 255, 215, 186, 132, 255, 215, 186, 132, 255, 215, 186, 132, 255, 215, 186, 132, 255, 215, 186, 132, 255, 215, 186, 132, 255, 215, 186, 132, 255, 215, 186, 132, 255, 215, 186, 132, 255, 215, 186, 132, 255, 215, 186, 132, 255, 215, 186, 132, 255, 215, 186, 132, 255, 215, 186, 132, 255, 215, 186, 132, 255, 215, 186, 132, 254, 216, 184, 136, 32, 0, 0, 0, 0, 0, 0, 0, 0, 0, 0, 0, 0, 0, 0, 0, 0, 0, 0, 0, 0, 0, 0, 0, 0, 0, 0, 0, 0, 0, 0, 0, 0, 0, 0, 0, 0, 0, 0, 0, 0, 0, 0, 0, 0, 0, 0, 0, 0, 0, 0, 0, 0, 102, 21, 0, 133, 102, 22, 0, 255, 102, 22, 0, 255, 124, 34, 0, 192, 157, 55, 0, 255, 158, 55, 0, 255, 158, 55, 0, 255, 159, 55, 0, 255, 159, 55, 0, 255, 159, 55, 0, 255, 160, 55, 0, 255, 160, 55, 0, 255, 160, 55, 0, 255, 161, 55, 0, 255, 161, 55, 0, 255, 161, 55, 0, 255, 162, 55, 0, 255, 162, 55, 0, 255, 162, 55, 0, 255, 163, 55, 0, 255, 163, 55, 0, 255, 163, 55, 0, 255, 164, 55, 0, 255, 164, 55, 0, 255, 164, 55, 0, 255, 165, 55, 0, 255, 165, 55, 0, 255, 166, 55, 0, 255, 166, 55, 0, 255, 166, 55, 0, 255, 167, 55, 0, 255, 167, 55, 0, 255, 167, 55, 0, 255, 168, 55, 0, 255, 168, 55, 0, 255, 168, 56, 0, 255, 169, 56, 0, 255, 169, 57, 0, 255, 169, 57, 0, 255, 169, 58, 0, 255, 170, 58, 0, 255, 170, 58, 0, 255, 170, 59, 0, 255, 171, 59, 0, 255, 171, 60, 0, 255, 171, 60, 0, 255, 171, 61, 0, 255, 172, 61, 0, 255, 172, 62, 0, 255, 172, 62, 0, 255, 172, 62, 0, 255, 173, 63, 0, 255, 173, 63, 0, 255, 173, 64, 0, 255, 173, 64, 0, 255, 174, 65, 0, 255, 174, 65, 0, 255, 174, 65, 0, 255, 175, 66, 0, 255, 175, 66, 0, 255, 175, 67, 0, 255, 175, 67, 0, 255, 175, 67, 0, 255, 176, 68, 0, 255, 176, 68, 0, 255, 176, 69, 0, 255, 176, 69, 0, 255, 177, 69, 0, 255, 177, 69, 0, 255, 177, 70, 0, 255, 177, 70, 0, 255, 177, 70, 0, 255, 177, 71, 0, 255, 178, 71, 0, 255, 178, 71, 0, 255, 178, 71, 0, 255, 178, 71, 0, 255, 178, 71, 0, 255, 178, 72, 0, 255, 178, 72, 0, 255, 178, 72, 0, 255, 178, 72, 0, 255, 178, 72, 0, 255, 178, 72, 0, 255, 178, 72, 0, 255, 178, 71, 0, 255, 178, 71, 0, 255, 178, 71, 0, 255, 178, 71, 0, 255, 178, 71, 0, 255, 177, 71, 0, 255, 177, 70, 0, 255, 177, 70, 0, 255, 177, 70, 0, 255, 177, 70, 0, 255, 177, 69, 0, 255, 176, 69, 0, 255, 176, 69, 0, 255, 176, 68, 0, 255, 176, 68, 0, 255, 176, 68, 0, 255, 175, 67, 0, 255, 175, 67, 0, 255, 175, 66, 0, 255, 175, 66, 0, 255, 174, 66, 0, 255, 174, 65, 0, 255, 174, 65, 0, 255, 174, 64, 0, 255, 173, 64, 0, 255, 173, 64, 0, 255, 173, 63, 0, 255, 173, 63, 0, 255, 172, 62, 0, 255, 172, 62, 0, 255, 172, 61, 0, 255, 143, 84, 61, 209, 131, 95, 88, 255, 161, 121, 92, 205, 177, 136, 95, 255, 177, 136, 95, 255, 177, 136, 95, 255, 177, 136, 95, 255, 177, 136, 95, 255, 177, 136, 95, 255, 177, 136, 95, 255, 177, 136, 95, 255, 177, 136, 95, 255, 177, 136, 95, 255, 177, 136, 95, 255, 177, 136, 95, 255, 177, 136, 95, 255, 177, 136, 95, 255, 177, 136, 95, 255, 177, 136, 95, 255, 177, 136, 95, 255, 177, 136, 95, 255, 177, 136, 95, 255, 177, 136, 95, 255, 177, 136, 95, 255, 177, 136, 95, 255, 159, 119, 91, 201, 131, 93, 87, 237, 131, 95, 88, 255, 131, 95, 88, 255, 131, 95, 88, 255, 131, 95, 88, 255, 131, 95, 88, 255, 131, 95, 88, 255, 131, 95, 88, 255, 131, 95, 88, 255, 145, 106, 93, 230, 232, 178, 128, 205, 243, 187, 133, 255, 220, 185, 131, 196, 215, 186, 132, 255, 215, 186, 132, 255, 215, 186, 132, 255, 215, 186, 132, 255, 215, 186, 132, 255, 215, 186, 132, 255, 215, 186, 132, 255, 215, 186, 132, 255, 215, 186, 132, 255, 215, 186, 132, 255, 215, 186, 132, 255, 215, 186, 132, 255, 215, 186, 132, 255, 215, 186, 132, 255, 215, 186, 132, 255, 215, 186, 132, 255, 215, 186, 132, 255, 215, 186, 132, 255, 215, 186, 132, 255, 215, 186, 132, 255, 215, 186, 132, 255, 215, 186, 132, 255, 215, 186, 132, 184, 0, 0, 0, 0, 0, 0, 0, 0, 0, 0, 0, 0, 0, 0, 0, 0, 0, 0, 0, 0, 0, 0, 0, 0, 0, 0, 0, 0, 0, 0, 0, 0, 0, 0, 0, 0, 0, 0, 0, 0, 0, 0, 0, 0, 0, 0, 0, 0, 0, 0, 0, 1, 102, 20, 0, 148, 102, 22, 0, 255, 102, 22, 0, 255, 105, 23, 0, 209, 155, 53, 0, 253, 157, 55, 0, 255, 158, 55, 0, 255, 158, 55, 0, 255, 158, 55, 0, 255, 159, 55, 0, 255, 159, 55, 0, 255, 159, 55, 0, 255, 160, 55, 0, 255, 160, 55, 0, 255, 161, 55, 0, 255, 161, 55, 0, 255, 161, 55, 0, 255, 162, 55, 0, 255, 162, 55, 0, 255, 162, 55, 0, 255, 163, 55, 0, 255, 163, 55, 0, 255, 163, 55, 0, 255, 164, 55, 0, 255, 164, 55, 0, 255, 164, 55, 0, 255, 165, 55, 0, 255, 165, 55, 0, 255, 165, 55, 0, 255, 166, 55, 0, 255, 166, 55, 0, 255, 166, 55, 0, 255, 167, 55, 0, 255, 167, 55, 0, 255, 167, 55, 0, 255, 168, 55, 0, 255, 168, 55, 0, 255, 168, 56, 0, 255, 169, 56, 0, 255, 169, 57, 0, 255, 169, 57, 0, 255, 169, 58, 0, 255, 170, 58, 0, 255, 170, 59, 0, 255, 170, 59, 0, 255, 171, 59, 0, 255, 171, 60, 0, 255, 171, 60, 0, 255, 171, 61, 0, 255, 172, 61, 0, 255, 172, 62, 0, 255, 172, 62, 0, 255, 173, 63, 0, 255, 173, 63, 0, 255, 173, 63, 0, 255, 173, 64, 0, 255, 174, 64, 0, 255, 174, 65, 0, 235, 174, 65, 0, 255, 174, 65, 0, 255, 174, 66, 0, 255, 175, 66, 0, 255, 175, 67, 0, 255, 175, 67, 0, 255, 175, 67, 0, 255, 176, 68, 0, 255, 176, 68, 0, 255, 176, 68, 0, 255, 176, 69, 0, 255, 176, 69, 0, 255, 177, 69, 0, 255, 177, 69, 0, 255, 177, 70, 0, 255, 177, 70, 0, 255, 177, 70, 0, 255, 177, 70, 0, 255, 177, 71, 0, 255, 177, 71, 0, 255, 178, 71, 0, 255, 178, 71, 0, 255, 178, 71, 0, 255, 178, 71, 0, 255, 178, 71, 0, 255, 178, 71, 0, 255, 178, 71, 0, 255, 178, 71, 0, 255, 178, 71, 0, 255, 178, 71, 0, 255, 177, 71, 0, 255, 177, 71, 0, 255, 177, 70, 0, 255, 177, 70, 0, 255, 177, 70, 0, 255, 177, 70, 0, 255, 177, 69, 0, 255, 177, 69, 0, 255, 176, 69, 0, 255, 176, 69, 0, 255, 176, 68, 0, 255, 176, 68, 0, 255, 176, 68, 0, 255, 175, 67, 0, 255, 175, 67, 0, 255, 175, 66, 0, 255, 175, 66, 0, 255, 174, 66, 0, 255, 174, 65, 0, 255, 174, 65, 0, 255, 174, 65, 0, 255, 173, 64, 0, 255, 173, 64, 0, 255, 173, 63, 0, 255, 173, 63, 0, 255, 172, 62, 0, 255, 172, 62, 0, 255, 172, 62, 0, 255, 172, 61, 0, 255, 164, 66, 15, 195, 131, 95, 88, 255, 135, 99, 87, 204, 177, 136, 95, 255, 177, 136, 95, 255, 177, 136, 95, 255, 177, 136, 95, 255, 177, 136, 95, 255, 177, 136, 95, 255, 177, 136, 95, 255, 177, 136, 95, 255, 177, 136, 95, 255, 177, 136, 95, 255, 177, 136, 95, 255, 177, 136, 95, 255, 177, 136, 95, 255, 177, 136, 95, 255, 177, 136, 95, 255, 177, 136, 95, 255, 177, 136, 95, 255, 177, 136, 95, 255, 177, 136, 95, 255, 177, 136, 95, 255, 177, 136, 95, 255, 177, 136, 95, 255, 177, 136, 95, 255, 172, 130, 92, 234, 135, 97, 87, 204, 131, 95, 88, 255, 131, 95, 88, 255, 131, 95, 88, 255, 131, 95, 88, 255, 131, 95, 88, 255, 131, 95, 88, 255, 131, 95, 88, 255, 131, 95, 88, 255, 131, 95, 88, 255, 212, 165, 120, 187, 215, 186, 132, 250, 215, 186, 132, 255, 215, 186, 132, 255, 215, 186, 132, 255, 215, 186, 132, 255, 215, 186, 132, 255, 215, 186, 132, 255, 215, 186, 132, 255, 215, 186, 132, 255, 215, 186, 132, 255, 215, 186, 132, 255, 215, 186, 132, 255, 215, 186, 132, 255, 215, 186, 132, 255, 215, 186, 132, 255, 215, 186, 132, 255, 215, 186, 132, 255, 215, 186, 132, 255, 215, 186, 132, 255, 215, 186, 132, 255, 215, 186, 132, 255, 215, 186, 132, 255, 215, 186, 132, 255, 216, 185, 131, 84, 0, 0, 0, 0, 0, 0, 0, 0, 0, 0, 0, 0, 0, 0, 0, 0, 0, 0, 0, 0, 0, 0, 0, 0, 0, 0, 0, 0, 0, 0, 0, 0, 0, 0, 0, 0, 0, 0, 0, 0, 0, 0, 0, 0, 0, 0, 0, 1, 101, 20, 0, 159, 102, 22, 0, 255, 102, 22, 0, 255, 102, 21, 0, 245, 147, 49, 0, 224, 157, 55, 0, 255, 157, 55, 0, 255, 158, 55, 0, 255, 158, 55, 0, 255, 158, 55, 0, 255, 159, 55, 0, 255, 159, 55, 0, 255, 159, 55, 0, 255, 160, 55, 0, 255, 160, 55, 0, 255, 160, 55, 0, 255, 161, 55, 0, 255, 161, 55, 0, 255, 161, 55, 0, 255, 162, 55, 0, 255, 162, 55, 0, 255, 162, 55, 0, 255, 163, 55, 0, 255, 163, 55, 0, 255, 163, 55, 0, 255, 164, 55, 0, 255, 164, 55, 0, 255, 164, 55, 0, 255, 165, 55, 0, 255, 165, 55, 0, 255, 165, 55, 0, 255, 166, 55, 0, 255, 166, 55, 0, 255, 166, 55, 0, 255, 167, 55, 0, 255, 167, 55, 0, 255, 168, 55, 0, 255, 168, 55, 0, 255, 168, 56, 0, 255, 168, 56, 0, 255, 169, 56, 0, 255, 169, 57, 0, 255, 169, 57, 0, 255, 170, 58, 0, 255, 170, 58, 0, 255, 170, 59, 0, 255, 170, 59, 0, 255, 171, 60, 0, 255, 171, 60, 0, 255, 171, 60, 0, 255, 171, 61, 0, 255, 172, 61, 0, 255, 172, 62, 0, 255, 172, 62, 0, 255, 173, 63, 0, 255, 173, 63, 0, 255, 173, 63, 0, 255, 171, 64, 1, 224, 173, 63, 0, 242, 174, 65, 0, 255, 174, 65, 0, 255, 174, 65, 0, 255, 174, 66, 0, 255, 175, 66, 0, 255, 175, 66, 0, 255, 175, 67, 0, 255, 175, 67, 0, 255, 176, 68, 0, 255, 176, 68, 0, 255, 176, 68, 0, 255, 176, 68, 0, 255, 176, 69, 0, 255, 176, 69, 0, 255, 177, 69, 0, 255, 177, 69, 0, 255, 177, 70, 0, 255, 177, 70, 0, 255, 177, 70, 0, 255, 177, 70, 0, 255, 177, 70, 0, 255, 177, 70, 0, 255, 177, 70, 0, 255, 177, 70, 0, 255, 177, 70, 0, 255, 177, 70, 0, 255, 177, 70, 0, 255, 177, 70, 0, 255, 177, 70, 0, 255, 177, 70, 0, 255, 177, 70, 0, 255, 177, 70, 0, 255, 177, 70, 0, 255, 177, 70, 0, 255, 177, 69, 0, 255, 177, 69, 0, 255, 176, 69, 0, 255, 176, 69, 0, 255, 176, 68, 0, 255, 176, 68, 0, 255, 176, 68, 0, 255, 176, 68, 0, 255, 175, 67, 0, 255, 175, 67, 0, 255, 175, 66, 0, 255, 175, 66, 0, 255, 174, 66, 0, 255, 174, 65, 0, 255, 174, 65, 0, 255, 174, 65, 0, 255, 174, 64, 0, 255, 173, 64, 0, 255, 173, 63, 0, 255, 173, 63, 0, 255, 173, 63, 0, 255, 172, 62, 0, 255, 172, 62, 0, 255, 172, 61, 0, 255, 171, 61, 0, 255, 171, 59, 0, 245, 133, 92, 81, 241, 131, 95, 88, 255, 164, 124, 91, 212, 177, 136, 95, 255, 177, 136, 95, 255, 177, 136, 95, 255, 177, 136, 95, 255, 177, 136, 95, 255, 177, 136, 95, 255, 177, 136, 95, 255, 177, 136, 95, 255, 177, 136, 95, 255, 177, 136, 95, 255, 177, 136, 95, 255, 177, 136, 95, 255, 177, 136, 95, 255, 177, 136, 95, 255, 177, 136, 95, 255, 177, 136, 95, 255, 177, 136, 95, 255, 177, 136, 95, 255, 177, 136, 95, 255, 177, 136, 95, 255, 177, 136, 95, 255, 177, 136, 95, 255, 177, 136, 95, 255, 176, 135, 95, 255, 151, 111, 90, 193, 131, 94, 87, 248, 131, 95, 88, 255, 131, 95, 88, 255, 131, 95, 88, 255, 131, 95, 88, 255, 131, 95, 88, 255, 131, 95, 88, 255, 132, 94, 87, 254, 213, 179, 129, 188, 215, 186, 132, 255, 215, 186, 132, 255, 215, 186, 132, 255, 215, 186, 132, 255, 215, 186, 132, 255, 215, 186, 132, 255, 215, 186, 132, 255, 215, 186, 132, 255, 215, 186, 132, 255, 215, 186, 132, 255, 215, 186, 132, 255, 215, 186, 132, 255, 215, 186, 132, 255, 215, 186, 132, 255, 215, 186, 132, 255, 215, 186, 132, 255, 215, 186, 132, 255, 215, 186, 132, 255, 215, 186, 132, 255, 215, 186, 132, 255, 215, 186, 132, 255, 215, 186, 132, 255, 215, 185, 132, 230, 213, 213, 128, 6, 0, 0, 0, 0, 0, 0, 0, 0, 0, 0, 0, 0, 0, 0, 0, 0, 0, 0, 0, 0, 0, 0, 0, 0, 0, 0, 0, 0, 0, 0, 0, 0, 0, 0, 0, 0, 0, 0, 0, 0, 0, 0, 0, 0, 101, 22, 0, 151, 102, 22, 0, 255, 102, 22, 0, 255, 102, 22, 0, 255, 125, 36, 0, 192, 156, 55, 0, 255, 157, 55, 0, 255, 157, 55, 0, 255, 157, 55, 0, 255, 158, 55, 0, 255, 158, 55, 0, 255, 158, 55, 0, 255, 159, 55, 0, 255, 159, 55, 0, 255, 159, 55, 0, 255, 160, 55, 0, 255, 160, 55, 0, 255, 161, 55, 0, 255, 161, 55, 0, 255, 161, 55, 0, 255, 162, 55, 0, 255, 162, 55, 0, 255, 162, 55, 0, 255, 163, 55, 0, 255, 163, 55, 0, 255, 163, 55, 0, 255, 164, 55, 0, 255, 164, 55, 0, 255, 164, 55, 0, 255, 165, 55, 0, 255, 165, 55, 0, 255, 165, 55, 0, 255, 166, 55, 0, 255, 166, 55, 0, 255, 166, 55, 0, 255, 167, 55, 0, 255, 167, 55, 0, 255, 167, 55, 0, 255, 168, 55, 0, 255, 168, 55, 0, 255, 168, 56, 0, 255, 169, 56, 0, 255, 169, 57, 0, 255, 169, 57, 0, 255, 169, 57, 0, 255, 170, 58, 0, 255, 170, 58, 0, 255, 170, 59, 0, 255, 170, 59, 0, 255, 171, 60, 0, 255, 171, 60, 0, 255, 171, 60, 0, 255, 171, 61, 0, 255, 172, 61, 0, 255, 172, 62, 0, 255, 172, 62, 0, 255, 173, 63, 0, 255, 173, 63, 0, 255, 163, 65, 7, 200, 173, 64, 0, 255, 173, 64, 0, 255, 174, 65, 0, 255, 174, 65, 0, 255, 174, 65, 0, 255, 174, 66, 0, 255, 175, 66, 0, 255, 175, 66, 0, 255, 175, 67, 0, 255, 175, 67, 0, 255, 175, 67, 0, 255, 176, 68, 0, 255, 176, 68, 0, 255, 176, 68, 0, 255, 176, 68, 0, 255, 176, 69, 0, 255, 176, 69, 0, 255, 176, 69, 0, 255, 177, 69, 0, 255, 177, 69, 0, 255, 177, 70, 0, 255, 177, 70, 0, 255, 177, 70, 0, 255, 177, 70, 0, 255, 177, 70, 0, 255, 177, 70, 0, 255, 177, 70, 0, 255, 177, 70, 0, 255, 177, 70, 0, 255, 177, 70, 0, 255, 177, 70, 0, 255, 177, 70, 0, 255, 177, 69, 0, 255, 177, 69, 0, 255, 177, 69, 0, 255, 176, 69, 0, 255, 176, 69, 0, 255, 176, 69, 0, 255, 176, 68, 0, 255, 176, 68, 0, 255, 176, 68, 0, 255, 175, 67, 0, 255, 175, 67, 0, 255, 175, 67, 0, 255, 175, 66, 0, 255, 175, 66, 0, 255, 174, 66, 0, 255, 174, 65, 0, 255, 174, 65, 0, 255, 174, 65, 0, 255, 174, 64, 0, 255, 173, 64, 0, 255, 173, 64, 0, 255, 173, 63, 0, 255, 173, 63, 0, 255, 172, 62, 0, 255, 172, 62, 0, 255, 172, 62, 0, 255, 172, 61, 0, 255, 171, 61, 0, 255, 171, 60, 0, 255, 153, 75, 39, 194, 131, 95, 88, 255, 135, 99, 87, 204, 177, 136, 95, 255, 177, 136, 95, 255, 177, 136, 95, 255, 177, 136, 95, 255, 177, 136, 95, 255, 177, 136, 95, 255, 177, 136, 95, 255, 177, 136, 95, 255, 177, 136, 95, 255, 177, 136, 95, 255, 177, 136, 95, 255, 177, 136, 95, 255, 177, 136, 95, 255, 177, 136, 95, 255, 177, 136, 95, 255, 177, 136, 95, 255, 177, 136, 95, 255, 177, 136, 95, 255, 177, 136, 95, 255, 177, 136, 95, 255, 177, 136, 95, 255, 177, 136, 95, 255, 177, 136, 95, 255, 177, 136, 95, 255, 177, 136, 95, 255, 199, 161, 114, 176, 142, 104, 91, 235, 131, 95, 88, 255, 131, 95, 88, 255, 131, 95, 88, 255, 131, 95, 88, 255, 131, 95, 88, 255, 172, 132, 103, 197, 215, 186, 131, 247, 215, 186, 132, 255, 215, 186, 132, 255, 215, 186, 132, 255, 215, 186, 132, 255, 215, 186, 132, 255, 215, 186, 132, 255, 215, 186, 132, 255, 215, 186, 132, 255, 215, 186, 132, 255, 215, 186, 132, 255, 215, 186, 132, 255, 215, 186, 132, 255, 215, 186, 132, 255, 215, 186, 132, 255, 215, 186, 132, 255, 215, 186, 132, 255, 215, 186, 132, 255, 215, 186, 132, 255, 215, 186, 132, 255, 215, 186, 132, 255, 215, 186, 132, 255, 215, 186, 132, 255, 214, 185, 132, 124, 0, 0, 0, 0, 0, 0, 0, 0, 0, 0, 0, 0, 0, 0, 0, 0, 0, 0, 0, 0, 0, 0, 0, 0, 0, 0, 0, 0, 0, 0, 0, 0, 0, 0, 0, 0, 0, 0, 0, 0, 0, 0, 0, 0, 101, 21, 0, 141, 102, 22, 0, 255, 102, 22, 0, 255, 102, 22, 0, 255, 105, 23, 0, 208, 155, 54, 0, 255, 156, 55, 0, 255, 157, 55, 0, 255, 157, 55, 0, 255, 157, 55, 0, 255, 158, 55, 0, 255, 158, 55, 0, 255, 158, 55, 0, 255, 159, 55, 0, 255, 159, 55, 0, 255, 159, 55, 0, 255, 160, 55, 0, 255, 160, 55, 0, 255, 160, 55, 0, 255, 161, 55, 0, 255, 161, 55, 0, 255, 161, 55, 0, 255, 162, 55, 0, 255, 162, 55, 0, 255, 162, 55, 0, 255, 163, 55, 0, 255, 163, 55, 0, 255, 163, 55, 0, 255, 164, 55, 0, 255, 164, 55, 0, 255, 164, 55, 0, 255, 165, 55, 0, 255, 165, 55, 0, 255, 165, 55, 0, 255, 166, 55, 0, 255, 166, 55, 0, 255, 166, 55, 0, 255, 167, 55, 0, 255, 167, 55, 0, 255, 167, 55, 0, 255, 168, 55, 0, 255, 168, 55, 0, 255, 168, 56, 0, 255, 169, 56, 0, 255, 169, 57, 0, 255, 169, 57, 0, 255, 169, 58, 0, 255, 170, 58, 0, 255, 170, 58, 0, 255, 170, 59, 0, 255, 170, 59, 0, 255, 171, 60, 0, 255, 171, 60, 0, 255, 171, 60, 0, 255, 172, 61, 0, 255, 172, 61, 0, 255, 172, 62, 0, 255, 172, 62, 0, 255, 172, 62, 0, 237, 162, 66, 10, 197, 173, 63, 0, 255, 173, 64, 0, 255, 173, 64, 0, 255, 174, 64, 0, 255, 174, 65, 0, 255, 174, 65, 0, 255, 174, 65, 0, 255, 174, 66, 0, 255, 175, 66, 0, 255, 175, 66, 0, 255, 175, 67, 0, 255, 175, 67, 0, 255, 175, 67, 0, 255, 176, 68, 0, 255, 176, 68, 0, 255, 176, 68, 0, 255, 176, 68, 0, 255, 176, 68, 0, 255, 176, 69, 0, 255, 176, 69, 0, 255, 176, 69, 0, 255, 176, 69, 0, 255, 177, 69, 0, 255, 177, 69, 0, 255, 177, 69, 0, 255, 177, 69, 0, 255, 177, 69, 0, 255, 177, 69, 0, 255, 177, 69, 0, 255, 177, 69, 0, 255, 177, 69, 0, 255, 176, 69, 0, 255, 176, 69, 0, 255, 176, 69, 0, 255, 176, 69, 0, 255, 176, 68, 0, 255, 176, 68, 0, 255, 176, 68, 0, 255, 176, 68, 0, 255, 176, 68, 0, 255, 175, 67, 0, 255, 175, 67, 0, 255, 175, 67, 0, 255, 175, 66, 0, 255, 175, 66, 0, 255, 174, 66, 0, 255, 174, 65, 0, 255, 174, 65, 0, 255, 174, 65, 0, 255, 174, 64, 0, 255, 173, 64, 0, 255, 173, 64, 0, 255, 173, 63, 0, 255, 173, 63, 0, 255, 172, 62, 0, 255, 172, 62, 0, 255, 172, 62, 0, 255, 172, 61, 0, 255, 171, 61, 0, 255, 171, 60, 0, 255, 171, 60, 0, 255, 169, 61, 3, 213, 131, 95, 88, 255, 131, 95, 88, 255, 163, 123, 92, 211, 177, 136, 95, 255, 177, 136, 95, 255, 177, 136, 95, 255, 177, 136, 95, 255, 177, 136, 95, 255, 177, 136, 95, 255, 177, 136, 95, 255, 177, 136, 95, 255, 177, 136, 95, 255, 177, 136, 95, 255, 177, 136, 95, 255, 177, 136, 95, 255, 177, 136, 95, 255, 177, 136, 95, 255, 177, 136, 95, 255, 177, 136, 95, 255, 177, 136, 95, 255, 177, 136, 95, 255, 177, 136, 95, 255, 177, 136, 95, 255, 177, 136, 95, 255, 177, 136, 95, 255, 177, 136, 95, 255, 188, 149, 104, 211, 231, 186, 133, 198, 241, 184, 131, 227, 150, 110, 95, 223, 131, 95, 88, 255, 131, 95, 88, 255, 131, 95, 88, 255, 131, 95, 88, 255, 213, 177, 127, 187, 215, 186, 132, 255, 215, 186, 132, 255, 215, 186, 132, 255, 215, 186, 132, 255, 215, 186, 132, 255, 215, 186, 132, 255, 215, 186, 132, 255, 215, 186, 132, 255, 215, 186, 132, 255, 215, 186, 132, 255, 215, 186, 132, 255, 215, 186, 132, 255, 215, 186, 132, 255, 215, 186, 132, 255, 215, 186, 132, 255, 215, 186, 132, 255, 215, 186, 132, 255, 215, 186, 132, 255, 215, 186, 132, 255, 215, 186, 132, 255, 215, 186, 132, 255, 215, 186, 132, 255, 214, 186, 131, 249, 221, 186, 128, 22, 0, 0, 0, 0, 0, 0, 0, 0, 0, 0, 0, 0, 0, 0, 0, 0, 0, 0, 0, 0, 0, 0, 0, 0, 0, 0, 0, 0, 0, 0, 0, 0, 0, 0, 0, 0, 0, 0, 0, 0, 102, 21, 0, 130, 102, 22, 0, 255, 102, 22, 0, 255, 102, 22, 0, 255, 102, 22, 0, 255, 131, 40, 0, 198, 156, 55, 0, 255, 156, 55, 0, 255, 156, 55, 0, 255, 157, 55, 0, 255, 157, 55, 0, 255, 157, 55, 0, 255, 158, 55, 0, 255, 158, 55, 0, 255, 158, 55, 0, 255, 159, 55, 0, 255, 159, 55, 0, 255, 159, 55, 0, 255, 160, 55, 0, 255, 160, 55, 0, 255, 160, 55, 0, 255, 161, 55, 0, 255, 161, 55, 0, 255, 162, 55, 0, 255, 162, 55, 0, 255, 162, 55, 0, 255, 162, 55, 0, 255, 163, 55, 0, 255, 163, 55, 0, 255, 163, 55, 0, 255, 164, 55, 0, 255, 164, 55, 0, 255, 164, 55, 0, 255, 165, 55, 0, 255, 165, 55, 0, 255, 166, 55, 0, 255, 166, 55, 0, 255, 166, 55, 0, 255, 166, 55, 0, 255, 167, 55, 0, 255, 167, 55, 0, 255, 167, 55, 0, 255, 168, 55, 0, 255, 168, 55, 0, 255, 168, 56, 0, 255, 169, 56, 0, 255, 169, 57, 0, 255, 169, 57, 0, 255, 169, 58, 0, 255, 170, 58, 0, 255, 170, 58, 0, 255, 170, 59, 0, 255, 170, 59, 0, 255, 171, 60, 0, 255, 171, 60, 0, 255, 171, 60, 0, 255, 171, 61, 0, 255, 172, 61, 0, 255, 172, 62, 0, 255, 150, 68, 20, 192, 171, 61, 0, 237, 173, 63, 0, 255, 173, 63, 0, 255, 173, 64, 0, 255, 173, 64, 0, 255, 174, 64, 0, 255, 174, 65, 0, 255, 174, 65, 0, 255, 174, 65, 0, 255, 174, 66, 0, 255, 175, 66, 0, 255, 175, 66, 0, 255, 175, 66, 0, 255, 175, 67, 0, 255, 175, 67, 0, 255, 175, 67, 0, 255, 176, 68, 0, 255, 176, 68, 0, 255, 176, 68, 0, 255, 176, 68, 0, 255, 176, 68, 0, 255, 176, 68, 0, 255, 176, 68, 0, 255, 176, 69, 0, 255, 176, 69, 0, 255, 176, 69, 0, 255, 176, 69, 0, 255, 176, 69, 0, 255, 176, 69, 0, 255, 176, 69, 0, 255, 176, 69, 0, 255, 176, 69, 0, 255, 176, 68, 0, 255, 176, 68, 0, 255, 176, 68, 0, 255, 176, 68, 0, 255, 176, 68, 0, 255, 176, 68, 0, 255, 176, 68, 0, 255, 175, 67, 0, 255, 175, 67, 0, 255, 175, 67, 0, 255, 175, 66, 0, 255, 175, 66, 0, 255, 175, 66, 0, 255, 174, 66, 0, 255, 174, 65, 0, 255, 174, 65, 0, 255, 174, 65, 0, 255, 174, 64, 0, 255, 173, 64, 0, 255, 173, 64, 0, 255, 173, 63, 0, 255, 173, 63, 0, 255, 172, 63, 0, 255, 172, 62, 0, 255, 172, 62, 0, 255, 172, 61, 0, 255, 172, 61, 0, 255, 171, 61, 0, 255, 171, 60, 0, 255, 171, 60, 0, 255, 171, 59, 0, 255, 139, 86, 67, 216, 131, 95, 88, 255, 134, 97, 87, 208, 177, 135, 94, 255, 177, 136, 95, 255, 177, 136, 95, 255, 177, 136, 95, 255, 177, 136, 95, 255, 177, 136, 95, 255, 177, 136, 95, 255, 177, 136, 95, 255, 177, 136, 95, 255, 177, 136, 95, 255, 177, 136, 95, 255, 177, 136, 95, 255, 177, 136, 95, 255, 177, 136, 95, 255, 177, 136, 95, 255, 177, 136, 95, 255, 177, 136, 95, 255, 177, 136, 95, 255, 177, 136, 95, 255, 177, 136, 95, 255, 177, 136, 95, 255, 177, 136, 95, 255, 177, 136, 95, 255, 213, 181, 128, 195, 243, 187, 131, 253, 243, 187, 133, 255, 242, 186, 132, 239, 163, 121, 101, 210, 131, 95, 88, 255, 131, 95, 88, 255, 169, 128, 102, 199, 215, 186, 131, 247, 215, 186, 132, 255, 215, 186, 132, 255, 215, 186, 132, 255, 215, 186, 132, 255, 215, 186, 132, 255, 215, 186, 132, 255, 215, 186, 132, 255, 215, 186, 132, 255, 215, 186, 132, 255, 215, 186, 132, 255, 215, 186, 132, 255, 215, 186, 132, 255, 215, 186, 132, 255, 215, 186, 132, 255, 215, 186, 132, 255, 215, 186, 132, 255, 215, 186, 132, 255, 215, 186, 132, 255, 215, 186, 132, 255, 215, 186, 132, 255, 215, 186, 132, 255, 215, 186, 132, 255, 216, 185, 132, 160, 0, 0, 0, 0, 0, 0, 0, 0, 0, 0, 0, 0, 0, 0, 0, 0, 0, 0, 0, 0, 0, 0, 0, 0, 0, 0, 0, 0, 0, 0, 0, 0, 0, 0, 0, 0, 0, 0, 0, 0, 0, 0, 0, 0, 102, 21, 0, 213, 102, 22, 0, 255, 102, 22, 0, 255, 102, 22, 0, 255, 102, 22, 0, 255, 117, 30, 0, 191, 155, 55, 0, 255, 156, 55, 0, 255, 156, 55, 0, 255, 157, 55, 0, 255, 157, 55, 0, 255, 157, 55, 0, 255, 158, 55, 0, 255, 158, 55, 0, 255, 158, 55, 0, 255, 159, 55, 0, 255, 159, 55, 0, 255, 159, 55, 0, 255, 160, 55, 0, 255, 160, 55, 0, 255, 160, 55, 0, 255, 161, 55, 0, 255, 161, 55, 0, 255, 161, 55, 0, 255, 162, 55, 0, 255, 162, 55, 0, 255, 162, 55, 0, 255, 163, 55, 0, 255, 163, 55, 0, 255, 163, 55, 0, 255, 164, 55, 0, 255, 164, 55, 0, 255, 164, 55, 0, 255, 165, 55, 0, 255, 165, 55, 0, 255, 165, 55, 0, 255, 166, 55, 0, 255, 166, 55, 0, 255, 166, 55, 0, 255, 167, 55, 0, 255, 167, 55, 0, 255, 167, 55, 0, 255, 168, 55, 0, 255, 168, 55, 0, 255, 168, 56, 0, 255, 168, 56, 0, 255, 169, 56, 0, 255, 169, 57, 0, 255, 169, 57, 0, 255, 169, 58, 0, 255, 170, 58, 0, 255, 170, 58, 0, 255, 170, 59, 0, 255, 170, 59, 0, 255, 171, 60, 0, 255, 171, 60, 0, 255, 171, 60, 0, 255, 171, 61, 0, 255, 172, 61, 0, 251, 135, 72, 35, 195, 172, 62, 0, 255, 172, 62, 0, 255, 173, 63, 0, 255, 173, 63, 0, 255, 173, 64, 0, 255, 173, 64, 0, 255, 173, 64, 0, 255, 174, 64, 0, 255, 174, 65, 0, 255, 174, 65, 0, 255, 174, 65, 0, 255, 174, 66, 0, 255, 175, 66, 0, 255, 175, 66, 0, 255, 175, 66, 0, 255, 175, 67, 0, 255, 175, 67, 0, 255, 175, 67, 0, 255, 175, 67, 0, 255, 175, 67, 0, 255, 176, 68, 0, 255, 176, 68, 0, 255, 176, 68, 0, 255, 176, 68, 0, 255, 176, 68, 0, 255, 176, 68, 0, 255, 176, 68, 0, 255, 176, 68, 0, 255, 176, 68, 0, 255, 176, 68, 0, 255, 176, 68, 0, 255, 176, 68, 0, 255, 176, 68, 0, 255, 176, 68, 0, 255, 176, 68, 0, 255, 176, 68, 0, 255, 175, 67, 0, 255, 175, 67, 0, 255, 175, 67, 0, 255, 175, 67, 0, 255, 175, 67, 0, 255, 175, 66, 0, 255, 175, 66, 0, 255, 174, 66, 0, 255, 174, 65, 0, 255, 174, 65, 0, 255, 174, 65, 0, 255, 174, 65, 0, 255, 174, 64, 0, 255, 173, 64, 0, 255, 173, 64, 0, 255, 173, 63, 0, 255, 173, 63, 0, 255, 173, 63, 0, 255, 172, 62, 0, 255, 172, 62, 0, 255, 172, 61, 0, 255, 172, 61, 0, 255, 171, 61, 0, 255, 171, 60, 0, 255, 171, 60, 0, 255, 171, 59, 0, 255, 170, 59, 0, 255, 162, 65, 17, 194, 131, 95, 88, 255, 131, 95, 88, 255, 156, 117, 90, 198, 177, 136, 95, 255, 177, 136, 95, 255, 177, 136, 95, 255, 177, 136, 95, 255, 177, 136, 95, 255, 177, 136, 95, 255, 177, 136, 95, 255, 177, 136, 95, 255, 177, 136, 95, 255, 177, 136, 95, 255, 177, 136, 95, 255, 177, 136, 95, 255, 177, 136, 95, 255, 177, 136, 95, 255, 177, 136, 95, 255, 177, 136, 95, 255, 177, 136, 95, 255, 177, 136, 95, 255, 177, 136, 95, 255, 177, 136, 95, 255, 177, 136, 95, 255, 194, 159, 111, 197, 228, 187, 132, 193, 243, 187, 133, 255, 243, 187, 133, 255, 243, 187, 133, 255, 243, 187, 132, 249, 180, 133, 108, 199, 131, 95, 88, 255, 212, 176, 127, 187, 215, 186, 132, 255, 215, 186, 132, 255, 215, 186, 132, 255, 215, 186, 132, 255, 215, 186, 132, 255, 215, 186, 132, 255, 215, 186, 132, 255, 215, 186, 132, 255, 215, 186, 132, 255, 215, 186, 132, 255, 215, 186, 132, 255, 215, 186, 132, 255, 215, 186, 132, 255, 215, 186, 132, 255, 215, 186, 132, 255, 215, 186, 132, 255, 215, 186, 132, 255, 215, 186, 132, 255, 215, 186, 132, 255, 215, 186, 132, 255, 215, 186, 132, 255, 215, 186, 132, 255, 215, 186, 132, 255, 215, 185, 130, 51, 0, 0, 0, 0, 0, 0, 0, 0, 0, 0, 0, 0, 0, 0, 0, 0, 0, 0, 0, 0, 0, 0, 0, 0, 0, 0, 0, 0, 0, 0, 0, 0, 0, 0, 0, 0, 0, 0, 0, 0, 0, 0, 0, 0, 101, 20, 0, 124, 102, 22, 0, 255, 102, 22, 0, 255, 102, 22, 0, 255, 102, 22, 0, 255, 105, 23, 0, 208, 155, 55, 0, 255, 156, 55, 0, 255, 156, 55, 0, 255, 156, 55, 0, 255, 157, 55, 0, 255, 157, 55, 0, 255, 157, 55, 0, 255, 158, 55, 0, 255, 158, 55, 0, 255, 158, 55, 0, 255, 159, 55, 0, 255, 159, 55, 0, 255, 159, 55, 0, 255, 160, 55, 0, 255, 160, 55, 0, 255, 160, 55, 0, 255, 161, 55, 0, 255, 161, 55, 0, 255, 161, 55, 0, 255, 162, 55, 0, 255, 162, 55, 0, 255, 162, 55, 0, 255, 163, 55, 0, 255, 163, 55, 0, 255, 163, 55, 0, 255, 164, 55, 0, 255, 164, 55, 0, 255, 164, 55, 0, 255, 165, 55, 0, 255, 165, 55, 0, 255, 165, 55, 0, 255, 166, 55, 0, 255, 166, 55, 0, 255, 166, 55, 0, 255, 167, 55, 0, 255, 167, 55, 0, 255, 167, 55, 0, 255, 168, 55, 0, 255, 168, 55, 0, 255, 168, 56, 0, 255, 168, 56, 0, 255, 169, 56, 0, 255, 169, 57, 0, 255, 169, 57, 0, 255, 169, 58, 0, 255, 170, 58, 0, 255, 170, 58, 0, 255, 170, 59, 0, 255, 170, 59, 0, 255, 171, 60, 0, 255, 171, 60, 0, 255, 171, 60, 0, 255, 159, 64, 10, 197, 155, 64, 14, 193, 172, 62, 0, 255, 172, 62, 0, 255, 172, 62, 0, 255, 173, 63, 0, 255, 173, 63, 0, 255, 173, 63, 0, 255, 173, 64, 0, 255, 173, 64, 0, 255, 174, 64, 0, 255, 174, 65, 0, 255, 174, 65, 0, 255, 174, 65, 0, 255, 174, 65, 0, 255, 174, 66, 0, 255, 175, 66, 0, 255, 175, 66, 0, 255, 175, 66, 0, 255, 175, 66, 0, 255, 175, 67, 0, 255, 175, 67, 0, 255, 175, 67, 0, 255, 175, 67, 0, 255, 175, 67, 0, 255, 175, 67, 0, 255, 175, 67, 0, 255, 176, 68, 0, 255, 176, 68, 0, 255, 176, 68, 0, 255, 176, 68, 0, 255, 176, 68, 0, 255, 176, 68, 0, 255, 175, 67, 0, 255, 175, 67, 0, 255, 175, 67, 0, 255, 175, 67, 0, 255, 175, 67, 0, 255, 175, 67, 0, 255, 175, 67, 0, 255, 175, 66, 0, 255, 175, 66, 0, 255, 175, 66, 0, 255, 174, 66, 0, 255, 174, 66, 0, 255, 174, 65, 0, 255, 174, 65, 0, 255, 174, 65, 0, 255, 174, 65, 0, 255, 173, 64, 0, 255, 173, 64, 0, 255, 173, 64, 0, 255, 173, 63, 0, 255, 173, 63, 0, 255, 173, 63, 0, 255, 172, 62, 0, 255, 172, 62, 0, 255, 172, 62, 0, 255, 172, 61, 0, 255, 171, 61, 0, 255, 171, 60, 0, 255, 171, 60, 0, 255, 171, 60, 0, 255, 170, 59, 0, 255, 170, 59, 0, 255, 170, 58, 0, 246, 133, 91, 79, 238, 131, 95, 88, 255, 131, 94, 88, 232, 173, 132, 94, 243, 177, 136, 95, 255, 177, 136, 95, 255, 177, 136, 95, 255, 177, 136, 95, 255, 177, 136, 95, 255, 177, 136, 95, 255, 177, 136, 95, 255, 177, 136, 95, 255, 177, 136, 95, 255, 177, 136, 95, 255, 177, 136, 95, 255, 177, 136, 95, 255, 177, 136, 95, 255, 177, 136, 95, 255, 177, 136, 95, 255, 177, 136, 95, 255, 177, 136, 95, 255, 177, 136, 95, 255, 177, 136, 95, 255, 178, 138, 96, 248, 215, 185, 131, 213, 242, 186, 132, 247, 243, 187, 133, 255, 243, 187, 133, 255, 243, 187, 133, 255, 243, 187, 133, 255, 243, 187, 133, 255, 217, 168, 121, 188, 215, 186, 132, 246, 215, 186, 132, 255, 215, 186, 132, 255, 215, 186, 132, 255, 215, 186, 132, 255, 215, 186, 132, 255, 215, 186, 132, 255, 215, 186, 132, 255, 215, 186, 132, 255, 215, 186, 132, 255, 215, 186, 132, 255, 215, 186, 132, 255, 215, 186, 132, 255, 215, 186, 132, 255, 215, 186, 132, 255, 215, 186, 132, 255, 215, 186, 132, 255, 215, 186, 132, 255, 215, 186, 132, 255, 215, 186, 132, 255, 215, 186, 132, 255, 215, 186, 132, 255, 215, 186, 132, 255, 215, 186, 131, 196, 0, 0, 0, 0, 0, 0, 0, 0, 0, 0, 0, 0, 0, 0, 0, 0, 0, 0, 0, 0, 0, 0, 0, 0, 0, 0, 0, 0, 0, 0, 0, 0, 0, 0, 0, 0, 0, 0, 0, 0, 0, 0, 0, 0, 0, 0, 0, 0, 102, 21, 0, 35, 102, 22, 0, 255, 102, 22, 0, 255, 102, 22, 0, 255, 102, 22, 0, 255, 101, 21, 0, 247, 153, 53, 0, 249, 155, 55, 0, 255, 156, 55, 0, 255, 156, 55, 0, 255, 157, 55, 0, 255, 157, 55, 0, 255, 157, 55, 0, 255, 157, 55, 0, 255, 158, 55, 0, 255, 158, 55, 0, 255, 159, 55, 0, 255, 159, 55, 0, 255, 159, 55, 0, 255, 160, 55, 0, 255, 160, 55, 0, 255, 160, 55, 0, 255, 161, 55, 0, 255, 161, 55, 0, 255, 161, 55, 0, 255, 162, 55, 0, 255, 162, 55, 0, 255, 162, 55, 0, 255, 162, 55, 0, 255, 163, 55, 0, 255, 163, 55, 0, 255, 163, 55, 0, 255, 164, 55, 0, 255, 164, 55, 0, 255, 164, 55, 0, 255, 165, 55, 0, 255, 165, 55, 0, 255, 165, 55, 0, 255, 166, 55, 0, 255, 166, 55, 0, 255, 166, 55, 0, 255, 167, 55, 0, 255, 167, 55, 0, 255, 167, 55, 0, 255, 168, 55, 0, 255, 168, 55, 0, 255, 168, 56, 0, 255, 168, 56, 0, 255, 169, 56, 0, 255, 169, 57, 0, 255, 169, 57, 0, 255, 169, 58, 0, 255, 170, 58, 0, 255, 170, 58, 0, 255, 170, 59, 0, 255, 170, 59, 0, 255, 171, 60, 0, 255, 171, 60, 0, 255, 118, 76, 49, 210, 170, 61, 0, 233, 172, 61, 0, 255, 172, 61, 0, 255, 172, 62, 0, 255, 172, 62, 0, 255, 172, 62, 0, 255, 173, 63, 0, 255, 173, 63, 0, 255, 173, 63, 0, 255, 173, 64, 0, 255, 173, 64, 0, 255, 174, 64, 0, 255, 174, 65, 0, 255, 174, 65, 0, 255, 174, 65, 0, 255, 174, 65, 0, 255, 174, 66, 0, 255, 174, 66, 0, 255, 175, 66, 0, 255, 175, 66, 0, 255, 175, 66, 0, 255, 175, 66, 0, 255, 175, 66, 0, 255, 175, 67, 0, 255, 175, 67, 0, 255, 175, 67, 0, 255, 175, 67, 0, 255, 175, 67, 0, 255, 175, 67, 0, 255, 175, 67, 0, 255, 175, 67, 0, 255, 175, 67, 0, 255, 175, 67, 0, 255, 175, 67, 0, 255, 175, 67, 0, 255, 175, 67, 0, 255, 175, 66, 0, 255, 175, 66, 0, 255, 175, 66, 0, 255, 175, 66, 0, 255, 174, 66, 0, 255, 174, 66, 0, 255, 174, 65, 0, 255, 174, 65, 0, 255, 174, 65, 0, 255, 174, 65, 0, 255, 174, 64, 0, 255, 173, 64, 0, 255, 173, 64, 0, 255, 173, 63, 0, 255, 173, 63, 0, 255, 173, 63, 0, 255, 172, 63, 0, 255, 172, 62, 0, 255, 172, 62, 0, 255, 172, 62, 0, 255, 172, 61, 0, 255, 171, 61, 0, 255, 171, 60, 0, 255, 171, 60, 0, 255, 171, 60, 0, 255, 170, 59, 0, 255, 170, 59, 0, 255, 170, 58, 0, 255, 170, 58, 0, 255, 154, 70, 32, 192, 131, 95, 88, 255, 131, 95, 88, 255, 144, 106, 89, 192, 177, 136, 95, 255, 177, 136, 95, 255, 177, 136, 95, 255, 177, 136, 95, 255, 177, 136, 95, 255, 177, 136, 95, 255, 177, 136, 95, 255, 177, 136, 95, 255, 177, 136, 95, 255, 177, 136, 95, 255, 177, 136, 95, 255, 177, 136, 95, 255, 177, 136, 95, 255, 177, 136, 95, 255, 177, 136, 95, 255, 177, 136, 95, 255, 177, 136, 95, 255, 177, 136, 95, 255, 177, 136, 95, 255, 201, 166, 117, 192, 224, 186, 130, 192, 243, 187, 133, 255, 243, 187, 133, 255, 243, 187, 133, 255, 243, 187, 133, 255, 243, 187, 133, 255, 243, 187, 133, 255, 221, 186, 131, 194, 215, 186, 132, 255, 215, 186, 132, 255, 215, 186, 132, 255, 215, 186, 132, 255, 215, 186, 132, 255, 215, 186, 132, 255, 215, 186, 132, 255, 215, 186, 132, 255, 215, 186, 132, 255, 215, 186, 132, 255, 215, 186, 132, 255, 215, 186, 132, 255, 215, 186, 132, 255, 215, 186, 132, 255, 215, 186, 132, 255, 215, 186, 132, 255, 215, 186, 132, 255, 215, 186, 132, 255, 215, 186, 132, 255, 215, 186, 132, 255, 215, 186, 132, 255, 215, 186, 132, 255, 215, 186, 132, 255, 217, 187, 130, 86, 0, 0, 0, 0, 0, 0, 0, 0, 0, 0, 0, 0, 0, 0, 0, 0, 0, 0, 0, 0, 0, 0, 0, 0, 0, 0, 0, 0, 0, 0, 0, 0, 0, 0, 0, 0, 0, 0, 0, 0, 0, 0, 0, 0, 0, 0, 0, 0, 0, 0, 0, 0, 101, 21, 0, 201, 102, 22, 0, 255, 102, 22, 0, 255, 102, 22, 0, 255, 102, 22, 0, 255, 140, 44, 0, 211, 155, 55, 0, 255, 156, 55, 0, 255, 156, 55, 0, 255, 156, 55, 0, 255, 157, 55, 0, 255, 157, 55, 0, 255, 157, 55, 0, 255, 158, 55, 0, 255, 158, 55, 0, 255, 158, 55, 0, 255, 159, 55, 0, 255, 159, 55, 0, 255, 159, 55, 0, 255, 160, 55, 0, 255, 160, 55, 0, 255, 160, 55, 0, 255, 161, 55, 0, 255, 161, 55, 0, 255, 161, 55, 0, 255, 162, 55, 0, 255, 162, 55, 0, 255, 162, 55, 0, 255, 163, 55, 0, 255, 163, 55, 0, 255, 163, 55, 0, 255, 164, 55, 0, 255, 164, 55, 0, 255, 164, 55, 0, 255, 164, 55, 0, 255, 165, 55, 0, 255, 165, 55, 0, 255, 165, 55, 0, 255, 166, 55, 0, 255, 166, 55, 0, 255, 166, 55, 0, 255, 167, 55, 0, 255, 167, 55, 0, 255, 167, 55, 0, 255, 168, 55, 0, 255, 168, 55, 0, 255, 168, 56, 0, 255, 168, 56, 0, 255, 169, 56, 0, 255, 169, 57, 0, 255, 169, 57, 0, 255, 169, 58, 0, 255, 170, 58, 0, 255, 170, 58, 0, 255, 170, 59, 0, 255, 170, 59, 0, 255, 168, 59, 1, 220, 118, 76, 49, 210, 171, 60, 0, 255, 171, 61, 0, 255, 172, 61, 0, 255, 172, 61, 0, 255, 172, 62, 0, 255, 172, 62, 0, 255, 172, 62, 0, 255, 173, 63, 0, 255, 173, 63, 0, 255, 173, 63, 0, 255, 173, 64, 0, 255, 173, 64, 0, 255, 173, 64, 0, 255, 174, 64, 0, 255, 174, 65, 0, 255, 174, 65, 0, 255, 174, 65, 0, 255, 174, 65, 0, 255, 174, 65, 0, 255, 174, 65, 0, 255, 174, 66, 0, 255, 174, 66, 0, 255, 175, 66, 0, 255, 175, 66, 0, 255, 175, 66, 0, 255, 175, 66, 0, 255, 175, 66, 0, 255, 175, 66, 0, 255, 175, 66, 0, 255, 175, 66, 0, 255, 175, 66, 0, 255, 175, 66, 0, 255, 175, 66, 0, 255, 175, 66, 0, 255, 175, 66, 0, 255, 175, 66, 0, 255, 175, 66, 0, 255, 174, 66, 0, 255, 174, 66, 0, 255, 174, 65, 0, 255, 174, 65, 0, 255, 174, 65, 0, 255, 174, 65, 0, 255, 174, 65, 0, 255, 174, 64, 0, 255, 173, 64, 0, 255, 173, 64, 0, 255, 173, 64, 0, 255, 173, 63, 0, 255, 173, 63, 0, 255, 173, 63, 0, 255, 172, 62, 0, 255, 172, 62, 0, 255, 172, 62, 0, 255, 172, 61, 0, 255, 172, 61, 0, 255, 171, 61, 0, 255, 171, 60, 0, 255, 171, 60, 0, 255, 171, 60, 0, 255, 170, 59, 0, 255, 170, 59, 0, 255, 170, 59, 0, 255, 170, 58, 0, 255, 170, 58, 0, 255, 168, 57, 0, 231, 131, 93, 85, 252, 131, 95, 88, 255, 131, 94, 87, 252, 168, 128, 93, 219, 177, 136, 95, 255, 177, 136, 95, 255, 177, 136, 95, 255, 177, 136, 95, 255, 177, 136, 95, 255, 177, 136, 95, 255, 177, 136, 95, 255, 177, 136, 95, 255, 177, 136, 95, 255, 177, 136, 95, 255, 177, 136, 95, 255, 177, 136, 95, 255, 177, 136, 95, 255, 177, 136, 95, 255, 177, 136, 95, 255, 177, 136, 95, 255, 177, 136, 95, 255, 181, 140, 99, 235, 214, 186, 130, 235, 241, 187, 132, 239, 243, 187, 133, 255, 243, 187, 133, 255, 243, 187, 133, 255, 243, 187, 133, 255, 243, 187, 133, 255, 238, 187, 132, 219, 215, 186, 131, 253, 215, 186, 132, 255, 215, 186, 132, 255, 215, 186, 132, 255, 215, 186, 132, 255, 215, 186, 132, 255, 215, 186, 132, 255, 215, 186, 132, 255, 215, 186, 132, 255, 215, 186, 132, 255, 215, 186, 132, 255, 215, 186, 132, 255, 215, 186, 132, 255, 215, 186, 132, 255, 215, 186, 132, 255, 215, 186, 132, 255, 215, 186, 132, 255, 215, 186, 132, 255, 215, 186, 132, 255, 215, 186, 132, 255, 215, 186, 132, 255, 215, 186, 132, 255, 215, 186, 132, 255, 215, 186, 132, 228, 255, 204, 153, 5, 0, 0, 0, 0, 0, 0, 0, 0, 0, 0, 0, 0, 0, 0, 0, 0, 0, 0, 0, 0, 0, 0, 0, 0, 0, 0, 0, 0, 0, 0, 0, 0, 0, 0, 0, 0, 0, 0, 0, 0, 0, 0, 0, 0, 0, 0, 0, 0, 0, 0, 0, 0, 102, 20, 0, 112, 102, 22, 0, 255, 102, 22, 0, 255, 102, 22, 0, 255, 102, 22, 0, 255, 122, 34, 0, 192, 155, 55, 0, 255, 155, 55, 0, 255, 156, 55, 0, 255, 156, 55, 0, 255, 156, 55, 0, 255, 157, 55, 0, 255, 157, 55, 0, 255, 157, 55, 0, 255, 158, 55, 0, 255, 158, 55, 0, 255, 158, 55, 0, 255, 159, 55, 0, 255, 159, 55, 0, 255, 159, 55, 0, 255, 160, 55, 0, 255, 160, 55, 0, 255, 160, 55, 0, 255, 161, 55, 0, 255, 161, 55, 0, 255, 161, 55, 0, 255, 162, 55, 0, 255, 162, 55, 0, 255, 162, 55, 0, 255, 163, 55, 0, 255, 163, 55, 0, 255, 163, 55, 0, 255, 164, 55, 0, 255, 164, 55, 0, 255, 164, 55, 0, 255, 165, 55, 0, 255, 165, 55, 0, 255, 165, 55, 0, 255, 166, 55, 0, 255, 166, 55, 0, 255, 166, 55, 0, 255, 166, 55, 0, 255, 167, 55, 0, 255, 167, 55, 0, 255, 167, 55, 0, 255, 168, 55, 0, 255, 168, 55, 0, 255, 168, 56, 0, 255, 168, 56, 0, 255, 169, 56, 0, 255, 169, 57, 0, 255, 169, 57, 0, 255, 169, 58, 0, 255, 170, 58, 0, 255, 170, 58, 0, 255, 170, 59, 0, 255, 140, 68, 29, 192, 152, 65, 18, 192, 171, 60, 0, 255, 171, 60, 0, 255, 171, 60, 0, 255, 171, 61, 0, 255, 172, 61, 0, 255, 172, 61, 0, 255, 172, 62, 0, 255, 172, 62, 0, 255, 172, 62, 0, 255, 173, 63, 0, 255, 173, 63, 0, 255, 173, 63, 0, 255, 173, 63, 0, 255, 173, 64, 0, 255, 173, 64, 0, 255, 173, 64, 0, 255, 174, 64, 0, 255, 174, 65, 0, 255, 174, 65, 0, 255, 174, 65, 0, 255, 174, 65, 0, 255, 174, 65, 0, 255, 174, 65, 0, 255, 174, 65, 0, 255, 174, 66, 0, 255, 174, 66, 0, 255, 174, 66, 0, 255, 174, 66, 0, 255, 174, 66, 0, 255, 174, 66, 0, 255, 174, 66, 0, 255, 174, 66, 0, 255, 174, 66, 0, 255, 174, 66, 0, 255, 174, 65, 0, 255, 174, 65, 0, 255, 174, 65, 0, 255, 174, 65, 0, 255, 174, 65, 0, 255, 174, 65, 0, 255, 174, 65, 0, 255, 174, 65, 0, 255, 174, 64, 0, 255, 173, 64, 0, 255, 173, 64, 0, 255, 173, 64, 0, 255, 173, 63, 0, 255, 173, 63, 0, 255, 173, 63, 0, 255, 173, 63, 0, 255, 172, 62, 0, 255, 172, 62, 0, 255, 172, 62, 0, 255, 172, 61, 0, 255, 172, 61, 0, 255, 171, 61, 0, 255, 171, 60, 0, 255, 171, 60, 0, 255, 171, 60, 0, 255, 171, 59, 0, 255, 170, 59, 0, 255, 170, 59, 0, 255, 170, 58, 0, 255, 170, 58, 0, 255, 169, 57, 0, 255, 169, 57, 0, 255, 148, 76, 46, 197, 131, 95, 88, 255, 131, 95, 88, 255, 132, 95, 87, 217, 176, 134, 94, 250, 177, 136, 95, 255, 177, 136, 95, 255, 177, 136, 95, 255, 177, 136, 95, 255, 177, 136, 95, 255, 177, 136, 95, 255, 177, 136, 95, 255, 177, 136, 95, 255, 177, 136, 95, 255, 177, 136, 95, 255, 177, 136, 95, 255, 177, 136, 95, 255, 177, 136, 95, 255, 177, 136, 95, 255, 177, 136, 95, 255, 177, 136, 95, 255, 207, 175, 124, 194, 220, 187, 131, 197, 243, 187, 133, 255, 243, 187, 133, 255, 243, 187, 133, 255, 243, 187, 133, 255, 243, 187, 133, 255, 243, 187, 133, 255, 217, 186, 131, 206, 215, 186, 132, 255, 215, 186, 132, 255, 215, 186, 132, 255, 215, 186, 132, 255, 215, 186, 132, 255, 215, 186, 132, 255, 215, 186, 132, 255, 215, 186, 132, 255, 215, 186, 132, 255, 215, 186, 132, 255, 215, 186, 132, 255, 215, 186, 132, 255, 215, 186, 132, 255, 215, 186, 132, 255, 215, 186, 132, 255, 215, 186, 132, 255, 215, 186, 132, 255, 215, 186, 132, 255, 215, 186, 132, 255, 215, 186, 132, 255, 215, 186, 132, 255, 215, 186, 132, 255, 215, 186, 132, 255, 215, 186, 131, 121, 0, 0, 0, 0, 0, 0, 0, 0, 0, 0, 0, 0, 0, 0, 0, 0, 0, 0, 0, 0, 0, 0, 0, 0, 0, 0, 0, 0, 0, 0, 0, 0, 0, 0, 0, 0, 0, 0, 0, 0, 0, 0, 0, 0, 0, 0, 0, 0, 0, 0, 0, 0, 0, 0, 0, 0, 102, 20, 0, 25, 102, 21, 0, 253, 102, 22, 0, 255, 102, 22, 0, 255, 102, 22, 0, 255, 109, 25, 0, 199, 155, 55, 0, 255, 157, 58, 2, 225, 168, 80, 26, 195, 166, 76, 23, 197, 160, 65, 11, 207, 157, 55, 0, 255, 157, 55, 0, 255, 157, 55, 0, 255, 157, 55, 0, 255, 158, 55, 0, 255, 158, 55, 0, 255, 159, 55, 0, 255, 159, 55, 0, 255, 159, 55, 0, 255, 160, 55, 0, 255, 160, 55, 0, 255, 160, 55, 0, 255, 161, 55, 0, 255, 161, 55, 0, 255, 161, 55, 0, 255, 161, 55, 0, 255, 162, 55, 0, 255, 162, 55, 0, 255, 162, 55, 0, 255, 163, 55, 0, 255, 163, 55, 0, 255, 163, 55, 0, 255, 164, 55, 0, 255, 164, 55, 0, 255, 164, 55, 0, 255, 165, 55, 0, 255, 165, 55, 0, 255, 165, 55, 0, 255, 166, 55, 0, 255, 166, 55, 0, 255, 166, 55, 0, 255, 166, 55, 0, 255, 167, 55, 0, 255, 167, 55, 0, 255, 167, 55, 0, 255, 168, 55, 0, 255, 168, 55, 0, 255, 168, 56, 0, 255, 168, 56, 0, 255, 169, 56, 0, 255, 169, 57, 0, 255, 169, 57, 0, 255, 169, 57, 0, 255, 170, 58, 0, 255, 170, 57, 0, 249, 104, 81, 65, 236, 169, 59, 1, 227, 170, 59, 0, 255, 171, 60, 0, 255, 171, 60, 0, 255, 171, 60, 0, 255, 171, 61, 0, 255, 171, 61, 0, 255, 172, 61, 0, 255, 172, 62, 0, 255, 172, 62, 0, 255, 172, 62, 0, 255, 172, 62, 0, 255, 173, 63, 0, 255, 173, 63, 0, 255, 173, 63, 0, 255, 173, 63, 0, 255, 173, 64, 0, 255, 173, 64, 0, 255, 173, 64, 0, 255, 173, 64, 0, 255, 174, 64, 0, 255, 174, 64, 0, 255, 174, 65, 0, 255, 174, 65, 0, 255, 174, 65, 0, 255, 174, 65, 0, 255, 174, 65, 0, 255, 174, 65, 0, 255, 174, 65, 0, 255, 174, 65, 0, 255, 174, 65, 0, 255, 174, 65, 0, 255, 174, 65, 0, 255, 174, 65, 0, 255, 174, 65, 0, 255, 174, 65, 0, 255, 174, 65, 0, 255, 174, 65, 0, 255, 174, 65, 0, 255, 174, 64, 0, 255, 174, 64, 0, 255, 173, 64, 0, 255, 173, 64, 0, 255, 173, 64, 0, 255, 173, 64, 0, 255, 173, 63, 0, 255, 173, 63, 0, 255, 173, 63, 0, 255, 173, 63, 0, 255, 172, 62, 0, 255, 172, 62, 0, 255, 172, 62, 0, 255, 172, 62, 0, 255, 172, 61, 0, 255, 172, 61, 0, 255, 171, 61, 0, 255, 171, 60, 0, 255, 171, 60, 0, 255, 171, 60, 0, 255, 171, 59, 0, 255, 170, 59, 0, 255, 170, 59, 0, 255, 170, 58, 0, 255, 170, 58, 0, 255, 169, 58, 0, 255, 169, 57, 0, 255, 169, 57, 0, 255, 167, 56, 2, 221, 131, 93, 85, 254, 131, 95, 88, 255, 131, 95, 88, 255, 145, 106, 90, 192, 177, 136, 95, 255, 177, 136, 95, 255, 177, 136, 95, 255, 177, 136, 95, 255, 177, 136, 95, 255, 177, 136, 95, 255, 177, 136, 95, 255, 177, 136, 95, 255, 177, 136, 95, 255, 177, 136, 95, 255, 177, 136, 95, 255, 177, 136, 95, 255, 177, 136, 95, 255, 177, 136, 95, 255, 177, 136, 95, 255, 183, 145, 102, 220, 215, 186, 131, 253, 233, 187, 133, 202, 243, 187, 133, 255, 243, 187, 133, 255, 243, 187, 133, 255, 243, 187, 133, 255, 243, 187, 133, 255, 231, 186, 131, 202, 215, 186, 132, 255, 215, 186, 132, 255, 215, 186, 132, 255, 215, 186, 132, 255, 215, 186, 132, 255, 215, 186, 132, 255, 215, 186, 132, 255, 215, 186, 132, 255, 215, 186, 132, 255, 215, 186, 132, 255, 215, 186, 132, 255, 215, 186, 132, 255, 215, 186, 132, 255, 215, 186, 132, 255, 215, 186, 132, 255, 215, 186, 132, 255, 215, 186, 132, 255, 215, 186, 132, 255, 215, 186, 132, 255, 215, 186, 132, 255, 215, 186, 132, 255, 215, 186, 132, 255, 215, 186, 132, 255, 215, 185, 132, 248, 217, 192, 128, 20, 0, 0, 0, 0, 0, 0, 0, 0, 0, 0, 0, 0, 0, 0, 0, 0, 0, 0, 0, 0, 0, 0, 0, 0, 0, 0, 0, 0, 0, 0, 0, 0, 0, 0, 0, 0, 0, 0, 0, 0, 0, 0, 0, 0, 0, 0, 0, 0, 0, 0, 0, 0, 0, 0, 0, 0, 0, 0, 0, 0, 102, 21, 0, 190, 102, 22, 0, 255, 102, 22, 0, 255, 102, 22, 0, 255, 108, 30, 7, 201, 196, 150, 103, 203, 214, 190, 147, 255, 215, 192, 149, 255, 215, 192, 149, 255, 215, 192, 149, 255, 203, 166, 121, 220, 166, 76, 22, 197, 157, 55, 0, 255, 157, 55, 0, 255, 158, 55, 0, 255, 158, 55, 0, 255, 158, 55, 0, 255, 159, 55, 0, 255, 159, 55, 0, 255, 159, 55, 0, 255, 160, 55, 0, 255, 160, 55, 0, 255, 160, 55, 0, 255, 161, 55, 0, 255, 161, 55, 0, 255, 161, 55, 0, 255, 162, 55, 0, 255, 162, 55, 0, 255, 162, 55, 0, 255, 162, 55, 0, 255, 163, 55, 0, 255, 163, 55, 0, 255, 163, 55, 0, 255, 164, 55, 0, 255, 164, 55, 0, 255, 164, 55, 0, 255, 165, 55, 0, 255, 165, 55, 0, 255, 165, 55, 0, 255, 166, 55, 0, 255, 166, 55, 0, 255, 166, 55, 0, 255, 166, 55, 0, 255, 167, 55, 0, 255, 167, 55, 0, 255, 167, 55, 0, 255, 168, 55, 0, 255, 168, 55, 0, 255, 168, 56, 0, 255, 168, 56, 0, 255, 169, 56, 0, 255, 169, 57, 0, 255, 169, 57, 0, 255, 169, 57, 0, 255, 160, 62, 9, 198, 116, 77, 53, 214, 170, 58, 0, 255, 170, 59, 0, 255, 170, 59, 0, 255, 171, 59, 0, 255, 171, 60, 0, 255, 171, 60, 0, 255, 171, 60, 0, 255, 171, 61, 0, 255, 172, 61, 0, 255, 172, 61, 0, 255, 172, 62, 0, 255, 172, 62, 0, 255, 172, 62, 0, 255, 172, 62, 0, 255, 173, 63, 0, 255, 173, 63, 0, 255, 173, 63, 0, 255, 173, 63, 0, 255, 173, 63, 0, 255, 173, 64, 0, 255, 173, 64, 0, 255, 173, 64, 0, 255, 173, 64, 0, 255, 173, 64, 0, 255, 174, 64, 0, 255, 174, 64, 0, 255, 174, 64, 0, 255, 174, 64, 0, 255, 174, 64, 0, 255, 174, 65, 0, 255, 174, 65, 0, 255, 174, 65, 0, 255, 174, 65, 0, 255, 174, 64, 0, 255, 174, 64, 0, 255, 174, 64, 0, 255, 174, 64, 0, 255, 173, 64, 0, 255, 173, 64, 0, 255, 173, 64, 0, 255, 173, 64, 0, 255, 173, 64, 0, 255, 173, 63, 0, 255, 173, 63, 0, 255, 173, 63, 0, 255, 173, 63, 0, 255, 173, 63, 0, 255, 172, 62, 0, 255, 172, 62, 0, 255, 172, 62, 0, 255, 172, 62, 0, 255, 172, 61, 0, 255, 172, 61, 0, 255, 171, 61, 0, 255, 171, 60, 0, 255, 171, 60, 0, 255, 171, 60, 0, 255, 171, 60, 0, 255, 170, 59, 0, 255, 170, 59, 0, 255, 170, 59, 0, 255, 170, 58, 0, 255, 170, 58, 0, 255, 169, 58, 0, 255, 169, 57, 0, 255, 169, 57, 0, 255, 169, 56, 0, 255, 169, 56, 0, 255, 146, 76, 48, 197, 131, 95, 88, 255, 131, 95, 88, 255, 131, 94, 87, 254, 163, 124, 92, 210, 177, 136, 95, 255, 177, 136, 95, 255, 177, 136, 95, 255, 177, 136, 95, 255, 177, 136, 95, 255, 177, 136, 95, 255, 177, 136, 95, 255, 177, 136, 95, 255, 177, 136, 95, 255, 177, 136, 95, 255, 177, 136, 95, 255, 177, 136, 95, 255, 177, 136, 95, 255, 177, 136, 95, 255, 211, 181, 126, 202, 215, 186, 131, 247, 242, 186, 133, 248, 243, 187, 133, 255, 243, 187, 133, 255, 243, 187, 133, 255, 243, 187, 133, 255, 242, 187, 131, 249, 216, 185, 130, 225, 215, 186, 132, 255, 215, 186, 132, 255, 215, 186, 132, 255, 215, 186, 132, 255, 215, 186, 132, 255, 215, 186, 132, 255, 215, 186, 132, 255, 215, 186, 132, 255, 215, 186, 132, 255, 215, 186, 132, 255, 215, 186, 132, 255, 215, 186, 132, 255, 215, 186, 132, 255, 215, 186, 132, 255, 215, 186, 132, 255, 215, 186, 132, 255, 215, 186, 132, 255, 215, 186, 132, 255, 215, 186, 132, 255, 215, 186, 132, 255, 215, 186, 132, 255, 215, 186, 132, 255, 215, 186, 132, 255, 213, 184, 130, 151, 0, 0, 0, 0, 0, 0, 0, 0, 0, 0, 0, 0, 0, 0, 0, 0, 0, 0, 0, 0, 0, 0, 0, 0, 0, 0, 0, 0, 0, 0, 0, 0, 0, 0, 0, 0, 0, 0, 0, 0, 0, 0, 0, 0, 0, 0, 0, 0, 0, 0, 0, 0, 0, 0, 0, 0, 0, 0, 0, 0, 0, 0, 0, 0, 101, 20, 0, 101, 102, 22, 0, 255, 102, 22, 0, 255, 112, 39, 18, 196, 164, 122, 103, 249, 201, 175, 139, 193, 215, 192, 149, 255, 215, 192, 149, 255, 215, 192, 149, 255, 215, 192, 149, 255, 215, 192, 149, 255, 214, 191, 148, 255, 177, 102, 50, 192, 157, 55, 0, 255, 157, 55, 0, 255, 158, 55, 0, 255, 158, 55, 0, 255, 158, 55, 0, 255, 159, 55, 0, 255, 159, 55, 0, 255, 159, 55, 0, 255, 160, 55, 0, 255, 160, 55, 0, 255, 160, 55, 0, 255, 161, 55, 0, 255, 161, 55, 0, 255, 161, 55, 0, 255, 162, 55, 0, 255, 162, 55, 0, 255, 162, 55, 0, 255, 162, 55, 0, 255, 163, 55, 0, 255, 163, 55, 0, 255, 163, 55, 0, 255, 164, 55, 0, 255, 164, 55, 0, 255, 164, 55, 0, 255, 165, 55, 0, 255, 165, 55, 0, 255, 165, 55, 0, 255, 166, 55, 0, 255, 166, 55, 0, 255, 166, 55, 0, 255, 166, 55, 0, 255, 167, 55, 0, 255, 167, 55, 0, 255, 167, 55, 0, 255, 168, 55, 0, 255, 168, 55, 0, 255, 168, 55, 0, 255, 168, 56, 0, 255, 169, 56, 0, 255, 169, 57, 0, 255, 169, 57, 0, 255, 122, 74, 46, 204, 148, 65, 20, 192, 170, 58, 0, 255, 170, 58, 0, 255, 170, 59, 0, 255, 170, 59, 0, 255, 170, 59, 0, 255, 171, 60, 0, 255, 171, 60, 0, 255, 171, 60, 0, 255, 171, 60, 0, 255, 171, 61, 0, 255, 172, 61, 0, 255, 172, 61, 0, 255, 172, 62, 0, 255, 172, 62, 0, 255, 172, 62, 0, 255, 172, 62, 0, 255, 172, 62, 0, 255, 173, 63, 0, 255, 173, 63, 0, 255, 173, 63, 0, 255, 173, 63, 0, 255, 173, 63, 0, 255, 173, 63, 0, 255, 173, 64, 0, 255, 173, 64, 0, 255, 173, 64, 0, 255, 173, 64, 0, 255, 173, 64, 0, 255, 173, 64, 0, 255, 173, 64, 0, 255, 173, 64, 0, 255, 173, 64, 0, 255, 173, 64, 0, 255, 173, 64, 0, 255, 173, 64, 0, 255, 173, 64, 0, 255, 173, 64, 0, 255, 173, 64, 0, 255, 173, 64, 0, 255, 173, 63, 0, 255, 173, 63, 0, 255, 173, 63, 0, 255, 173, 63, 0, 255, 173, 63, 0, 255, 173, 63, 0, 255, 172, 62, 0, 255, 172, 62, 0, 255, 172, 62, 0, 255, 172, 62, 0, 255, 172, 61, 0, 255, 172, 61, 0, 255, 172, 61, 0, 255, 171, 61, 0, 255, 171, 60, 0, 255, 171, 60, 0, 255, 171, 60, 0, 255, 171, 59, 0, 255, 170, 59, 0, 255, 170, 59, 0, 255, 170, 59, 0, 255, 170, 58, 0, 255, 170, 58, 0, 255, 169, 58, 0, 255, 169, 57, 0, 255, 169, 57, 0, 255, 169, 56, 0, 255, 169, 56, 0, 255, 168, 56, 0, 255, 167, 55, 2, 221, 131, 93, 85, 254, 131, 95, 88, 255, 131, 95, 88, 255, 131, 95, 87, 228, 173, 132, 94, 243, 177, 136, 95, 255, 177, 136, 95, 255, 177, 136, 95, 255, 177, 136, 95, 255, 177, 136, 95, 255, 177, 136, 95, 255, 177, 136, 95, 255, 177, 136, 95, 255, 177, 136, 95, 255, 177, 136, 95, 255, 177, 136, 95, 255, 177, 135, 94, 255, 178, 141, 107, 184, 215, 186, 132, 255, 220, 185, 132, 197, 243, 187, 133, 255, 243, 187, 133, 255, 243, 187, 133, 255, 243, 187, 133, 255, 243, 187, 133, 255, 222, 187, 131, 193, 215, 186, 132, 255, 215, 186, 132, 255, 215, 186, 132, 255, 215, 186, 132, 255, 215, 186, 132, 255, 215, 186, 132, 255, 215, 186, 132, 255, 215, 186, 132, 255, 215, 186, 132, 255, 215, 186, 132, 255, 215, 186, 132, 255, 215, 186, 132, 255, 215, 186, 132, 255, 215, 186, 132, 255, 215, 186, 132, 255, 215, 186, 132, 255, 215, 186, 132, 255, 215, 186, 132, 255, 215, 186, 132, 255, 215, 186, 132, 255, 215, 186, 132, 255, 215, 186, 132, 255, 215, 186, 132, 255, 207, 176, 128, 196, 175, 131, 102, 35, 0, 0, 0, 0, 0, 0, 0, 0, 0, 0, 0, 0, 0, 0, 0, 0, 0, 0, 0, 0, 0, 0, 0, 0, 0, 0, 0, 0, 0, 0, 0, 0, 0, 0, 0, 0, 0, 0, 0, 0, 0, 0, 0, 0, 0, 0, 0, 0, 0, 0, 0, 0, 0, 0, 0, 0, 0, 0, 0, 0, 0, 0, 0, 0, 105, 15, 0, 17, 102, 21, 0, 248, 125, 60, 38, 191, 165, 125, 107, 255, 166, 126, 108, 255, 172, 132, 112, 235, 215, 192, 149, 245, 215, 192, 149, 255, 215, 192, 149, 255, 215, 192, 149, 255, 215, 192, 149, 255, 215, 192, 149, 255, 215, 192, 149, 255, 181, 114, 63, 193, 157, 55, 0, 255, 157, 55, 0, 255, 158, 55, 0, 255, 158, 55, 0, 255, 158, 55, 0, 255, 159, 55, 0, 255, 159, 55, 0, 255, 159, 55, 0, 255, 160, 55, 0, 255, 160, 55, 0, 255, 160, 55, 0, 255, 161, 55, 0, 255, 161, 55, 0, 255, 161, 55, 0, 255, 162, 55, 0, 255, 162, 55, 0, 255, 162, 55, 0, 255, 163, 55, 0, 255, 163, 55, 0, 255, 163, 55, 0, 255, 163, 55, 0, 255, 164, 55, 0, 255, 164, 55, 0, 255, 164, 55, 0, 255, 165, 55, 0, 255, 165, 55, 0, 255, 165, 55, 0, 255, 166, 55, 0, 255, 166, 55, 0, 255, 166, 55, 0, 255, 166, 55, 0, 255, 167, 55, 0, 255, 167, 55, 0, 255, 167, 55, 0, 255, 168, 55, 0, 255, 168, 55, 0, 255, 168, 55, 0, 255, 168, 56, 0, 255, 169, 56, 0, 255, 168, 56, 1, 228, 97, 82, 70, 254, 168, 57, 1, 222, 169, 57, 0, 255, 170, 58, 0, 255, 170, 58, 0, 255, 170, 58, 0, 255, 170, 59, 0, 255, 170, 59, 0, 255, 171, 59, 0, 255, 171, 60, 0, 255, 171, 60, 0, 255, 171, 60, 0, 255, 171, 60, 0, 255, 171, 61, 0, 255, 172, 61, 0, 255, 172, 61, 0, 255, 172, 61, 0, 255, 172, 62, 0, 255, 172, 62, 0, 255, 172, 62, 0, 255, 172, 62, 0, 255, 172, 62, 0, 255, 172, 63, 0, 255, 173, 63, 0, 255, 173, 63, 0, 255, 173, 63, 0, 255, 173, 63, 0, 255, 173, 63, 0, 255, 173, 63, 0, 255, 173, 63, 0, 255, 173, 63, 0, 255, 173, 63, 0, 255, 173, 63, 0, 255, 173, 63, 0, 255, 173, 63, 0, 255, 173, 63, 0, 255, 173, 63, 0, 255, 173, 63, 0, 255, 173, 63, 0, 255, 173, 63, 0, 255, 173, 63, 0, 255, 173, 63, 0, 255, 173, 63, 0, 255, 172, 63, 0, 255, 172, 62, 0, 255, 172, 62, 0, 255, 172, 62, 0, 255, 172, 62, 0, 255, 172, 62, 0, 255, 172, 61, 0, 255, 172, 61, 0, 255, 172, 61, 0, 255, 171, 61, 0, 255, 171, 60, 0, 255, 171, 60, 0, 255, 171, 60, 0, 255, 171, 60, 0, 255, 171, 59, 0, 255, 170, 59, 0, 255, 170, 59, 0, 255, 170, 58, 0, 255, 170, 58, 0, 255, 170, 58, 0, 255, 169, 58, 0, 255, 169, 57, 0, 255, 169, 57, 0, 255, 169, 56, 0, 255, 169, 56, 0, 255, 168, 56, 0, 255, 168, 55, 0, 255, 168, 55, 0, 255, 146, 76, 48, 197, 131, 95, 88, 255, 131, 95, 88, 255, 131, 95, 88, 255, 136, 99, 88, 200, 177, 135, 94, 255, 177, 136, 95, 255, 177, 136, 95, 255, 177, 136, 95, 255, 177, 136, 95, 255, 177, 136, 95, 255, 177, 136, 95, 255, 177, 136, 95, 255, 177, 136, 95, 255, 177, 136, 95, 255, 176, 135, 95, 255, 148, 107, 91, 190, 212, 183, 129, 225, 215, 186, 132, 255, 236, 186, 132, 207, 243, 187, 133, 255, 243, 187, 133, 255, 243, 187, 133, 255, 243, 187, 133, 255, 234, 187, 132, 205, 215, 186, 132, 255, 215, 186, 132, 255, 215, 186, 132, 255, 215, 186, 132, 255, 215, 186, 132, 255, 215, 186, 132, 255, 215, 186, 132, 255, 215, 186, 132, 255, 215, 186, 132, 255, 215, 186, 132, 255, 215, 186, 132, 255, 215, 186, 132, 255, 215, 186, 132, 255, 215, 186, 132, 255, 215, 186, 132, 255, 215, 186, 132, 255, 215, 186, 132, 255, 215, 186, 132, 255, 215, 186, 132, 255, 215, 186, 132, 255, 215, 186, 132, 255, 215, 186, 132, 255, 215, 186, 132, 255, 206, 174, 127, 195, 166, 126, 108, 158, 0, 0, 0, 0, 0, 0, 0, 0, 0, 0, 0, 0, 0, 0, 0, 0, 0, 0, 0, 0, 0, 0, 0, 0, 0, 0, 0, 0, 0, 0, 0, 0, 0, 0, 0, 0, 0, 0, 0, 0, 0, 0, 0, 0, 0, 0, 0, 0, 0, 0, 0, 0, 0, 0, 0, 0, 0, 0, 0, 0, 0, 0, 0, 0, 0, 0, 0, 0, 0, 0, 0, 0, 146, 94, 74, 152, 166, 126, 108, 255, 166, 126, 108, 255, 166, 126, 108, 255, 166, 126, 108, 255, 201, 173, 136, 192, 215, 192, 149, 255, 215, 192, 149, 255, 215, 192, 149, 255, 215, 192, 149, 255, 215, 192, 149, 255, 215, 192, 149, 255, 214, 191, 148, 255, 165, 74, 21, 198, 157, 55, 0, 255, 158, 55, 0, 255, 158, 55, 0, 255, 158, 55, 0, 255, 159, 55, 0, 255, 159, 55, 0, 255, 159, 55, 0, 255, 159, 55, 0, 255, 160, 55, 0, 255, 160, 55, 0, 255, 160, 55, 0, 255, 161, 55, 0, 255, 161, 55, 0, 255, 161, 55, 0, 255, 162, 55, 0, 255, 162, 55, 0, 255, 162, 55, 0, 255, 163, 55, 0, 255, 163, 55, 0, 255, 163, 55, 0, 255, 163, 55, 0, 255, 164, 55, 0, 255, 164, 55, 0, 255, 164, 55, 0, 255, 165, 55, 0, 255, 165, 55, 0, 255, 165, 55, 0, 255, 166, 55, 0, 255, 166, 55, 0, 255, 166, 55, 0, 255, 166, 55, 0, 255, 167, 55, 0, 255, 167, 55, 0, 255, 167, 55, 0, 255, 167, 55, 0, 255, 168, 55, 0, 255, 168, 55, 0, 255, 168, 56, 0, 255, 144, 65, 22, 191, 112, 77, 56, 219, 169, 57, 0, 255, 169, 57, 0, 255, 169, 57, 0, 255, 169, 58, 0, 255, 170, 58, 0, 255, 170, 58, 0, 255, 170, 59, 0, 255, 170, 59, 0, 255, 170, 59, 0, 255, 171, 59, 0, 255, 171, 60, 0, 255, 171, 60, 0, 255, 171, 60, 0, 255, 171, 60, 0, 255, 171, 61, 0, 255, 171, 61, 0, 255, 172, 61, 0, 255, 172, 61, 0, 255, 172, 61, 0, 255, 172, 62, 0, 255, 172, 62, 0, 255, 172, 62, 0, 255, 172, 62, 0, 255, 172, 62, 0, 255, 172, 62, 0, 255, 172, 62, 0, 255, 172, 63, 0, 255, 173, 63, 0, 255, 173, 63, 0, 255, 173, 63, 0, 255, 173, 63, 0, 255, 173, 63, 0, 255, 173, 63, 0, 255, 173, 63, 0, 255, 173, 63, 0, 255, 173, 63, 0, 255, 173, 63, 0, 255, 172, 63, 0, 255, 172, 62, 0, 255, 172, 62, 0, 255, 172, 62, 0, 255, 172, 62, 0, 255, 172, 62, 0, 255, 172, 62, 0, 255, 172, 62, 0, 255, 172, 62, 0, 255, 172, 61, 0, 255, 172, 61, 0, 255, 171, 61, 0, 255, 171, 61, 0, 255, 171, 60, 0, 255, 171, 60, 0, 255, 171, 60, 0, 255, 171, 60, 0, 255, 171, 59, 0, 255, 170, 59, 0, 255, 170, 59, 0, 255, 170, 59, 0, 255, 170, 58, 0, 255, 170, 58, 0, 255, 170, 58, 0, 255, 169, 57, 0, 255, 169, 57, 0, 255, 169, 57, 0, 255, 169, 56, 0, 255, 169, 56, 0, 255, 168, 56, 0, 255, 168, 55, 0, 255, 168, 55, 0, 255, 168, 55, 0, 255, 166, 55, 2, 222, 131, 93, 85, 252, 131, 95, 88, 255, 131, 95, 88, 255, 131, 95, 88, 255, 148, 109, 89, 192, 177, 136, 95, 255, 177, 136, 95, 255, 177, 136, 95, 255, 177, 136, 95, 255, 177, 136, 95, 255, 177, 136, 95, 255, 177, 136, 95, 255, 177, 136, 95, 255, 171, 131, 94, 233, 137, 100, 89, 201, 192, 160, 118, 192, 215, 186, 132, 255, 215, 185, 131, 239, 243, 187, 132, 255, 243, 187, 133, 255, 243, 187, 133, 255, 243, 187, 133, 255, 240, 187, 132, 238, 216, 186, 132, 232, 215, 186, 132, 255, 215, 186, 132, 255, 215, 186, 132, 255, 215, 186, 132, 255, 215, 186, 132, 255, 215, 186, 132, 255, 215, 186, 132, 255, 215, 186, 132, 255, 215, 186, 132, 255, 215, 186, 132, 255, 215, 186, 132, 255, 215, 186, 132, 255, 215, 186, 132, 255, 215, 186, 132, 255, 215, 186, 132, 255, 215, 186, 132, 255, 215, 186, 132, 255, 215, 186, 132, 255, 215, 186, 132, 255, 215, 186, 132, 255, 215, 186, 132, 255, 215, 186, 132, 255, 204, 172, 126, 194, 166, 127, 108, 251, 163, 128, 106, 36, 0, 0, 0, 0, 0, 0, 0, 0, 0, 0, 0, 0, 0, 0, 0, 0, 0, 0, 0, 0, 0, 0, 0, 0, 0, 0, 0, 0, 0, 0, 0, 0, 0, 0, 0, 0, 0, 0, 0, 0, 0, 0, 0, 0, 0, 0, 0, 0, 0, 0, 0, 0, 0, 0, 0, 0, 0, 0, 0, 0, 0, 0, 0, 0, 0, 0, 0, 0, 0, 0, 0, 0, 165, 126, 108, 71, 166, 126, 108, 255, 166, 126, 108, 255, 166, 126, 108, 255, 166, 126, 108, 255, 169, 130, 110, 241, 214, 191, 148, 241, 215, 192, 149, 255, 215, 192, 149, 255, 215, 192, 149, 255, 215, 192, 149, 255, 215, 192, 149, 255, 215, 192, 149, 255, 212, 182, 138, 240, 158, 57, 2, 228, 157, 55, 0, 255, 158, 55, 0, 255, 158, 55, 0, 255, 158, 55, 0, 255, 159, 55, 0, 255, 159, 55, 0, 255, 159, 55, 0, 255, 160, 55, 0, 255, 160, 55, 0, 255, 160, 55, 0, 255, 161, 55, 0, 255, 161, 55, 0, 255, 161, 55, 0, 255, 161, 55, 0, 255, 162, 55, 0, 255, 162, 55, 0, 255, 162, 55, 0, 255, 163, 55, 0, 255, 163, 55, 0, 255, 163, 55, 0, 255, 163, 55, 0, 255, 164, 55, 0, 255, 164, 55, 0, 255, 164, 55, 0, 255, 165, 55, 0, 255, 165, 55, 0, 255, 165, 55, 0, 255, 166, 55, 0, 255, 166, 55, 0, 255, 166, 55, 0, 255, 166, 55, 0, 255, 167, 55, 0, 255, 167, 55, 0, 255, 167, 55, 0, 255, 167, 55, 0, 255, 168, 55, 0, 255, 168, 55, 0, 255, 109, 78, 60, 225, 142, 65, 24, 192, 169, 56, 0, 255, 169, 56, 0, 255, 169, 57, 0, 255, 169, 57, 0, 255, 169, 57, 0, 255, 169, 58, 0, 255, 170, 58, 0, 255, 170, 58, 0, 255, 170, 59, 0, 255, 170, 59, 0, 255, 170, 59, 0, 255, 171, 59, 0, 255, 171, 60, 0, 255, 171, 60, 0, 255, 171, 60, 0, 255, 171, 60, 0, 255, 171, 60, 0, 255, 171, 61, 0, 255, 171, 61, 0, 255, 172, 61, 0, 255, 172, 61, 0, 255, 172, 61, 0, 255, 172, 61, 0, 255, 172, 62, 0, 255, 172, 62, 0, 255, 172, 62, 0, 255, 172, 62, 0, 255, 172, 62, 0, 255, 172, 62, 0, 255, 172, 62, 0, 255, 172, 62, 0, 255, 172, 62, 0, 255, 172, 62, 0, 255, 172, 62, 0, 255, 172, 62, 0, 255, 172, 62, 0, 255, 172, 62, 0, 255, 172, 62, 0, 255, 172, 62, 0, 255, 172, 62, 0, 255, 172, 62, 0, 255, 172, 62, 0, 255, 172, 61, 0, 255, 172, 61, 0, 255, 172, 61, 0, 255, 172, 61, 0, 255, 171, 61, 0, 255, 171, 61, 0, 255, 171, 60, 0, 255, 171, 60, 0, 255, 171, 60, 0, 255, 171, 60, 0, 255, 171, 59, 0, 255, 170, 59, 0, 255, 170, 59, 0, 255, 170, 59, 0, 255, 170, 58, 0, 255, 170, 58, 0, 255, 170, 58, 0, 255, 169, 58, 0, 255, 169, 57, 0, 255, 169, 57, 0, 255, 169, 57, 0, 255, 169, 56, 0, 255, 169, 56, 0, 255, 168, 56, 0, 255, 168, 55, 0, 255, 168, 55, 0, 255, 168, 55, 0, 255, 167, 55, 0, 255, 167, 55, 0, 255, 152, 70, 36, 192, 131, 95, 88, 255, 131, 95, 88, 255, 131, 95, 88, 255, 131, 94, 87, 254, 161, 121, 92, 204, 177, 136, 95, 255, 177, 136, 95, 255, 177, 136, 95, 255, 177, 136, 95, 255, 177, 136, 95, 255, 176, 133, 94, 253, 152, 114, 90, 195, 130, 94, 88, 241, 151, 115, 97, 215, 215, 186, 131, 253, 215, 186, 132, 255, 214, 186, 131, 249, 243, 187, 133, 255, 243, 187, 133, 255, 243, 187, 133, 255, 242, 186, 132, 247, 217, 186, 132, 207, 215, 186, 132, 255, 215, 186, 132, 255, 215, 186, 132, 255, 215, 186, 132, 255, 215, 186, 132, 255, 215, 186, 132, 255, 215, 186, 132, 255, 215, 186, 132, 255, 215, 186, 132, 255, 215, 186, 132, 255, 215, 186, 132, 255, 215, 186, 132, 255, 215, 186, 132, 255, 215, 186, 132, 255, 215, 186, 132, 255, 215, 186, 132, 255, 215, 186, 132, 255, 215, 186, 132, 255, 215, 186, 132, 255, 215, 186, 132, 255, 215, 186, 132, 255, 215, 186, 132, 255, 201, 171, 126, 193, 166, 126, 108, 255, 165, 125, 107, 159, 0, 0, 0, 0, 0, 0, 0, 0, 0, 0, 0, 0, 0, 0, 0, 0, 0, 0, 0, 0, 0, 0, 0, 0, 0, 0, 0, 0, 0, 0, 0, 0, 0, 0, 0, 0, 0, 0, 0, 0, 0, 0, 0, 0, 0, 0, 0, 0, 0, 0, 0, 0, 0, 0, 0, 0, 0, 0, 0, 0, 0, 0, 0, 0, 0, 0, 0, 0, 0, 0, 0, 0, 0, 0, 0, 0, 128, 128, 128, 2, 166, 126, 107, 217, 166, 126, 108, 255, 166, 126, 108, 255, 166, 126, 108, 255, 166, 126, 108, 255, 197, 168, 133, 192, 215, 192, 149, 255, 215, 192, 149, 255, 215, 192, 149, 255, 215, 192, 149, 255, 215, 192, 149, 255, 215, 192, 149, 255, 215, 192, 149, 255, 195, 145, 99, 206, 157, 55, 0, 255, 157, 55, 0, 255, 158, 55, 0, 255, 158, 55, 0, 255, 158, 55, 0, 255, 159, 55, 0, 255, 159, 55, 0, 255, 159, 55, 0, 255, 160, 55, 0, 255, 160, 55, 0, 255, 160, 55, 0, 255, 161, 55, 0, 255, 161, 55, 0, 255, 161, 55, 0, 255, 161, 55, 0, 255, 162, 55, 0, 255, 162, 55, 0, 255, 162, 55, 0, 255, 163, 55, 0, 255, 163, 55, 0, 255, 163, 55, 0, 255, 163, 55, 0, 255, 164, 55, 0, 255, 164, 55, 0, 255, 164, 55, 0, 255, 165, 55, 0, 255, 165, 55, 0, 255, 165, 55, 0, 255, 165, 55, 0, 255, 166, 55, 0, 255, 166, 55, 0, 255, 166, 55, 0, 255, 167, 55, 0, 255, 167, 55, 0, 255, 167, 55, 0, 255, 167, 55, 0, 255, 165, 56, 2, 214, 98, 84, 72, 255, 163, 56, 4, 208, 168, 56, 0, 255, 168, 56, 0, 255, 169, 56, 0, 255, 169, 57, 0, 255, 169, 57, 0, 255, 169, 57, 0, 255, 169, 57, 0, 255, 170, 58, 0, 255, 170, 58, 0, 255, 170, 58, 0, 255, 170, 59, 0, 255, 170, 59, 0, 255, 170, 59, 0, 255, 170, 59, 0, 255, 171, 59, 0, 255, 171, 60, 0, 255, 171, 60, 0, 255, 171, 60, 0, 255, 171, 60, 0, 255, 171, 60, 0, 255, 171, 61, 0, 255, 171, 61, 0, 255, 171, 61, 0, 255, 172, 61, 0, 255, 172, 61, 0, 255, 172, 61, 0, 255, 172, 61, 0, 255, 172, 61, 0, 255, 172, 61, 0, 255, 172, 61, 0, 255, 172, 62, 0, 255, 172, 62, 0, 255, 172, 62, 0, 255, 172, 62, 0, 255, 172, 62, 0, 255, 172, 62, 0, 255, 172, 61, 0, 255, 172, 61, 0, 255, 172, 61, 0, 255, 172, 61, 0, 255, 172, 61, 0, 255, 172, 61, 0, 255, 171, 61, 0, 255, 171, 61, 0, 255, 171, 61, 0, 255, 171, 60, 0, 255, 171, 60, 0, 255, 171, 60, 0, 255, 171, 60, 0, 255, 171, 60, 0, 255, 171, 59, 0, 255, 170, 59, 0, 255, 170, 59, 0, 255, 170, 59, 0, 255, 170, 59, 0, 255, 170, 58, 0, 255, 170, 58, 0, 255, 170, 58, 0, 255, 169, 57, 0, 255, 169, 57, 0, 255, 169, 57, 0, 255, 169, 57, 0, 255, 169, 56, 0, 255, 168, 56, 0, 255, 168, 56, 0, 255, 168, 55, 0, 255, 168, 55, 0, 255, 168, 55, 0, 255, 167, 55, 0, 255, 167, 55, 0, 255, 167, 55, 0, 255, 167, 54, 0, 240, 133, 90, 79, 237, 131, 95, 88, 255, 131, 95, 88, 255, 131, 95, 88, 255, 130, 94, 87, 240, 169, 129, 92, 226, 177, 136, 95, 255, 174, 134, 94, 246, 166, 125, 92, 215, 142, 105, 89, 192, 131, 95, 87, 234, 131, 95, 88, 255, 133, 96, 88, 252, 210, 182, 130, 216, 215, 186, 132, 255, 215, 186, 132, 255, 215, 186, 132, 255, 241, 187, 132, 239, 243, 187, 133, 255, 242, 186, 133, 248, 217, 186, 131, 206, 215, 186, 132, 255, 215, 186, 132, 255, 215, 186, 132, 255, 215, 186, 132, 255, 215, 186, 132, 255, 215, 186, 132, 255, 215, 186, 132, 255, 215, 186, 132, 255, 215, 186, 132, 255, 215, 186, 132, 255, 215, 186, 132, 255, 215, 186, 132, 255, 215, 186, 132, 255, 215, 186, 132, 255, 215, 186, 132, 255, 215, 186, 132, 255, 215, 186, 132, 255, 215, 186, 132, 255, 215, 186, 132, 255, 215, 186, 132, 255, 215, 186, 132, 255, 215, 186, 132, 255, 202, 169, 124, 192, 166, 126, 108, 255, 166, 125, 107, 252, 163, 128, 106, 36, 0, 0, 0, 0, 0, 0, 0, 0, 0, 0, 0, 0, 0, 0, 0, 0, 0, 0, 0, 0, 0, 0, 0, 0, 0, 0, 0, 0, 0, 0, 0, 0, 0, 0, 0, 0, 0, 0, 0, 0, 0, 0, 0, 0, 0, 0, 0, 0, 0, 0, 0, 0, 0, 0, 0, 0, 0, 0, 0, 0, 0, 0, 0, 0, 0, 0, 0, 0, 0, 0, 0, 0, 0, 0, 0, 0, 0, 0, 0, 0, 166, 126, 108, 109, 166, 126, 108, 255, 166, 126, 108, 255, 166, 126, 108, 255, 166, 126, 108, 255, 167, 129, 110, 244, 215, 192, 148, 236, 215, 192, 149, 255, 215, 192, 149, 255, 215, 192, 149, 255, 215, 192, 149, 255, 215, 192, 149, 255, 215, 192, 149, 255, 215, 192, 149, 255, 162, 66, 12, 205, 157, 55, 0, 255, 157, 55, 0, 255, 158, 55, 0, 255, 158, 55, 0, 255, 158, 55, 0, 255, 159, 55, 0, 255, 159, 55, 0, 255, 159, 55, 0, 255, 160, 55, 0, 255, 160, 55, 0, 255, 160, 55, 0, 255, 161, 55, 0, 255, 161, 55, 0, 255, 161, 55, 0, 255, 161, 55, 0, 255, 162, 55, 0, 255, 162, 55, 0, 255, 162, 55, 0, 255, 163, 55, 0, 255, 163, 55, 0, 255, 163, 55, 0, 255, 163, 55, 0, 255, 164, 55, 0, 255, 164, 55, 0, 255, 164, 55, 0, 255, 165, 55, 0, 255, 165, 55, 0, 255, 165, 55, 0, 255, 165, 55, 0, 255, 166, 55, 0, 255, 166, 55, 0, 255, 166, 55, 0, 255, 166, 55, 0, 255, 167, 55, 0, 255, 167, 55, 0, 255, 140, 65, 28, 192, 100, 81, 67, 244, 167, 54, 0, 250, 168, 55, 0, 255, 168, 55, 0, 255, 168, 56, 0, 255, 168, 56, 0, 255, 169, 56, 0, 255, 169, 57, 0, 255, 169, 57, 0, 255, 169, 57, 0, 255, 169, 57, 0, 255, 170, 58, 0, 255, 170, 58, 0, 255, 170, 58, 0, 255, 170, 58, 0, 255, 170, 59, 0, 255, 170, 59, 0, 255, 170, 59, 0, 255, 170, 59, 0, 255, 171, 59, 0, 255, 171, 60, 0, 255, 171, 60, 0, 255, 171, 60, 0, 255, 171, 60, 0, 255, 171, 60, 0, 255, 171, 60, 0, 255, 171, 60, 0, 255, 171, 61, 0, 255, 171, 61, 0, 255, 171, 61, 0, 255, 171, 61, 0, 255, 171, 61, 0, 255, 171, 61, 0, 255, 171, 61, 0, 255, 171, 61, 0, 255, 171, 61, 0, 255, 171, 61, 0, 255, 171, 61, 0, 255, 171, 61, 0, 255, 171, 61, 0, 255, 171, 61, 0, 255, 171, 61, 0, 255, 171, 60, 0, 255, 171, 60, 0, 255, 171, 60, 0, 255, 171, 60, 0, 255, 171, 60, 0, 255, 171, 60, 0, 255, 171, 60, 0, 255, 171, 60, 0, 255, 171, 59, 0, 255, 170, 59, 0, 255, 170, 59, 0, 255, 170, 59, 0, 255, 170, 59, 0, 255, 170, 58, 0, 255, 170, 58, 0, 255, 170, 58, 0, 255, 169, 58, 0, 255, 169, 57, 0, 255, 169, 57, 0, 255, 169, 57, 0, 255, 169, 56, 0, 255, 169, 56, 0, 255, 168, 56, 0, 255, 168, 56, 0, 255, 168, 55, 0, 255, 168, 55, 0, 255, 168, 55, 0, 255, 167, 55, 0, 255, 167, 55, 0, 255, 167, 55, 0, 255, 167, 55, 0, 255, 166, 55, 0, 255, 158, 63, 18, 194, 131, 95, 88, 255, 131, 95, 88, 255, 131, 95, 88, 255, 131, 95, 88, 255, 131, 93, 87, 237, 131, 93, 87, 237, 131, 95, 88, 255, 131, 95, 88, 255, 131, 95, 88, 255, 131, 95, 88, 255, 131, 95, 88, 255, 184, 150, 114, 192, 215, 186, 132, 255, 215, 186, 132, 255, 215, 186, 132, 255, 215, 186, 132, 255, 220, 186, 132, 195, 220, 186, 131, 195, 216, 186, 132, 215, 215, 186, 132, 255, 215, 186, 132, 255, 215, 186, 132, 255, 215, 186, 132, 255, 215, 186, 132, 255, 215, 186, 132, 255, 215, 186, 132, 255, 215, 186, 132, 255, 215, 186, 132, 255, 215, 186, 132, 255, 215, 186, 132, 255, 215, 186, 132, 255, 215, 186, 132, 255, 215, 186, 132, 255, 215, 186, 132, 255, 215, 186, 132, 255, 215, 186, 132, 255, 215, 186, 132, 255, 215, 186, 132, 255, 215, 186, 132, 255, 215, 186, 132, 255, 215, 186, 132, 254, 194, 160, 122, 193, 166, 126, 108, 255, 166, 126, 108, 255, 165, 125, 107, 159, 0, 0, 0, 0, 0, 0, 0, 0, 0, 0, 0, 0, 0, 0, 0, 0, 0, 0, 0, 0, 0, 0, 0, 0, 0, 0, 0, 0, 0, 0, 0, 0, 0, 0, 0, 0, 0, 0, 0, 0, 0, 0, 0, 0, 0, 0, 0, 0, 0, 0, 0, 0, 0, 0, 0, 0, 0, 0, 0, 0, 0, 0, 0, 0, 0, 0, 0, 0, 0, 0, 0, 0, 0, 0, 0, 0, 0, 0, 0, 0, 0, 0, 0, 0, 164, 128, 109, 14, 166, 126, 107, 243, 166, 126, 108, 255, 166, 126, 108, 255, 166, 126, 108, 255, 166, 126, 108, 255, 194, 165, 132, 193, 215, 192, 149, 255, 215, 192, 149, 255, 215, 192, 149, 255, 215, 192, 149, 255, 215, 192, 149, 255, 215, 192, 149, 255, 215, 192, 149, 255, 200, 156, 109, 212, 157, 55, 0, 255, 157, 55, 0, 255, 157, 55, 0, 255, 158, 55, 0, 255, 158, 55, 0, 255, 158, 55, 0, 255, 159, 55, 0, 255, 159, 55, 0, 255, 159, 55, 0, 255, 160, 55, 0, 255, 160, 55, 0, 255, 160, 55, 0, 255, 161, 55, 0, 255, 161, 55, 0, 255, 161, 55, 0, 255, 161, 55, 0, 255, 162, 55, 0, 255, 162, 55, 0, 255, 162, 55, 0, 255, 163, 55, 0, 255, 163, 55, 0, 255, 163, 55, 0, 255, 163, 55, 0, 255, 164, 55, 0, 255, 164, 55, 0, 255, 164, 55, 0, 255, 164, 55, 0, 255, 165, 55, 0, 255, 165, 55, 0, 255, 165, 55, 0, 255, 166, 55, 0, 255, 166, 55, 0, 255, 166, 55, 0, 255, 166, 55, 0, 255, 167, 55, 0, 255, 107, 79, 61, 228, 124, 72, 44, 202, 167, 55, 0, 255, 168, 55, 0, 255, 168, 55, 0, 255, 168, 55, 0, 255, 168, 56, 0, 255, 168, 56, 0, 255, 169, 56, 0, 255, 169, 56, 0, 255, 169, 57, 0, 255, 169, 57, 0, 255, 169, 57, 0, 255, 169, 57, 0, 255, 169, 58, 0, 255, 170, 58, 0, 255, 170, 58, 0, 255, 170, 58, 0, 255, 170, 59, 0, 255, 170, 59, 0, 255, 170, 59, 0, 255, 170, 59, 0, 255, 170, 59, 0, 255, 171, 59, 0, 255, 171, 60, 0, 255, 171, 60, 0, 255, 171, 60, 0, 255, 171, 60, 0, 255, 171, 60, 0, 255, 171, 60, 0, 255, 171, 60, 0, 255, 171, 60, 0, 255, 171, 60, 0, 255, 171, 60, 0, 255, 171, 60, 0, 255, 171, 60, 0, 255, 171, 60, 0, 255, 171, 60, 0, 255, 171, 60, 0, 255, 171, 60, 0, 255, 171, 60, 0, 255, 171, 60, 0, 255, 171, 60, 0, 255, 171, 60, 0, 255, 171, 60, 0, 255, 171, 60, 0, 255, 171, 60, 0, 255, 171, 59, 0, 255, 171, 59, 0, 255, 170, 59, 0, 255, 170, 59, 0, 255, 170, 59, 0, 255, 170, 59, 0, 255, 170, 58, 0, 255, 170, 58, 0, 255, 170, 58, 0, 255, 170, 58, 0, 255, 169, 58, 0, 255, 169, 57, 0, 255, 169, 57, 0, 255, 169, 57, 0, 255, 169, 57, 0, 255, 169, 56, 0, 255, 168, 56, 0, 255, 168, 56, 0, 255, 168, 55, 0, 255, 168, 55, 0, 255, 168, 55, 0, 255, 167, 55, 0, 255, 167, 55, 0, 255, 167, 55, 0, 255, 167, 55, 0, 255, 167, 55, 0, 255, 166, 55, 0, 255, 166, 55, 0, 255, 165, 54, 0, 253, 138, 85, 67, 216, 131, 95, 88, 255, 131, 95, 88, 255, 131, 95, 88, 255, 131, 95, 88, 255, 131, 95, 88, 255, 131, 95, 88, 255, 131, 95, 88, 255, 131, 95, 88, 255, 131, 95, 88, 255, 145, 109, 94, 224, 215, 185, 132, 248, 215, 186, 132, 255, 215, 186, 132, 255, 215, 186, 132, 255, 215, 186, 132, 255, 215, 186, 132, 255, 215, 186, 132, 255, 215, 186, 132, 255, 215, 186, 132, 255, 215, 186, 132, 255, 215, 186, 132, 255, 215, 186, 132, 255, 215, 186, 132, 255, 215, 186, 132, 255, 215, 186, 132, 255, 215, 186, 132, 255, 215, 186, 132, 255, 215, 186, 132, 255, 215, 186, 132, 255, 215, 186, 132, 255, 215, 186, 132, 255, 215, 186, 132, 255, 215, 186, 132, 255, 215, 186, 132, 255, 215, 186, 132, 255, 215, 186, 132, 255, 215, 186, 132, 255, 215, 186, 132, 255, 215, 185, 131, 245, 186, 149, 116, 202, 166, 126, 108, 255, 166, 126, 108, 255, 166, 125, 107, 252, 163, 128, 106, 36, 0, 0, 0, 0, 0, 0, 0, 0, 0, 0, 0, 0, 0, 0, 0, 0, 0, 0, 0, 0, 0, 0, 0, 0, 0, 0, 0, 0, 0, 0, 0, 0, 0, 0, 0, 0, 0, 0, 0, 0, 0, 0, 0, 0, 0, 0, 0, 0, 0, 0, 0, 0, 0, 0, 0, 0, 0, 0, 0, 0, 0, 0, 0, 0, 0, 0, 0, 0, 0, 0, 0, 0, 0, 0, 0, 0, 0, 0, 0, 0, 0, 0, 0, 0, 0, 0, 0, 0, 166, 126, 107, 148, 166, 126, 108, 255, 166, 126, 108, 255, 166, 126, 108, 255, 166, 126, 108, 255, 168, 128, 109, 248, 214, 191, 148, 231, 215, 192, 149, 255, 215, 192, 149, 255, 215, 192, 149, 255, 215, 192, 149, 255, 215, 192, 149, 255, 215, 192, 149, 255, 215, 192, 149, 255, 164, 71, 16, 201, 157, 55, 0, 255, 157, 55, 0, 255, 157, 55, 0, 255, 158, 55, 0, 255, 158, 55, 0, 255, 158, 55, 0, 255, 159, 55, 0, 255, 159, 55, 0, 255, 159, 55, 0, 255, 160, 55, 0, 255, 160, 55, 0, 255, 160, 55, 0, 255, 161, 55, 0, 255, 161, 55, 0, 255, 161, 55, 0, 255, 161, 55, 0, 255, 162, 55, 0, 255, 162, 55, 0, 255, 162, 55, 0, 255, 162, 55, 0, 255, 163, 55, 0, 255, 163, 55, 0, 255, 163, 55, 0, 255, 164, 55, 0, 255, 164, 55, 0, 255, 164, 55, 0, 255, 164, 55, 0, 255, 165, 55, 0, 255, 165, 55, 0, 255, 165, 55, 0, 255, 165, 55, 0, 255, 166, 55, 0, 255, 166, 55, 0, 255, 161, 55, 3, 211, 98, 84, 72, 255, 149, 62, 17, 192, 167, 55, 0, 255, 167, 55, 0, 255, 167, 55, 0, 255, 168, 55, 0, 255, 168, 55, 0, 255, 168, 55, 0, 255, 168, 56, 0, 255, 168, 56, 0, 255, 169, 56, 0, 255, 169, 56, 0, 255, 169, 57, 0, 255, 169, 57, 0, 255, 169, 57, 0, 255, 169, 57, 0, 255, 169, 58, 0, 255, 170, 58, 0, 255, 170, 58, 0, 255, 170, 58, 0, 255, 170, 58, 0, 255, 170, 58, 0, 255, 170, 59, 0, 255, 170, 59, 0, 255, 170, 59, 0, 255, 170, 59, 0, 255, 170, 59, 0, 255, 170, 59, 0, 255, 171, 59, 0, 255, 171, 59, 0, 255, 171, 60, 0, 255, 171, 60, 0, 255, 171, 60, 0, 255, 171, 60, 0, 255, 171, 60, 0, 255, 171, 60, 0, 255, 171, 60, 0, 255, 171, 60, 0, 255, 171, 60, 0, 255, 171, 60, 0, 255, 171, 60, 0, 255, 171, 60, 0, 255, 171, 59, 0, 255, 171, 59, 0, 255, 170, 59, 0, 255, 170, 59, 0, 255, 170, 59, 0, 255, 170, 59, 0, 255, 170, 59, 0, 255, 170, 59, 0, 255, 170, 58, 0, 255, 170, 58, 0, 255, 170, 58, 0, 255, 170, 58, 0, 255, 170, 58, 0, 255, 169, 58, 0, 255, 169, 57, 0, 255, 169, 57, 0, 255, 169, 57, 0, 255, 169, 57, 0, 255, 169, 56, 0, 255, 169, 56, 0, 255, 168, 56, 0, 255, 168, 56, 0, 255, 168, 55, 0, 255, 168, 55, 0, 255, 168, 55, 0, 255, 167, 55, 0, 255, 167, 55, 0, 255, 167, 55, 0, 255, 167, 55, 0, 255, 166, 55, 0, 255, 166, 55, 0, 255, 166, 55, 0, 255, 166, 55, 0, 255, 166, 55, 0, 255, 162, 57, 6, 208, 131, 94, 87, 255, 131, 95, 88, 255, 131, 95, 88, 255, 131, 95, 88, 255, 131, 95, 88, 255, 131, 95, 88, 255, 131, 95, 88, 255, 131, 95, 88, 255, 131, 96, 88, 255, 209, 178, 129, 208, 215, 186, 132, 255, 215, 186, 132, 255, 215, 186, 132, 255, 215, 186, 132, 255, 215, 186, 132, 255, 215, 186, 132, 255, 215, 186, 132, 255, 215, 186, 132, 255, 215, 186, 132, 255, 215, 186, 132, 255, 215, 186, 132, 255, 215, 186, 132, 255, 215, 186, 132, 255, 215, 186, 132, 255, 215, 186, 132, 255, 215, 186, 132, 255, 215, 186, 132, 255, 215, 186, 132, 255, 215, 186, 132, 255, 215, 186, 132, 255, 215, 186, 132, 255, 215, 186, 132, 255, 215, 186, 132, 255, 215, 186, 132, 255, 215, 186, 132, 255, 215, 186, 132, 255, 215, 186, 132, 255, 215, 185, 132, 232, 178, 139, 113, 215, 166, 126, 108, 255, 166, 126, 108, 255, 166, 126, 108, 255, 165, 125, 107, 159, 0, 0, 0, 0, 0, 0, 0, 0, 0, 0, 0, 0, 0, 0, 0, 0, 0, 0, 0, 0, 0, 0, 0, 0, 0, 0, 0, 0, 0, 0, 0, 0, 0, 0, 0, 0, 0, 0, 0, 0, 0, 0, 0, 0, 0, 0, 0, 0, 0, 0, 0, 0, 0, 0, 0, 0, 0, 0, 0, 0, 0, 0, 0, 0, 0, 0, 0, 0, 0, 0, 0, 0, 0, 0, 0, 0, 0, 0, 0, 0, 0, 0, 0, 0, 0, 0, 0, 0, 0, 0, 0, 0, 166, 128, 108, 40, 166, 126, 108, 255, 166, 126, 108, 255, 166, 126, 108, 255, 166, 126, 108, 255, 166, 126, 108, 255, 193, 162, 129, 194, 215, 192, 149, 255, 215, 192, 149, 255, 215, 192, 149, 255, 215, 192, 149, 255, 215, 192, 149, 255, 215, 192, 149, 255, 215, 192, 149, 255, 198, 155, 107, 211, 157, 55, 0, 255, 157, 55, 0, 255, 157, 55, 0, 255, 158, 55, 0, 255, 158, 55, 0, 255, 158, 55, 0, 255, 158, 55, 0, 255, 159, 55, 0, 255, 159, 55, 0, 255, 159, 55, 0, 255, 160, 55, 0, 255, 160, 55, 0, 255, 160, 55, 0, 255, 161, 55, 0, 255, 161, 55, 0, 255, 161, 55, 0, 255, 161, 55, 0, 255, 162, 55, 0, 255, 162, 55, 0, 255, 162, 55, 0, 255, 162, 55, 0, 255, 163, 55, 0, 255, 163, 55, 0, 255, 163, 55, 0, 255, 164, 55, 0, 255, 164, 55, 0, 255, 164, 55, 0, 255, 164, 55, 0, 255, 165, 55, 0, 255, 165, 55, 0, 255, 165, 55, 0, 255, 165, 55, 0, 255, 166, 55, 0, 255, 137, 66, 30, 192, 98, 84, 72, 255, 163, 56, 2, 219, 167, 55, 0, 255, 167, 55, 0, 255, 167, 55, 0, 255, 167, 55, 0, 255, 167, 55, 0, 255, 168, 55, 0, 255, 168, 55, 0, 255, 168, 55, 0, 255, 168, 56, 0, 255, 168, 56, 0, 255, 168, 56, 0, 255, 169, 56, 0, 255, 169, 57, 0, 255, 169, 57, 0, 255, 169, 57, 0, 255, 169, 57, 0, 255, 169, 57, 0, 255, 169, 58, 0, 255, 170, 58, 0, 255, 170, 58, 0, 255, 170, 58, 0, 255, 170, 58, 0, 255, 170, 58, 0, 255, 170, 58, 0, 255, 170, 59, 0, 255, 170, 59, 0, 255, 170, 59, 0, 255, 170, 59, 0, 255, 170, 59, 0, 255, 170, 59, 0, 255, 170, 59, 0, 255, 170, 59, 0, 255, 170, 59, 0, 255, 170, 59, 0, 255, 170, 59, 0, 255, 170, 59, 0, 255, 170, 59, 0, 255, 170, 59, 0, 255, 170, 59, 0, 255, 170, 59, 0, 255, 170, 59, 0, 255, 170, 59, 0, 255, 170, 59, 0, 255, 170, 59, 0, 255, 170, 59, 0, 255, 170, 58, 0, 255, 170, 58, 0, 255, 170, 58, 0, 255, 170, 58, 0, 255, 170, 58, 0, 255, 169, 58, 0, 255, 169, 57, 0, 255, 169, 57, 0, 255, 169, 57, 0, 255, 169, 57, 0, 255, 169, 57, 0, 255, 169, 56, 0, 255, 169, 56, 0, 255, 168, 56, 0, 255, 168, 56, 0, 255, 168, 55, 0, 255, 168, 55, 0, 255, 168, 55, 0, 255, 168, 55, 0, 255, 167, 55, 0, 255, 167, 55, 0, 255, 167, 55, 0, 255, 167, 55, 0, 255, 166, 55, 0, 255, 166, 55, 0, 255, 166, 55, 0, 255, 166, 55, 0, 255, 165, 55, 0, 255, 165, 55, 0, 255, 165, 55, 0, 255, 145, 77, 50, 199, 131, 95, 88, 255, 131, 95, 88, 255, 131, 95, 88, 255, 131, 95, 88, 255, 131, 95, 88, 255, 131, 95, 88, 255, 131, 95, 88, 255, 175, 143, 110, 195, 215, 186, 132, 255, 215, 186, 132, 255, 215, 186, 132, 255, 215, 186, 132, 255, 215, 186, 132, 255, 215, 186, 132, 255, 215, 186, 132, 255, 215, 186, 132, 255, 215, 186, 132, 255, 215, 186, 132, 255, 215, 186, 132, 255, 215, 186, 132, 255, 215, 186, 132, 255, 215, 186, 132, 255, 215, 186, 132, 255, 215, 186, 132, 255, 215, 186, 132, 255, 215, 186, 132, 255, 215, 186, 132, 255, 215, 186, 132, 255, 215, 186, 132, 255, 215, 186, 132, 255, 215, 186, 132, 255, 215, 186, 132, 255, 215, 186, 132, 255, 215, 186, 132, 255, 215, 186, 132, 255, 213, 182, 129, 217, 172, 132, 110, 231, 166, 126, 108, 255, 166, 126, 108, 255, 166, 126, 108, 255, 166, 125, 108, 248, 165, 128, 105, 34, 0, 0, 0, 0, 0, 0, 0, 0, 0, 0, 0, 0, 0, 0, 0, 0, 0, 0, 0, 0, 0, 0, 0, 0, 0, 0, 0, 0, 0, 0, 0, 0, 0, 0, 0, 0, 0, 0, 0, 0, 0, 0, 0, 0, 0, 0, 0, 0, 0, 0, 0, 0, 0, 0, 0, 0, 0, 0, 0, 0, 0, 0, 0, 0, 0, 0, 0, 0, 0, 0, 0, 0, 0, 0, 0, 0, 0, 0, 0, 0, 0, 0, 0, 0, 0, 0, 0, 0, 0, 0, 0, 0, 0, 0, 0, 0, 165, 125, 108, 187, 166, 126, 108, 255, 166, 126, 108, 255, 166, 126, 108, 255, 166, 126, 108, 255, 167, 128, 109, 251, 215, 191, 147, 226, 215, 192, 149, 255, 215, 192, 149, 255, 215, 192, 149, 255, 215, 192, 149, 255, 215, 192, 149, 255, 215, 192, 149, 255, 214, 191, 148, 255, 159, 60, 4, 217, 157, 55, 0, 255, 157, 55, 0, 255, 157, 55, 0, 255, 158, 55, 0, 255, 158, 55, 0, 255, 158, 55, 0, 255, 158, 55, 0, 255, 159, 55, 0, 255, 159, 55, 0, 255, 159, 55, 0, 255, 160, 55, 0, 255, 160, 55, 0, 255, 160, 55, 0, 255, 161, 55, 0, 255, 161, 55, 0, 255, 161, 55, 0, 255, 161, 55, 0, 255, 162, 55, 0, 255, 162, 55, 0, 255, 162, 55, 0, 255, 162, 55, 0, 255, 163, 55, 0, 255, 163, 55, 0, 255, 163, 55, 0, 255, 163, 55, 0, 255, 164, 55, 0, 255, 164, 55, 0, 255, 164, 55, 0, 255, 164, 55, 0, 255, 165, 55, 0, 255, 165, 55, 0, 255, 164, 54, 0, 253, 104, 80, 63, 233, 104, 80, 63, 233, 166, 55, 0, 255, 166, 55, 0, 255, 166, 55, 0, 255, 167, 55, 0, 255, 167, 55, 0, 255, 167, 55, 0, 255, 167, 55, 0, 255, 167, 55, 0, 255, 168, 55, 0, 255, 168, 55, 0, 255, 168, 55, 0, 255, 168, 56, 0, 255, 168, 56, 0, 255, 168, 56, 0, 255, 169, 56, 0, 255, 169, 56, 0, 255, 169, 57, 0, 255, 169, 57, 0, 255, 169, 57, 0, 255, 169, 57, 0, 255, 169, 57, 0, 255, 169, 57, 0, 255, 169, 58, 0, 255, 170, 58, 0, 255, 170, 58, 0, 255, 170, 58, 0, 255, 170, 58, 0, 255, 170, 58, 0, 255, 170, 58, 0, 255, 170, 58, 0, 255, 170, 58, 0, 255, 170, 58, 0, 255, 170, 58, 0, 255, 170, 59, 0, 255, 170, 59, 0, 255, 170, 59, 0, 255, 170, 59, 0, 255, 170, 59, 0, 255, 170, 58, 0, 255, 170, 58, 0, 255, 170, 58, 0, 255, 170, 58, 0, 255, 170, 58, 0, 255, 170, 58, 0, 255, 170, 58, 0, 255, 170, 58, 0, 255, 170, 58, 0, 255, 170, 58, 0, 255, 169, 58, 0, 255, 169, 57, 0, 255, 169, 57, 0, 255, 169, 57, 0, 255, 169, 57, 0, 255, 169, 57, 0, 255, 169, 57, 0, 255, 169, 56, 0, 255, 169, 56, 0, 255, 168, 56, 0, 255, 168, 56, 0, 255, 168, 55, 0, 255, 168, 55, 0, 255, 168, 55, 0, 255, 168, 55, 0, 255, 167, 55, 0, 255, 167, 55, 0, 255, 167, 55, 0, 255, 167, 55, 0, 255, 167, 55, 0, 255, 166, 55, 0, 255, 166, 55, 0, 255, 166, 55, 0, 255, 166, 55, 0, 255, 165, 55, 0, 255, 165, 55, 0, 255, 165, 55, 0, 255, 165, 55, 0, 255, 163, 55, 1, 228, 131, 93, 83, 247, 131, 95, 88, 255, 131, 95, 88, 255, 131, 95, 88, 255, 131, 95, 88, 255, 131, 95, 88, 255, 141, 105, 92, 232, 215, 185, 131, 241, 215, 186, 132, 255, 215, 186, 132, 255, 215, 186, 132, 255, 215, 186, 132, 255, 215, 186, 132, 255, 215, 186, 132, 255, 215, 186, 132, 255, 215, 186, 132, 255, 215, 186, 132, 255, 215, 186, 132, 255, 215, 186, 132, 255, 215, 186, 132, 255, 215, 186, 132, 255, 215, 186, 132, 255, 215, 186, 132, 255, 215, 186, 132, 255, 215, 186, 132, 255, 215, 186, 132, 255, 215, 186, 132, 255, 215, 186, 132, 255, 215, 186, 132, 255, 215, 186, 132, 255, 215, 186, 132, 255, 215, 186, 132, 255, 215, 186, 132, 255, 215, 186, 132, 255, 209, 179, 128, 203, 167, 129, 109, 244, 166, 126, 108, 255, 166, 126, 108, 255, 166, 126, 108, 255, 166, 126, 108, 255, 167, 126, 108, 127, 0, 0, 0, 0, 0, 0, 0, 0, 0, 0, 0, 0, 0, 0, 0, 0, 0, 0, 0, 0, 0, 0, 0, 0, 0, 0, 0, 0, 0, 0, 0, 0, 0, 0, 0, 0, 0, 0, 0, 0, 0, 0, 0, 0, 0, 0, 0, 0, 0, 0, 0, 0, 0, 0, 0, 0, 0, 0, 0, 0, 0, 0, 0, 0, 0, 0, 0, 0, 0, 0, 0, 0, 0, 0, 0, 0, 0, 0, 0, 0, 0, 0, 0, 0, 0, 0, 0, 0, 0, 0, 0, 0, 0, 0, 0, 0, 0, 0, 0, 0, 167, 124, 108, 78, 166, 126, 108, 255, 166, 126, 108, 255, 166, 126, 108, 255, 166, 126, 108, 255, 166, 126, 108, 255, 190, 159, 126, 196, 215, 192, 149, 255, 215, 192, 149, 255, 215, 192, 149, 255, 215, 192, 149, 255, 215, 192, 149, 255, 215, 192, 149, 255, 215, 192, 149, 255, 183, 116, 66, 193, 156, 55, 0, 255, 157, 55, 0, 255, 157, 55, 0, 255, 157, 55, 0, 255, 158, 55, 0, 255, 158, 55, 0, 255, 158, 55, 0, 255, 158, 55, 0, 255, 159, 55, 0, 255, 159, 55, 0, 255, 159, 55, 0, 255, 160, 55, 0, 255, 160, 55, 0, 255, 160, 55, 0, 255, 161, 55, 0, 255, 161, 55, 0, 255, 161, 55, 0, 255, 161, 55, 0, 255, 162, 55, 0, 255, 162, 55, 0, 255, 162, 55, 0, 255, 162, 55, 0, 255, 163, 55, 0, 255, 163, 55, 0, 255, 163, 55, 0, 255, 163, 55, 0, 255, 164, 55, 0, 255, 164, 55, 0, 255, 164, 55, 0, 255, 164, 55, 0, 255, 165, 55, 0, 255, 160, 56, 3, 210, 98, 84, 72, 255, 129, 69, 36, 196, 166, 55, 0, 255, 166, 55, 0, 255, 166, 55, 0, 255, 166, 55, 0, 255, 166, 55, 0, 255, 167, 55, 0, 255, 167, 55, 0, 255, 167, 55, 0, 255, 167, 55, 0, 255, 167, 55, 0, 255, 168, 55, 0, 255, 168, 55, 0, 255, 168, 55, 0, 255, 168, 55, 0, 255, 168, 56, 0, 255, 168, 56, 0, 255, 168, 56, 0, 255, 169, 56, 0, 255, 169, 56, 0, 255, 169, 57, 0, 255, 169, 57, 0, 255, 169, 57, 0, 255, 169, 57, 0, 255, 169, 57, 0, 255, 169, 57, 0, 255, 169, 57, 0, 255, 169, 57, 0, 255, 169, 58, 0, 255, 169, 58, 0, 255, 170, 58, 0, 255, 170, 58, 0, 255, 170, 58, 0, 255, 170, 58, 0, 255, 170, 58, 0, 255, 170, 58, 0, 255, 170, 58, 0, 255, 170, 58, 0, 255, 170, 58, 0, 255, 170, 58, 0, 255, 170, 58, 0, 255, 170, 58, 0, 255, 170, 58, 0, 255, 169, 58, 0, 255, 169, 58, 0, 255, 169, 58, 0, 255, 169, 57, 0, 255, 169, 57, 0, 255, 169, 57, 0, 255, 169, 57, 0, 255, 169, 57, 0, 255, 169, 57, 0, 255, 169, 57, 0, 255, 169, 56, 0, 255, 169, 56, 0, 255, 168, 56, 0, 255, 168, 56, 0, 255, 168, 56, 0, 255, 168, 55, 0, 255, 168, 55, 0, 255, 168, 55, 0, 255, 168, 55, 0, 255, 167, 55, 0, 255, 167, 55, 0, 255, 167, 55, 0, 255, 167, 55, 0, 255, 167, 55, 0, 255, 166, 55, 0, 255, 166, 55, 0, 255, 166, 55, 0, 255, 166, 55, 0, 255, 166, 55, 0, 255, 165, 55, 0, 255, 165, 55, 0, 255, 165, 55, 0, 255, 165, 55, 0, 255, 164, 55, 0, 255, 164, 55, 0, 255, 152, 68, 29, 191, 131, 95, 88, 255, 131, 95, 88, 255, 131, 95, 88, 255, 131, 95, 88, 255, 131, 94, 87, 255, 203, 174, 125, 200, 215, 186, 132, 255, 215, 186, 132, 255, 215, 186, 132, 255, 215, 186, 132, 255, 215, 186, 132, 255, 215, 186, 132, 255, 215, 186, 132, 255, 215, 186, 132, 255, 215, 186, 132, 255, 215, 186, 132, 255, 215, 186, 132, 255, 215, 186, 132, 255, 215, 186, 132, 255, 215, 186, 132, 255, 215, 186, 132, 255, 215, 186, 132, 255, 215, 186, 132, 255, 215, 186, 132, 255, 215, 186, 132, 255, 215, 186, 132, 255, 215, 186, 132, 255, 215, 186, 132, 255, 215, 186, 132, 255, 215, 186, 132, 255, 215, 186, 132, 255, 215, 186, 131, 253, 198, 165, 122, 192, 167, 125, 107, 254, 166, 126, 108, 255, 166, 126, 108, 255, 166, 126, 108, 255, 166, 126, 108, 255, 166, 125, 108, 220, 160, 128, 96, 8, 0, 0, 0, 0, 0, 0, 0, 0, 0, 0, 0, 0, 0, 0, 0, 0, 0, 0, 0, 0, 0, 0, 0, 0, 0, 0, 0, 0, 0, 0, 0, 0, 0, 0, 0, 0, 0, 0, 0, 0, 0, 0, 0, 0, 0, 0, 0, 0, 0, 0, 0, 0, 0, 0, 0, 0, 0, 0, 0, 0, 0, 0, 0, 0, 0, 0, 0, 0, 0, 0, 0, 0, 0, 0, 0, 0, 0, 0, 0, 0, 0, 0, 0, 0, 0, 0, 0, 0, 0, 0, 0, 0, 0, 0, 0, 0, 0, 0, 0, 0, 170, 85, 85, 3, 166, 126, 107, 223, 166, 126, 108, 255, 166, 126, 108, 255, 166, 126, 108, 255, 166, 126, 108, 255, 167, 126, 107, 254, 214, 191, 147, 221, 215, 192, 149, 255, 215, 192, 149, 255, 215, 192, 149, 255, 215, 192, 149, 255, 215, 192, 149, 255, 215, 192, 149, 255, 212, 184, 139, 242, 156, 55, 0, 244, 156, 55, 0, 255, 157, 55, 0, 255, 157, 55, 0, 255, 157, 55, 0, 255, 158, 55, 0, 255, 158, 55, 0, 255, 158, 55, 0, 255, 158, 55, 0, 255, 159, 55, 0, 255, 159, 55, 0, 255, 159, 55, 0, 255, 160, 55, 0, 255, 160, 55, 0, 255, 160, 55, 0, 255, 160, 55, 0, 255, 161, 55, 0, 255, 161, 55, 0, 255, 161, 55, 0, 255, 162, 55, 0, 255, 162, 55, 0, 255, 162, 55, 0, 255, 162, 55, 0, 255, 163, 55, 0, 255, 163, 55, 0, 255, 163, 55, 0, 255, 163, 55, 0, 255, 164, 55, 0, 255, 164, 55, 0, 255, 164, 55, 0, 255, 164, 55, 0, 255, 139, 65, 26, 191, 98, 84, 72, 255, 154, 60, 11, 196, 165, 55, 0, 255, 165, 55, 0, 255, 166, 55, 0, 255, 166, 55, 0, 255, 166, 55, 0, 255, 166, 55, 0, 255, 166, 55, 0, 255, 167, 55, 0, 255, 167, 55, 0, 255, 167, 55, 0, 255, 167, 55, 0, 255, 167, 55, 0, 255, 168, 55, 0, 255, 168, 55, 0, 255, 168, 55, 0, 255, 168, 55, 0, 255, 168, 55, 0, 255, 168, 56, 0, 255, 168, 56, 0, 255, 168, 56, 0, 255, 169, 56, 0, 255, 169, 56, 0, 255, 169, 56, 0, 255, 169, 57, 0, 255, 169, 57, 0, 255, 169, 57, 0, 255, 169, 57, 0, 255, 169, 57, 0, 255, 169, 57, 0, 255, 169, 57, 0, 255, 169, 57, 0, 255, 169, 57, 0, 255, 169, 57, 0, 255, 169, 57, 0, 255, 169, 57, 0, 255, 169, 57, 0, 255, 169, 57, 0, 255, 169, 57, 0, 255, 169, 57, 0, 255, 169, 57, 0, 255, 169, 57, 0, 255, 169, 57, 0, 255, 169, 57, 0, 255, 169, 57, 0, 255, 169, 57, 0, 255, 169, 57, 0, 255, 169, 57, 0, 255, 169, 57, 0, 255, 169, 57, 0, 255, 169, 56, 0, 255, 169, 56, 0, 255, 168, 56, 0, 255, 168, 56, 0, 255, 168, 56, 0, 255, 168, 56, 0, 255, 168, 55, 0, 255, 168, 55, 0, 255, 168, 55, 0, 255, 168, 55, 0, 255, 167, 55, 0, 255, 167, 55, 0, 255, 167, 55, 0, 255, 167, 55, 0, 255, 167, 55, 0, 255, 167, 55, 0, 255, 166, 55, 0, 255, 166, 55, 0, 255, 166, 55, 0, 255, 166, 55, 0, 255, 165, 55, 0, 255, 165, 55, 0, 255, 165, 55, 0, 255, 165, 55, 0, 255, 165, 55, 0, 255, 164, 55, 0, 255, 164, 55, 0, 255, 164, 55, 0, 255, 164, 55, 0, 245, 134, 89, 75, 230, 131, 95, 88, 255, 131, 95, 88, 255, 131, 94, 87, 255, 157, 118, 103, 193, 190, 155, 118, 196, 215, 186, 132, 255, 215, 186, 132, 255, 215, 186, 132, 255, 215, 186, 132, 255, 215, 186, 132, 255, 215, 186, 132, 255, 215, 186, 132, 255, 215, 186, 132, 255, 215, 186, 132, 255, 215, 186, 132, 255, 215, 186, 132, 255, 215, 186, 132, 255, 215, 186, 132, 255, 215, 186, 132, 255, 215, 186, 132, 255, 215, 186, 132, 255, 215, 186, 132, 255, 215, 186, 132, 255, 215, 186, 132, 255, 215, 186, 132, 255, 215, 186, 132, 255, 215, 186, 132, 255, 215, 186, 132, 255, 215, 186, 132, 255, 215, 185, 132, 232, 180, 145, 114, 208, 166, 126, 108, 255, 166, 126, 108, 255, 166, 126, 108, 255, 166, 126, 108, 255, 166, 126, 108, 255, 166, 126, 108, 255, 167, 124, 106, 72, 0, 0, 0, 0, 0, 0, 0, 0, 0, 0, 0, 0, 0, 0, 0, 0, 0, 0, 0, 0, 0, 0, 0, 0, 0, 0, 0, 0, 0, 0, 0, 0, 0, 0, 0, 0, 0, 0, 0, 0, 0, 0, 0, 0, 0, 0, 0, 0, 0, 0, 0, 0, 0, 0, 0, 0, 0, 0, 0, 0, 0, 0, 0, 0, 0, 0, 0, 0, 0, 0, 0, 0, 0, 0, 0, 0, 0, 0, 0, 0, 0, 0, 0, 0, 0, 0, 0, 0, 0, 0, 0, 0, 0, 0, 0, 0, 0, 0, 0, 0, 0, 0, 0, 0, 0, 0, 0, 0, 166, 126, 107, 117, 166, 126, 108, 255, 166, 126, 108, 255, 166, 126, 108, 255, 166, 126, 108, 255, 166, 126, 108, 255, 187, 154, 126, 199, 215, 192, 149, 255, 215, 192, 149, 255, 215, 192, 149, 255, 215, 192, 149, 255, 215, 192, 149, 255, 215, 192, 149, 255, 215, 192, 149, 255, 168, 81, 28, 195, 156, 55, 0, 255, 156, 55, 0, 255, 157, 55, 0, 255, 157, 55, 0, 255, 157, 55, 0, 255, 158, 55, 0, 255, 158, 55, 0, 255, 158, 55, 0, 255, 158, 55, 0, 255, 159, 55, 0, 255, 159, 55, 0, 226, 159, 54, 0, 234, 160, 55, 0, 255, 160, 55, 0, 255, 160, 55, 0, 255, 160, 55, 0, 255, 161, 55, 0, 255, 161, 55, 0, 255, 161, 55, 0, 255, 161, 55, 0, 255, 162, 55, 0, 255, 162, 55, 0, 255, 162, 55, 0, 255, 162, 55, 0, 255, 163, 55, 0, 255, 163, 55, 0, 255, 163, 55, 0, 255, 163, 55, 0, 255, 164, 55, 0, 255, 164, 55, 0, 255, 111, 77, 56, 218, 98, 83, 71, 255, 164, 55, 0, 232, 165, 55, 0, 255, 165, 55, 0, 255, 165, 55, 0, 255, 165, 55, 0, 255, 166, 55, 0, 255, 166, 55, 0, 255, 166, 55, 0, 255, 166, 55, 0, 255, 166, 55, 0, 255, 167, 55, 0, 255, 167, 55, 0, 255, 167, 55, 0, 255, 167, 55, 0, 255, 167, 55, 0, 255, 167, 55, 0, 255, 168, 55, 0, 255, 168, 55, 0, 255, 168, 55, 0, 255, 168, 55, 0, 255, 168, 55, 0, 255, 168, 56, 0, 255, 168, 56, 0, 255, 168, 56, 0, 255, 168, 56, 0, 255, 169, 56, 0, 255, 169, 56, 0, 255, 169, 56, 0, 255, 169, 56, 0, 255, 169, 56, 0, 255, 169, 57, 0, 255, 169, 57, 0, 255, 169, 57, 0, 255, 169, 57, 0, 255, 169, 57, 0, 255, 169, 57, 0, 255, 169, 57, 0, 255, 169, 57, 0, 255, 169, 57, 0, 255, 169, 57, 0, 255, 169, 57, 0, 255, 169, 57, 0, 255, 169, 57, 0, 255, 169, 57, 0, 255, 169, 56, 0, 255, 169, 56, 0, 255, 169, 56, 0, 255, 169, 56, 0, 255, 169, 56, 0, 255, 168, 56, 0, 255, 168, 56, 0, 255, 168, 56, 0, 255, 168, 56, 0, 255, 168, 55, 0, 255, 168, 55, 0, 255, 168, 55, 0, 255, 168, 55, 0, 255, 168, 55, 0, 255, 167, 55, 0, 255, 167, 55, 0, 255, 167, 55, 0, 255, 167, 55, 0, 255, 167, 55, 0, 255, 167, 55, 0, 255, 166, 55, 0, 255, 166, 55, 0, 255, 166, 55, 0, 255, 166, 55, 0, 255, 166, 55, 0, 255, 165, 55, 0, 255, 165, 55, 0, 255, 165, 55, 0, 255, 165, 55, 0, 255, 165, 55, 0, 255, 164, 55, 0, 255, 164, 55, 0, 255, 164, 55, 0, 255, 164, 55, 0, 255, 163, 55, 0, 255, 158, 61, 12, 197, 131, 95, 88, 255, 135, 98, 90, 229, 161, 121, 103, 200, 166, 126, 108, 255, 166, 126, 108, 255, 193, 159, 120, 194, 215, 186, 132, 254, 215, 186, 132, 255, 215, 186, 132, 255, 215, 186, 132, 255, 215, 186, 132, 255, 215, 186, 132, 255, 215, 186, 132, 255, 215, 186, 132, 255, 215, 186, 132, 255, 215, 186, 132, 255, 215, 186, 132, 255, 215, 186, 132, 255, 215, 186, 132, 255, 215, 186, 132, 255, 215, 186, 132, 255, 215, 186, 132, 255, 215, 186, 132, 255, 215, 186, 132, 255, 215, 186, 132, 255, 215, 186, 132, 255, 215, 186, 132, 255, 215, 186, 132, 255, 212, 180, 129, 204, 171, 132, 109, 236, 166, 126, 108, 255, 166, 126, 108, 255, 166, 126, 108, 255, 166, 126, 108, 255, 166, 126, 108, 255, 166, 126, 108, 255, 166, 126, 107, 172, 0, 0, 0, 0, 0, 0, 0, 0, 0, 0, 0, 0, 0, 0, 0, 0, 0, 0, 0, 0, 0, 0, 0, 0, 0, 0, 0, 0, 0, 0, 0, 0, 0, 0, 0, 0, 0, 0, 0, 0, 0, 0, 0, 0, 0, 0, 0, 0, 0, 0, 0, 0, 0, 0, 0, 0, 0, 0, 0, 0, 0, 0, 0, 0, 0, 0, 0, 0, 0, 0, 0, 0, 0, 0, 0, 0, 0, 0, 0, 0, 0, 0, 0, 0, 0, 0, 0, 0, 0, 0, 0, 0, 0, 0, 0, 0, 0, 0, 0, 0, 0, 0, 0, 0, 0, 0, 0, 0, 0, 0, 0, 0, 170, 128, 113, 18, 165, 126, 107, 247, 166, 126, 108, 255, 166, 126, 108, 255, 166, 126, 108, 255, 166, 126, 108, 255, 166, 127, 108, 255, 213, 189, 148, 216, 215, 192, 149, 255, 215, 192, 149, 255, 215, 192, 149, 255, 215, 192, 149, 255, 215, 192, 149, 255, 215, 192, 149, 255, 195, 145, 99, 206, 156, 55, 0, 255, 156, 55, 0, 255, 156, 55, 0, 255, 157, 55, 0, 255, 157, 55, 0, 255, 157, 55, 0, 255, 158, 55, 0, 255, 158, 55, 0, 255, 158, 55, 0, 255, 158, 55, 0, 240, 174, 69, 0, 230, 176, 70, 0, 255, 174, 67, 0, 226, 169, 62, 0, 196, 163, 58, 0, 193, 161, 55, 0, 216, 159, 54, 0, 253, 161, 55, 0, 255, 161, 55, 0, 255, 161, 55, 0, 255, 161, 55, 0, 255, 162, 55, 0, 255, 162, 55, 0, 255, 162, 55, 0, 255, 162, 55, 0, 255, 163, 55, 0, 255, 163, 55, 0, 255, 163, 55, 0, 255, 163, 55, 0, 255, 163, 54, 0, 230, 98, 83, 71, 255, 111, 77, 56, 219, 164, 55, 0, 255, 164, 55, 0, 255, 165, 55, 0, 255, 165, 55, 0, 255, 165, 55, 0, 255, 165, 55, 0, 255, 165, 55, 0, 255, 166, 55, 0, 255, 166, 55, 0, 255, 166, 55, 0, 255, 166, 55, 0, 255, 166, 55, 0, 255, 167, 55, 0, 255, 167, 55, 0, 255, 167, 55, 0, 255, 167, 55, 0, 255, 167, 55, 0, 255, 167, 55, 0, 255, 167, 55, 0, 255, 168, 55, 0, 255, 168, 55, 0, 255, 168, 55, 0, 255, 168, 55, 0, 255, 168, 55, 0, 255, 168, 55, 0, 255, 168, 56, 0, 255, 168, 56, 0, 255, 168, 56, 0, 255, 168, 56, 0, 255, 168, 56, 0, 255, 168, 56, 0, 255, 168, 56, 0, 255, 169, 56, 0, 255, 169, 56, 0, 255, 169, 56, 0, 255, 169, 56, 0, 255, 169, 56, 0, 255, 169, 56, 0, 255, 169, 56, 0, 255, 169, 56, 0, 255, 169, 56, 0, 255, 169, 56, 0, 255, 168, 56, 0, 255, 168, 56, 0, 255, 168, 56, 0, 255, 168, 56, 0, 255, 168, 56, 0, 255, 168, 56, 0, 255, 168, 56, 0, 255, 168, 55, 0, 255, 168, 55, 0, 255, 168, 55, 0, 255, 168, 55, 0, 255, 168, 55, 0, 255, 168, 55, 0, 255, 167, 55, 0, 255, 167, 55, 0, 255, 167, 55, 0, 255, 167, 55, 0, 255, 167, 55, 0, 255, 167, 55, 0, 255, 167, 55, 0, 255, 166, 55, 0, 255, 166, 55, 0, 255, 166, 55, 0, 255, 166, 55, 0, 255, 166, 55, 0, 255, 165, 55, 0, 255, 165, 55, 0, 255, 165, 55, 0, 255, 165, 55, 0, 255, 165, 55, 0, 255, 164, 55, 0, 255, 164, 55, 0, 255, 164, 55, 0, 255, 164, 55, 0, 255, 164, 55, 0, 255, 163, 55, 0, 255, 163, 55, 0, 255, 163, 55, 0, 255, 155, 92, 64, 180, 165, 126, 107, 247, 166, 126, 108, 255, 166, 126, 108, 255, 166, 126, 108, 255, 166, 126, 108, 255, 187, 149, 117, 201, 215, 185, 131, 245, 215, 186, 132, 255, 215, 186, 132, 255, 215, 186, 132, 255, 215, 186, 132, 255, 215, 186, 132, 255, 215, 186, 132, 255, 215, 186, 132, 255, 215, 186, 132, 255, 215, 186, 132, 255, 215, 186, 132, 255, 215, 186, 132, 255, 215, 186, 132, 255, 215, 186, 132, 255, 215, 186, 132, 255, 215, 186, 132, 255, 215, 186, 132, 255, 215, 186, 132, 255, 215, 186, 132, 255, 215, 186, 131, 253, 198, 164, 122, 192, 166, 127, 108, 255, 166, 126, 108, 255, 166, 126, 108, 255, 166, 126, 108, 255, 166, 126, 108, 255, 166, 126, 108, 255, 166, 126, 108, 255, 165, 125, 108, 244, 167, 123, 105, 29, 0, 0, 0, 0, 0, 0, 0, 0, 0, 0, 0, 0, 0, 0, 0, 0, 0, 0, 0, 0, 0, 0, 0, 0, 0, 0, 0, 0, 0, 0, 0, 0, 0, 0, 0, 0, 0, 0, 0, 0, 0, 0, 0, 0, 0, 0, 0, 0, 0, 0, 0, 0, 0, 0, 0, 0, 0, 0, 0, 0, 0, 0, 0, 0, 0, 0, 0, 0, 0, 0, 0, 0, 0, 0, 0, 0, 0, 0, 0, 0, 0, 0, 0, 0, 0, 0, 0, 0, 0, 0, 0, 0, 0, 0, 0, 0, 0, 0, 0, 0, 0, 0, 0, 0, 0, 0, 0, 0, 0, 0, 0, 0, 0, 0, 0, 0, 165, 126, 108, 156, 166, 126, 108, 255, 166, 126, 108, 255, 166, 126, 108, 255, 166, 126, 108, 255, 166, 126, 108, 255, 184, 151, 123, 203, 215, 192, 149, 255, 215, 192, 149, 255, 215, 192, 149, 255, 215, 192, 149, 255, 215, 192, 149, 255, 215, 192, 149, 255, 213, 188, 146, 252, 156, 56, 0, 237, 156, 55, 0, 255, 156, 55, 0, 255, 156, 55, 0, 255, 157, 55, 0, 255, 157, 55, 0, 255, 157, 55, 0, 255, 157, 55, 0, 255, 158, 55, 0, 255, 168, 63, 0, 195, 177, 71, 0, 255, 177, 71, 0, 255, 177, 71, 0, 255, 177, 71, 0, 255, 177, 71, 0, 255, 177, 71, 0, 255, 175, 69, 0, 243, 160, 55, 0, 223, 161, 55, 0, 255, 161, 55, 0, 255, 161, 55, 0, 255, 161, 55, 0, 255, 162, 55, 0, 255, 162, 55, 0, 255, 162, 55, 0, 255, 162, 55, 0, 255, 162, 55, 0, 255, 163, 55, 0, 255, 163, 55, 0, 255, 149, 61, 14, 193, 98, 84, 72, 255, 137, 66, 29, 192, 164, 55, 0, 255, 164, 55, 0, 255, 164, 55, 0, 255, 164, 55, 0, 255, 165, 55, 0, 255, 165, 55, 0, 255, 165, 55, 0, 255, 165, 55, 0, 255, 165, 55, 0, 255, 166, 55, 0, 255, 166, 55, 0, 255, 166, 55, 0, 255, 166, 55, 0, 255, 166, 55, 0, 255, 166, 55, 0, 255, 167, 55, 0, 255, 167, 55, 0, 255, 167, 55, 0, 255, 167, 55, 0, 255, 167, 55, 0, 255, 167, 55, 0, 255, 167, 55, 0, 255, 167, 55, 0, 255, 168, 55, 0, 255, 168, 55, 0, 255, 168, 55, 0, 255, 168, 55, 0, 255, 168, 55, 0, 255, 168, 55, 0, 255, 168, 55, 0, 255, 168, 55, 0, 255, 168, 55, 0, 255, 168, 55, 0, 255, 168, 56, 0, 255, 168, 56, 0, 255, 168, 56, 0, 255, 168, 56, 0, 255, 168, 56, 0, 255, 168, 56, 0, 255, 168, 56, 0, 255, 168, 56, 0, 255, 168, 56, 0, 255, 168, 55, 0, 255, 168, 55, 0, 255, 168, 55, 0, 255, 168, 55, 0, 255, 168, 55, 0, 255, 168, 55, 0, 255, 168, 55, 0, 255, 168, 55, 0, 255, 168, 55, 0, 255, 168, 55, 0, 255, 167, 55, 0, 255, 167, 55, 0, 255, 167, 55, 0, 255, 167, 55, 0, 255, 167, 55, 0, 255, 167, 55, 0, 255, 167, 55, 0, 255, 166, 55, 0, 255, 166, 55, 0, 255, 166, 55, 0, 255, 166, 55, 0, 255, 166, 55, 0, 255, 166, 55, 0, 255, 165, 55, 0, 255, 165, 55, 0, 255, 165, 55, 0, 255, 165, 55, 0, 255, 165, 55, 0, 255, 165, 55, 0, 255, 164, 55, 0, 255, 164, 55, 0, 255, 164, 55, 0, 255, 164, 55, 0, 255, 163, 55, 0, 255, 163, 55, 0, 255, 163, 55, 0, 255, 163, 55, 0, 255, 163, 55, 0, 255, 162, 55, 1, 230, 165, 118, 97, 237, 166, 126, 108, 255, 166, 126, 108, 255, 166, 126, 108, 255, 166, 126, 108, 255, 166, 126, 108, 255, 175, 136, 111, 223, 212, 180, 129, 204, 215, 186, 132, 255, 215, 186, 132, 255, 215, 186, 132, 255, 215, 186, 132, 255, 215, 186, 132, 255, 215, 186, 132, 255, 215, 186, 132, 255, 215, 186, 132, 255, 215, 186, 132, 255, 215, 186, 132, 255, 215, 186, 132, 255, 215, 186, 132, 255, 215, 186, 132, 255, 215, 186, 132, 255, 215, 186, 132, 255, 215, 186, 132, 255, 213, 184, 130, 223, 181, 143, 114, 210, 166, 126, 108, 255, 166, 126, 108, 255, 166, 126, 108, 255, 166, 126, 108, 255, 166, 126, 108, 255, 166, 126, 108, 255, 166, 126, 108, 255, 166, 126, 108, 255, 166, 126, 107, 117, 0, 0, 0, 0, 0, 0, 0, 0, 0, 0, 0, 0, 0, 0, 0, 0, 0, 0, 0, 0, 0, 0, 0, 0, 0, 0, 0, 0, 0, 0, 0, 0, 0, 0, 0, 0, 0, 0, 0, 0, 0, 0, 0, 0, 0, 0, 0, 0, 0, 0, 0, 0, 0, 0, 0, 0, 0, 0, 0, 0, 0, 0, 0, 0, 0, 0, 0, 0, 0, 0, 0, 0, 0, 0, 0, 0, 0, 0, 0, 0, 0, 0, 0, 0, 0, 0, 0, 0, 0, 0, 0, 0, 0, 0, 0, 0, 0, 0, 0, 0, 0, 0, 0, 0, 0, 0, 0, 0, 0, 0, 0, 0, 0, 0, 0, 0, 0, 0, 0, 0, 168, 125, 108, 47, 166, 126, 108, 255, 166, 126, 108, 255, 166, 126, 108, 255, 166, 126, 108, 255, 166, 126, 108, 255, 166, 126, 108, 255, 212, 188, 145, 211, 215, 192, 149, 255, 215, 192, 149, 255, 215, 192, 149, 255, 215, 192, 149, 255, 215, 192, 149, 255, 215, 192, 149, 255, 166, 81, 27, 195, 156, 55, 0, 255, 156, 55, 0, 255, 156, 55, 0, 255, 156, 55, 0, 255, 157, 55, 0, 255, 157, 55, 0, 255, 157, 55, 0, 255, 159, 57, 0, 202, 176, 70, 0, 255, 177, 71, 0, 255, 177, 71, 0, 255, 177, 71, 0, 255, 177, 71, 0, 255, 177, 71, 0, 255, 177, 71, 0, 255, 177, 71, 0, 255, 161, 55, 0, 227, 160, 55, 0, 255, 160, 55, 0, 255, 161, 55, 0, 255, 161, 55, 0, 255, 161, 55, 0, 255, 161, 55, 0, 255, 162, 55, 0, 255, 162, 55, 0, 255, 162, 55, 0, 255, 162, 55, 0, 255, 163, 55, 0, 255, 123, 72, 43, 201, 98, 84, 72, 255, 157, 58, 7, 202, 163, 55, 0, 255, 164, 55, 0, 255, 164, 55, 0, 255, 164, 55, 0, 255, 164, 55, 0, 255, 164, 55, 0, 255, 165, 55, 0, 255, 165, 55, 0, 255, 165, 55, 0, 255, 165, 55, 0, 255, 165, 55, 0, 255, 166, 55, 0, 255, 166, 55, 0, 255, 166, 55, 0, 255, 166, 55, 0, 255, 166, 55, 0, 255, 166, 55, 0, 255, 166, 55, 0, 255, 167, 55, 0, 255, 167, 55, 0, 255, 167, 55, 0, 255, 167, 55, 0, 255, 167, 55, 0, 255, 167, 55, 0, 255, 167, 55, 0, 255, 167, 55, 0, 255, 167, 55, 0, 255, 167, 55, 0, 255, 168, 55, 0, 255, 168, 55, 0, 255, 168, 55, 0, 255, 168, 55, 0, 255, 168, 55, 0, 255, 168, 55, 0, 255, 168, 55, 0, 255, 168, 55, 0, 255, 168, 55, 0, 255, 168, 55, 0, 255, 168, 55, 0, 255, 168, 55, 0, 255, 168, 55, 0, 255, 168, 55, 0, 255, 168, 55, 0, 255, 168, 55, 0, 255, 168, 55, 0, 255, 168, 55, 0, 255, 168, 55, 0, 255, 167, 55, 0, 255, 167, 55, 0, 255, 167, 55, 0, 255, 167, 55, 0, 255, 167, 55, 0, 255, 167, 55, 0, 255, 167, 55, 0, 255, 167, 55, 0, 255, 167, 55, 0, 255, 167, 55, 0, 255, 166, 55, 0, 255, 166, 55, 0, 255, 166, 55, 0, 255, 166, 55, 0, 255, 166, 55, 0, 255, 166, 55, 0, 255, 165, 55, 0, 255, 165, 55, 0, 255, 165, 55, 0, 255, 165, 55, 0, 255, 165, 55, 0, 255, 165, 55, 0, 255, 164, 55, 0, 255, 164, 55, 0, 255, 164, 55, 0, 255, 164, 55, 0, 255, 164, 55, 0, 255, 163, 55, 0, 255, 163, 55, 0, 255, 163, 55, 0, 255, 163, 55, 0, 255, 162, 55, 0, 255, 162, 55, 0, 255, 162, 55, 0, 255, 162, 61, 10, 203, 165, 125, 107, 255, 166, 126, 108, 255, 166, 126, 108, 255, 166, 126, 108, 255, 166, 126, 108, 255, 166, 126, 108, 255, 166, 126, 108, 255, 185, 151, 116, 200, 214, 184, 131, 229, 215, 186, 132, 255, 215, 186, 132, 255, 215, 186, 132, 255, 215, 186, 132, 255, 215, 186, 132, 255, 215, 186, 132, 255, 215, 186, 132, 255, 215, 186, 132, 255, 215, 186, 132, 255, 215, 186, 132, 255, 215, 186, 132, 255, 215, 186, 132, 255, 215, 185, 132, 252, 201, 168, 124, 192, 168, 128, 109, 248, 166, 126, 108, 255, 166, 126, 108, 255, 166, 126, 108, 255, 166, 126, 108, 255, 166, 126, 108, 255, 166, 126, 108, 255, 166, 126, 108, 255, 166, 126, 108, 255, 166, 126, 107, 209, 153, 102, 102, 5, 0, 0, 0, 0, 0, 0, 0, 0, 0, 0, 0, 0, 0, 0, 0, 0, 0, 0, 0, 0, 0, 0, 0, 0, 0, 0, 0, 0, 0, 0, 0, 0, 0, 0, 0, 0, 0, 0, 0, 0, 0, 0, 0, 0, 0, 0, 0, 0, 0, 0, 0, 0, 0, 0, 0, 0, 0, 0, 0, 0, 0, 0, 0, 0, 0, 0, 0, 0, 0, 0, 0, 0, 0, 0, 0, 0, 0, 0, 0, 0, 0, 0, 0, 0, 0, 0, 0, 0, 0, 0, 0, 0, 0, 0, 0, 0, 0, 0, 0, 0, 0, 0, 0, 0, 0, 0, 0, 0, 0, 0, 0, 0, 0, 0, 0, 0, 0, 0, 0, 0, 0, 0, 0, 0, 166, 125, 108, 194, 166, 126, 108, 255, 166, 126, 108, 255, 166, 126, 108, 255, 166, 126, 108, 255, 166, 126, 108, 255, 182, 146, 120, 208, 215, 192, 149, 255, 215, 192, 149, 255, 215, 192, 149, 255, 215, 192, 149, 255, 215, 192, 149, 255, 215, 192, 149, 255, 192, 140, 92, 202, 155, 55, 0, 255, 155, 55, 0, 255, 156, 55, 0, 255, 156, 55, 0, 255, 156, 55, 0, 255, 157, 55, 0, 255, 157, 54, 0, 238, 174, 69, 0, 233, 177, 71, 0, 255, 177, 71, 0, 255, 177, 71, 0, 255, 177, 71, 0, 255, 177, 71, 0, 255, 177, 71, 0, 255, 177, 71, 0, 255, 177, 71, 0, 255, 161, 55, 0, 240, 160, 55, 0, 255, 160, 55, 0, 255, 160, 55, 0, 255, 161, 55, 0, 255, 161, 55, 0, 255, 161, 55, 0, 255, 161, 55, 0, 255, 162, 55, 0, 255, 162, 55, 0, 255, 162, 55, 0, 255, 162, 54, 0, 248, 101, 81, 67, 245, 98, 82, 69, 251, 163, 54, 0, 244, 163, 55, 0, 255, 163, 55, 0, 255, 163, 55, 0, 255, 164, 55, 0, 255, 164, 55, 0, 255, 164, 55, 0, 255, 164, 55, 0, 255, 164, 55, 0, 255, 165, 55, 0, 255, 165, 55, 0, 255, 165, 55, 0, 255, 165, 55, 0, 255, 165, 55, 0, 255, 165, 55, 0, 255, 166, 55, 0, 255, 166, 55, 0, 255, 166, 55, 0, 255, 166, 55, 0, 255, 166, 55, 0, 255, 166, 55, 0, 255, 166, 55, 0, 255, 166, 55, 0, 255, 167, 55, 0, 255, 167, 55, 0, 255, 167, 55, 0, 255, 167, 55, 0, 255, 167, 55, 0, 255, 167, 55, 0, 255, 167, 55, 0, 255, 167, 55, 0, 255, 167, 55, 0, 255, 167, 55, 0, 255, 167, 55, 0, 255, 167, 55, 0, 255, 167, 55, 0, 255, 167, 55, 0, 255, 167, 55, 0, 255, 167, 55, 0, 255, 167, 55, 0, 255, 167, 55, 0, 255, 167, 55, 0, 255, 167, 55, 0, 255, 167, 55, 0, 255, 167, 55, 0, 255, 167, 55, 0, 255, 167, 55, 0, 255, 167, 55, 0, 255, 167, 55, 0, 255, 167, 55, 0, 255, 167, 55, 0, 255, 167, 55, 0, 255, 167, 55, 0, 255, 167, 55, 0, 255, 166, 55, 0, 255, 166, 55, 0, 255, 166, 55, 0, 255, 166, 55, 0, 255, 166, 55, 0, 255, 166, 55, 0, 255, 166, 55, 0, 255, 166, 55, 0, 255, 165, 55, 0, 255, 165, 55, 0, 255, 165, 55, 0, 255, 165, 55, 0, 255, 165, 55, 0, 255, 165, 55, 0, 255, 164, 55, 0, 255, 164, 55, 0, 255, 164, 55, 0, 255, 164, 55, 0, 255, 164, 55, 0, 255, 163, 55, 0, 255, 163, 55, 0, 255, 163, 55, 0, 255, 163, 55, 0, 255, 163, 55, 0, 255, 162, 55, 0, 255, 162, 55, 0, 255, 162, 55, 0, 255, 162, 55, 0, 255, 162, 55, 0, 255, 162, 80, 38, 192, 166, 126, 108, 255, 166, 126, 108, 255, 166, 126, 108, 255, 166, 126, 108, 255, 166, 126, 108, 255, 166, 126, 108, 255, 166, 126, 108, 255, 169, 128, 109, 246, 194, 160, 122, 193, 211, 182, 131, 209, 215, 186, 132, 254, 215, 186, 132, 255, 215, 186, 132, 255, 215, 186, 132, 255, 215, 186, 132, 255, 215, 186, 132, 255, 215, 186, 132, 255, 215, 186, 132, 255, 215, 186, 132, 255, 213, 182, 129, 217, 178, 139, 113, 215, 166, 126, 108, 255, 166, 126, 108, 255, 166, 126, 108, 255, 166, 126, 108, 255, 166, 126, 108, 255, 166, 126, 108, 255, 166, 126, 108, 255, 166, 126, 108, 255, 166, 126, 108, 255, 166, 125, 107, 242, 168, 128, 107, 38, 0, 0, 0, 0, 0, 0, 0, 0, 0, 0, 0, 0, 0, 0, 0, 0, 0, 0, 0, 0, 0, 0, 0, 0, 0, 0, 0, 0, 0, 0, 0, 0, 0, 0, 0, 0, 0, 0, 0, 0, 0, 0, 0, 0, 0, 0, 0, 0, 0, 0, 0, 0, 0, 0, 0, 0, 0, 0, 0, 0, 0, 0, 0, 0, 0, 0, 0, 0, 0, 0, 0, 0, 0, 0, 0, 0, 0, 0, 0, 0, 0, 0, 0, 0, 0, 0, 0, 0, 0, 0, 0, 0, 0, 0, 0, 0, 0, 0, 0, 0, 0, 0, 0, 0, 0, 0, 0, 0, 0, 0, 0, 0, 0, 0, 0, 0, 0, 0, 0, 0, 0, 0, 0, 0, 0, 0, 0, 0, 166, 125, 107, 86, 166, 126, 108, 255, 166, 126, 108, 255, 166, 126, 108, 255, 166, 126, 108, 255, 166, 126, 108, 255, 166, 126, 108, 255, 211, 186, 145, 206, 215, 192, 149, 255, 215, 192, 149, 255, 215, 192, 149, 255, 215, 192, 149, 255, 215, 192, 149, 255, 212, 188, 145, 250, 156, 55, 0, 241, 155, 55, 0, 255, 155, 55, 0, 255, 156, 55, 0, 255, 156, 55, 0, 255, 156, 55, 0, 255, 167, 63, 0, 197, 177, 71, 0, 255, 177, 71, 0, 255, 177, 71, 0, 255, 177, 71, 0, 255, 177, 71, 0, 255, 177, 71, 0, 255, 177, 71, 0, 255, 177, 71, 0, 255, 176, 69, 0, 254, 159, 55, 0, 255, 159, 55, 0, 255, 160, 55, 0, 255, 160, 55, 0, 255, 160, 55, 0, 255, 160, 55, 0, 255, 161, 55, 0, 255, 161, 55, 0, 255, 161, 55, 0, 255, 161, 55, 0, 255, 162, 55, 0, 255, 156, 57, 4, 206, 98, 84, 72, 255, 114, 75, 52, 213, 162, 55, 0, 255, 163, 55, 0, 255, 163, 55, 0, 255, 163, 55, 0, 255, 163, 55, 0, 255, 163, 55, 0, 255, 164, 55, 0, 255, 164, 55, 0, 255, 164, 55, 0, 255, 164, 55, 0, 255, 164, 55, 0, 255, 165, 55, 0, 255, 165, 55, 0, 255, 165, 55, 0, 255, 165, 55, 0, 255, 165, 55, 0, 255, 165, 55, 0, 255, 165, 55, 0, 255, 166, 55, 0, 255, 166, 55, 0, 255, 166, 55, 0, 255, 166, 55, 0, 255, 166, 55, 0, 255, 166, 55, 0, 255, 166, 55, 0, 255, 166, 55, 0, 255, 166, 55, 0, 255, 166, 55, 0, 255, 167, 55, 0, 255, 167, 55, 0, 255, 167, 55, 0, 255, 167, 55, 0, 255, 167, 55, 0, 255, 167, 55, 0, 255, 167, 55, 0, 255, 167, 55, 0, 255, 167, 55, 0, 255, 167, 55, 0, 255, 167, 55, 0, 255, 167, 55, 0, 255, 167, 55, 0, 255, 167, 55, 0, 255, 167, 55, 0, 255, 167, 55, 0, 255, 167, 55, 0, 255, 167, 55, 0, 255, 167, 55, 0, 255, 167, 55, 0, 255, 167, 55, 0, 255, 167, 55, 0, 255, 166, 55, 0, 255, 166, 55, 0, 255, 166, 55, 0, 255, 166, 55, 0, 255, 166, 55, 0, 255, 166, 55, 0, 255, 166, 55, 0, 255, 166, 55, 0, 255, 166, 55, 0, 255, 166, 55, 0, 255, 165, 55, 0, 255, 165, 55, 0, 255, 165, 55, 0, 255, 165, 55, 0, 255, 165, 55, 0, 255, 165, 55, 0, 255, 164, 55, 0, 255, 164, 55, 0, 255, 164, 55, 0, 255, 164, 55, 0, 255, 164, 55, 0, 255, 164, 55, 0, 255, 163, 55, 0, 255, 163, 55, 0, 255, 163, 55, 0, 255, 163, 55, 0, 255, 163, 55, 0, 255, 162, 55, 0, 255, 162, 55, 0, 255, 162, 55, 0, 255, 162, 55, 0, 255, 161, 55, 0, 255, 161, 55, 0, 255, 160, 54, 0, 253, 163, 97, 64, 200, 166, 126, 108, 255, 166, 126, 108, 255, 166, 126, 108, 255, 166, 126, 108, 255, 166, 126, 108, 255, 166, 126, 108, 255, 166, 126, 108, 255, 166, 126, 108, 255, 166, 126, 108, 255, 171, 132, 109, 233, 192, 159, 120, 194, 210, 180, 129, 204, 213, 184, 130, 223, 215, 186, 132, 246, 215, 186, 132, 255, 215, 186, 132, 255, 215, 185, 132, 248, 198, 164, 122, 192, 167, 126, 107, 252, 166, 126, 108, 255, 166, 126, 108, 255, 166, 126, 108, 255, 166, 126, 108, 255, 166, 126, 108, 255, 166, 126, 108, 255, 166, 126, 108, 255, 166, 126, 108, 255, 166, 126, 108, 255, 166, 126, 108, 255, 165, 124, 109, 82, 0, 0, 0, 0, 0, 0, 0, 0, 0, 0, 0, 0, 0, 0, 0, 0, 0, 0, 0, 0, 0, 0, 0, 0, 0, 0, 0, 0, 0, 0, 0, 0, 0, 0, 0, 0, 0, 0, 0, 0, 0, 0, 0, 0, 0, 0, 0, 0, 0, 0, 0, 0, 0, 0, 0, 0, 0, 0, 0, 0, 0, 0, 0, 0, 0, 0, 0, 0, 0, 0, 0, 0, 0, 0, 0, 0, 0, 0, 0, 0, 0, 0, 0, 0, 0, 0, 0, 0, 0, 0, 0, 0, 0, 0, 0, 0, 0, 0, 0, 0, 0, 0, 0, 0, 0, 0, 0, 0, 0, 0, 0, 0, 0, 0, 0, 0, 0, 0, 0, 0, 0, 0, 0, 0, 0, 0, 0, 0, 0, 0, 0, 0, 153, 102, 102, 5, 166, 126, 108, 229, 166, 126, 108, 255, 166, 126, 108, 255, 166, 126, 108, 255, 166, 126, 108, 255, 166, 126, 108, 255, 177, 143, 118, 213, 215, 192, 149, 255, 215, 192, 149, 255, 215, 192, 149, 255, 215, 192, 149, 255, 215, 192, 149, 255, 201, 161, 114, 216, 155, 55, 1, 234, 155, 55, 0, 255, 155, 55, 0, 255, 155, 55, 0, 255, 156, 55, 0, 255, 157, 55, 0, 215, 175, 69, 0, 246, 177, 71, 0, 255, 177, 71, 0, 255, 177, 71, 0, 255, 177, 71, 0, 255, 177, 71, 0, 255, 177, 71, 0, 255, 177, 71, 0, 255, 177, 71, 0, 255, 176, 69, 0, 240, 159, 55, 0, 255, 159, 55, 0, 255, 159, 55, 0, 255, 160, 55, 0, 255, 160, 55, 0, 255, 160, 55, 0, 255, 160, 55, 0, 255, 161, 55, 0, 255, 161, 55, 0, 255, 161, 55, 0, 255, 161, 55, 0, 255, 140, 64, 24, 192, 98, 84, 72, 255, 131, 68, 32, 194, 162, 55, 0, 255, 162, 55, 0, 255, 162, 55, 0, 255, 163, 55, 0, 255, 163, 55, 0, 255, 163, 55, 0, 255, 163, 55, 0, 255, 163, 55, 0, 255, 164, 55, 0, 255, 164, 55, 0, 255, 164, 55, 0, 255, 164, 55, 0, 255, 164, 55, 0, 255, 164, 55, 0, 255, 165, 55, 0, 255, 165, 55, 0, 255, 165, 55, 0, 255, 165, 55, 0, 255, 165, 55, 0, 255, 165, 55, 0, 255, 165, 55, 0, 255, 166, 55, 0, 255, 166, 55, 0, 255, 166, 55, 0, 255, 166, 55, 0, 255, 166, 55, 0, 255, 166, 55, 0, 255, 166, 55, 0, 255, 166, 55, 0, 255, 166, 55, 0, 255, 166, 55, 0, 255, 166, 55, 0, 255, 166, 55, 0, 255, 166, 55, 0, 255, 166, 55, 0, 255, 166, 55, 0, 255, 166, 55, 0, 255, 166, 55, 0, 255, 166, 55, 0, 255, 166, 55, 0, 255, 166, 55, 0, 255, 166, 55, 0, 255, 166, 55, 0, 255, 166, 55, 0, 255, 166, 55, 0, 255, 166, 55, 0, 255, 166, 55, 0, 255, 166, 55, 0, 255, 166, 55, 0, 255, 166, 55, 0, 255, 166, 55, 0, 255, 166, 55, 0, 255, 166, 55, 0, 255, 166, 55, 0, 255, 166, 55, 0, 255, 166, 55, 0, 255, 165, 55, 0, 255, 165, 55, 0, 255, 165, 55, 0, 255, 165, 55, 0, 255, 165, 55, 0, 255, 165, 55, 0, 255, 165, 55, 0, 255, 165, 55, 0, 255, 164, 55, 0, 255, 164, 55, 0, 255, 164, 55, 0, 255, 164, 55, 0, 255, 164, 55, 0, 255, 164, 55, 0, 255, 163, 55, 0, 255, 163, 55, 0, 255, 163, 55, 0, 255, 163, 55, 0, 255, 163, 55, 0, 255, 162, 55, 0, 255, 162, 55, 0, 255, 162, 55, 0, 255, 162, 55, 0, 255, 162, 55, 0, 255, 161, 55, 0, 255, 161, 55, 0, 255, 161, 55, 0, 255, 161, 55, 0, 255, 161, 55, 0, 246, 164, 106, 76, 210, 166, 126, 108, 255, 166, 126, 108, 255, 166, 126, 108, 255, 166, 126, 108, 255, 166, 126, 108, 255, 166, 126, 108, 255, 166, 126, 108, 255, 166, 126, 108, 255, 166, 126, 108, 255, 166, 126, 108, 255, 166, 126, 108, 255, 166, 126, 108, 255, 166, 126, 108, 255, 169, 129, 108, 239, 176, 138, 113, 218, 172, 134, 112, 228, 166, 126, 108, 255, 166, 126, 108, 255, 166, 126, 108, 255, 166, 126, 108, 255, 166, 126, 108, 255, 166, 126, 108, 255, 166, 126, 108, 255, 166, 126, 108, 255, 166, 126, 108, 255, 166, 126, 108, 255, 166, 126, 108, 255, 165, 125, 108, 139, 0, 0, 0, 0, 0, 0, 0, 0, 0, 0, 0, 0, 0, 0, 0, 0, 0, 0, 0, 0, 0, 0, 0, 0, 0, 0, 0, 0, 0, 0, 0, 0, 0, 0, 0, 0, 0, 0, 0, 0, 0, 0, 0, 0, 0, 0, 0, 0, 0, 0, 0, 0, 0, 0, 0, 0, 0, 0, 0, 0, 0, 0, 0, 0, 0, 0, 0, 0, 0, 0, 0, 0, 0, 0, 0, 0, 0, 0, 0, 0, 0, 0, 0, 0, 0, 0, 0, 0, 0, 0, 0, 0, 0, 0, 0, 0, 0, 0, 0, 0, 0, 0, 0, 0, 0, 0, 0, 0, 0, 0, 0, 0, 0, 0, 0, 0, 0, 0, 0, 0, 0, 0, 0, 0, 0, 0, 0, 0, 0, 0, 0, 0, 0, 0, 0, 0, 0, 0, 0, 0, 165, 126, 108, 125, 166, 126, 108, 255, 166, 126, 108, 255, 166, 126, 108, 255, 166, 126, 108, 255, 166, 126, 108, 255, 166, 126, 108, 255, 210, 185, 143, 202, 215, 192, 149, 255, 215, 192, 149, 255, 214, 191, 148, 255, 180, 114, 63, 193, 153, 54, 0, 248, 154, 55, 0, 255, 155, 55, 0, 255, 155, 55, 0, 255, 155, 55, 0, 255, 155, 55, 0, 255, 156, 55, 0, 255, 155, 54, 0, 248, 157, 55, 0, 206, 164, 60, 0, 192, 172, 66, 0, 218, 176, 70, 0, 255, 177, 71, 0, 255, 177, 71, 0, 255, 177, 71, 0, 255, 177, 71, 0, 255, 174, 68, 0, 227, 159, 55, 0, 255, 159, 55, 0, 255, 159, 55, 0, 255, 159, 55, 0, 255, 159, 55, 0, 255, 160, 55, 0, 255, 160, 55, 0, 255, 160, 55, 0, 255, 160, 55, 0, 255, 161, 55, 0, 255, 161, 55, 0, 255, 118, 74, 47, 206, 98, 84, 72, 255, 147, 60, 14, 194, 162, 55, 0, 255, 162, 55, 0, 255, 162, 55, 0, 255, 162, 55, 0, 255, 162, 55, 0, 255, 163, 55, 0, 255, 163, 55, 0, 255, 163, 55, 0, 255, 163, 55, 0, 255, 163, 55, 0, 255, 164, 55, 0, 255, 164, 55, 0, 255, 164, 55, 0, 255, 164, 55, 0, 255, 164, 55, 0, 255, 164, 55, 0, 255, 164, 55, 0, 255, 165, 55, 0, 255, 165, 55, 0, 255, 165, 55, 0, 255, 165, 55, 0, 255, 165, 55, 0, 255, 165, 55, 0, 255, 165, 55, 0, 255, 165, 55, 0, 255, 165, 55, 0, 255, 166, 55, 0, 255, 166, 55, 0, 255, 166, 55, 0, 255, 166, 55, 0, 255, 166, 55, 0, 255, 166, 55, 0, 255, 166, 55, 0, 255, 166, 55, 0, 255, 166, 55, 0, 255, 166, 55, 0, 255, 166, 55, 0, 255, 166, 55, 0, 255, 166, 55, 0, 255, 166, 55, 0, 255, 166, 55, 0, 255, 166, 55, 0, 255, 166, 55, 0, 255, 166, 55, 0, 255, 166, 55, 0, 255, 166, 55, 0, 255, 166, 55, 0, 255, 166, 55, 0, 255, 166, 55, 0, 255, 166, 55, 0, 255, 166, 55, 0, 255, 166, 55, 0, 255, 165, 55, 0, 255, 165, 55, 0, 255, 165, 55, 0, 255, 165, 55, 0, 255, 165, 55, 0, 255, 165, 55, 0, 255, 165, 55, 0, 255, 165, 55, 0, 255, 165, 55, 0, 255, 164, 55, 0, 255, 164, 55, 0, 255, 164, 55, 0, 255, 164, 55, 0, 255, 164, 55, 0, 255, 164, 55, 0, 255, 164, 55, 0, 255, 163, 55, 0, 255, 163, 55, 0, 255, 163, 55, 0, 255, 163, 55, 0, 255, 163, 55, 0, 255, 162, 55, 0, 255, 162, 55, 0, 255, 162, 55, 0, 255, 162, 55, 0, 255, 162, 55, 0, 255, 162, 55, 0, 255, 161, 55, 0, 255, 161, 55, 0, 255, 161, 55, 0, 255, 161, 55, 0, 255, 160, 55, 0, 255, 160, 55, 0, 255, 160, 54, 0, 238, 164, 111, 87, 222, 166, 126, 108, 255, 166, 126, 108, 255, 166, 126, 108, 255, 166, 126, 108, 255, 166, 126, 108, 255, 166, 126, 108, 255, 166, 126, 108, 255, 166, 126, 108, 255, 166, 126, 108, 255, 166, 126, 108, 255, 166, 126, 108, 255, 166, 126, 108, 255, 166, 126, 108, 255, 166, 126, 108, 255, 166, 126, 108, 255, 166, 126, 108, 255, 166, 126, 108, 255, 166, 126, 108, 255, 166, 126, 108, 255, 166, 126, 108, 255, 166, 126, 108, 255, 166, 126, 108, 255, 166, 126, 108, 255, 166, 126, 108, 255, 166, 126, 108, 255, 166, 125, 108, 194, 153, 102, 102, 5, 0, 0, 0, 0, 0, 0, 0, 0, 0, 0, 0, 0, 0, 0, 0, 0, 0, 0, 0, 0, 0, 0, 0, 0, 0, 0, 0, 0, 0, 0, 0, 0, 0, 0, 0, 0, 0, 0, 0, 0, 0, 0, 0, 0, 0, 0, 0, 0, 0, 0, 0, 0, 0, 0, 0, 0, 0, 0, 0, 0, 0, 0, 0, 0, 0, 0, 0, 0, 0, 0, 0, 0, 0, 0, 0, 0, 0, 0, 0, 0, 0, 0, 0, 0, 0, 0, 0, 0, 0, 0, 0, 0, 0, 0, 0, 0, 0, 0, 0, 0, 0, 0, 0, 0, 0, 0, 0, 0, 0, 0, 0, 0, 0, 0, 0, 0, 0, 0, 0, 0, 0, 0, 0, 0, 0, 0, 0, 0, 0, 0, 0, 0, 0, 0, 0, 0, 0, 0, 0, 0, 166, 122, 111, 23, 166, 126, 107, 249, 166, 126, 108, 255, 166, 126, 108, 255, 166, 126, 108, 255, 166, 126, 108, 255, 166, 126, 108, 255, 177, 140, 116, 218, 215, 192, 149, 255, 214, 190, 147, 254, 163, 76, 22, 197, 153, 55, 0, 255, 154, 55, 0, 255, 154, 55, 0, 255, 154, 55, 0, 255, 155, 55, 0, 255, 155, 55, 0, 255, 155, 55, 0, 255, 155, 55, 0, 255, 156, 55, 0, 255, 156, 55, 0, 255, 156, 55, 0, 255, 156, 55, 0, 255, 157, 55, 0, 231, 161, 57, 0, 195, 168, 63, 0, 197, 175, 69, 0, 239, 177, 71, 0, 255, 173, 66, 0, 216, 158, 55, 0, 255, 158, 55, 0, 255, 159, 55, 0, 255, 159, 55, 0, 255, 159, 55, 0, 255, 159, 55, 0, 255, 160, 55, 0, 255, 160, 55, 0, 255, 160, 55, 0, 255, 160, 55, 0, 255, 160, 54, 0, 252, 100, 81, 67, 244, 98, 84, 72, 255, 156, 56, 3, 212, 161, 55, 0, 255, 162, 55, 0, 255, 162, 55, 0, 255, 162, 55, 0, 255, 162, 55, 0, 255, 162, 55, 0, 255, 162, 55, 0, 255, 163, 55, 0, 255, 163, 55, 0, 255, 163, 55, 0, 255, 163, 55, 0, 255, 163, 55, 0, 255, 163, 55, 0, 255, 164, 55, 0, 255, 164, 55, 0, 255, 164, 55, 0, 255, 164, 55, 0, 255, 164, 55, 0, 255, 164, 55, 0, 255, 164, 55, 0, 255, 165, 55, 0, 255, 165, 55, 0, 255, 165, 55, 0, 255, 165, 55, 0, 255, 165, 55, 0, 255, 165, 55, 0, 255, 165, 55, 0, 255, 165, 55, 0, 255, 165, 55, 0, 255, 165, 55, 0, 255, 165, 55, 0, 255, 165, 55, 0, 255, 165, 55, 0, 255, 166, 55, 0, 255, 166, 55, 0, 255, 166, 55, 0, 255, 166, 55, 0, 255, 166, 55, 0, 255, 166, 55, 0, 255, 166, 55, 0, 255, 166, 55, 0, 255, 166, 55, 0, 255, 166, 55, 0, 255, 166, 55, 0, 255, 166, 55, 0, 255, 166, 55, 0, 255, 165, 55, 0, 255, 165, 55, 0, 255, 165, 55, 0, 255, 165, 55, 0, 255, 165, 55, 0, 255, 165, 55, 0, 255, 165, 55, 0, 255, 165, 55, 0, 255, 165, 55, 0, 255, 165, 55, 0, 255, 165, 55, 0, 255, 165, 55, 0, 255, 164, 55, 0, 255, 164, 55, 0, 255, 164, 55, 0, 255, 164, 55, 0, 255, 164, 55, 0, 255, 164, 55, 0, 255, 164, 55, 0, 255, 164, 55, 0, 255, 163, 55, 0, 255, 163, 55, 0, 255, 163, 55, 0, 255, 163, 55, 0, 255, 163, 55, 0, 255, 162, 55, 0, 255, 162, 55, 0, 255, 162, 55, 0, 255, 162, 55, 0, 255, 162, 55, 0, 255, 162, 55, 0, 255, 161, 55, 0, 255, 161, 55, 0, 255, 161, 55, 0, 255, 161, 55, 0, 255, 161, 55, 0, 255, 160, 55, 0, 255, 160, 55, 0, 255, 160, 55, 0, 255, 160, 55, 0, 255, 159, 54, 0, 233, 164, 111, 85, 218, 166, 126, 108, 255, 166, 126, 108, 255, 166, 126, 108, 255, 166, 126, 108, 255, 166, 126, 108, 255, 166, 126, 108, 255, 166, 126, 108, 255, 166, 126, 108, 255, 166, 126, 108, 255, 166, 126, 108, 255, 166, 126, 108, 255, 166, 126, 108, 255, 166, 126, 108, 255, 166, 126, 108, 255, 166, 126, 108, 255, 166, 126, 108, 255, 166, 126, 108, 255, 166, 126, 108, 255, 166, 126, 108, 255, 166, 126, 108, 255, 166, 126, 108, 255, 166, 126, 108, 255, 166, 126, 108, 255, 166, 125, 108, 232, 163, 122, 102, 25, 0, 0, 0, 0, 0, 0, 0, 0, 0, 0, 0, 0, 0, 0, 0, 0, 0, 0, 0, 0, 0, 0, 0, 0, 0, 0, 0, 0, 0, 0, 0, 0, 0, 0, 0, 0, 0, 0, 0, 0, 0, 0, 0, 0, 0, 0, 0, 0, 0, 0, 0, 0, 0, 0, 0, 0, 0, 0, 0, 0, 0, 0, 0, 0, 0, 0, 0, 0, 0, 0, 0, 0, 0, 0, 0, 0, 0, 0, 0, 0, 0, 0, 0, 0, 0, 0, 0, 0, 0, 0, 0, 0, 0, 0, 0, 0, 0, 0, 0, 0, 0, 0, 0, 0, 0, 0, 0, 0, 0, 0, 0, 0, 0, 0, 0, 0, 0, 0, 0, 0, 0, 0, 0, 0, 0, 0, 0, 0, 0, 0, 0, 0, 0, 0, 0, 0, 0, 0, 0, 0, 0, 0, 0, 0, 0, 0, 0, 0, 166, 125, 107, 155, 166, 126, 108, 255, 166, 126, 108, 255, 166, 126, 108, 255, 166, 126, 108, 255, 166, 126, 108, 255, 166, 126, 108, 255, 208, 182, 142, 198, 169, 92, 40, 192, 153, 55, 0, 255, 153, 55, 0, 255, 153, 55, 0, 255, 154, 55, 0, 255, 154, 55, 0, 255, 154, 55, 0, 255, 154, 55, 0, 255, 155, 55, 0, 255, 155, 55, 0, 255, 155, 55, 0, 255, 156, 55, 0, 255, 156, 55, 0, 255, 156, 55, 0, 255, 156, 55, 0, 255, 157, 55, 0, 255, 157, 55, 0, 255, 156, 54, 0, 253, 158, 55, 0, 212, 161, 57, 0, 196, 158, 55, 0, 255, 158, 55, 0, 255, 158, 55, 0, 255, 159, 55, 0, 255, 159, 55, 0, 255, 159, 55, 0, 255, 159, 55, 0, 255, 159, 55, 0, 255, 160, 55, 0, 255, 160, 55, 0, 255, 157, 55, 2, 215, 98, 84, 72, 255, 97, 82, 70, 254, 160, 54, 0, 245, 161, 55, 0, 255, 161, 55, 0, 255, 161, 55, 0, 255, 162, 55, 0, 255, 162, 55, 0, 255, 162, 55, 0, 255, 162, 55, 0, 255, 162, 55, 0, 255, 162, 55, 0, 255, 163, 55, 0, 255, 163, 55, 0, 255, 163, 55, 0, 255, 163, 55, 0, 255, 163, 55, 0, 255, 163, 55, 0, 255, 163, 55, 0, 255, 164, 55, 0, 255, 164, 55, 0, 255, 164, 55, 0, 255, 164, 55, 0, 255, 164, 55, 0, 255, 164, 55, 0, 255, 164, 55, 0, 255, 164, 55, 0, 255, 164, 55, 0, 255, 165, 55, 0, 255, 165, 55, 0, 255, 165, 55, 0, 255, 165, 55, 0, 255, 165, 55, 0, 255, 165, 55, 0, 255, 165, 55, 0, 255, 165, 55, 0, 255, 165, 55, 0, 255, 165, 55, 0, 255, 165, 55, 0, 255, 165, 55, 0, 255, 165, 55, 0, 255, 165, 55, 0, 255, 165, 55, 0, 255, 165, 55, 0, 255, 165, 55, 0, 255, 165, 55, 0, 255, 165, 55, 0, 255, 165, 55, 0, 255, 165, 55, 0, 255, 165, 55, 0, 255, 165, 55, 0, 255, 165, 55, 0, 255, 165, 55, 0, 255, 165, 55, 0, 255, 165, 55, 0, 255, 165, 55, 0, 255, 165, 55, 0, 255, 164, 55, 0, 255, 164, 55, 0, 255, 164, 55, 0, 255, 164, 55, 0, 255, 164, 55, 0, 255, 164, 55, 0, 255, 164, 55, 0, 255, 164, 55, 0, 255, 164, 55, 0, 255, 163, 55, 0, 255, 163, 55, 0, 255, 163, 55, 0, 255, 163, 55, 0, 255, 163, 55, 0, 255, 163, 55, 0, 255, 162, 55, 0, 255, 162, 55, 0, 255, 162, 55, 0, 255, 162, 55, 0, 255, 162, 55, 0, 255, 162, 55, 0, 255, 161, 55, 0, 255, 161, 55, 0, 255, 161, 55, 0, 255, 161, 55, 0, 255, 161, 55, 0, 255, 160, 55, 0, 255, 160, 55, 0, 255, 160, 55, 0, 255, 160, 55, 0, 255, 160, 55, 0, 255, 159, 55, 0, 255, 159, 55, 0, 255, 159, 54, 0, 239, 163, 106, 77, 211, 166, 126, 108, 255, 166, 126, 108, 255, 166, 126, 108, 255, 166, 126, 108, 255, 166, 126, 108, 255, 166, 126, 108, 255, 166, 126, 108, 255, 166, 126, 108, 255, 166, 126, 108, 255, 166, 126, 108, 255, 166, 126, 108, 255, 166, 126, 108, 255, 166, 126, 108, 255, 166, 126, 108, 255, 166, 126, 108, 255, 166, 126, 108, 255, 166, 126, 108, 255, 166, 126, 108, 255, 166, 126, 108, 255, 166, 126, 108, 255, 166, 126, 108, 255, 165, 125, 108, 244, 167, 128, 105, 58, 0, 0, 0, 0, 0, 0, 0, 0, 0, 0, 0, 0, 0, 0, 0, 0, 0, 0, 0, 0, 0, 0, 0, 0, 0, 0, 0, 0, 0, 0, 0, 0, 0, 0, 0, 0, 0, 0, 0, 0, 0, 0, 0, 0, 0, 0, 0, 0, 0, 0, 0, 0, 0, 0, 0, 0, 0, 0, 0, 0, 0, 0, 0, 0, 0, 0, 0, 0, 0, 0, 0, 0, 0, 0, 0, 0, 0, 0, 0, 0, 0, 0, 0, 0, 0, 0, 0, 0, 0, 0, 0, 0, 0, 0, 0, 0, 0, 0, 0, 0, 0, 0, 0, 0, 0, 0, 0, 0, 0, 0, 0, 0, 0, 0, 0, 0, 0, 0, 0, 0, 0, 0, 0, 0, 0, 0, 0, 0, 0, 0, 0, 0, 0, 0, 0, 0, 0, 0, 0, 0, 0, 0, 0, 0, 0, 0, 0, 0, 0, 0, 0, 0, 170, 123, 104, 27, 166, 125, 108, 246, 166, 126, 108, 255, 166, 126, 108, 255, 166, 126, 108, 255, 166, 126, 108, 255, 166, 126, 108, 255, 149, 91, 58, 187, 150, 53, 0, 244, 152, 55, 0, 255, 153, 55, 0, 255, 153, 55, 0, 255, 153, 55, 0, 255, 154, 55, 0, 255, 154, 55, 0, 255, 154, 55, 0, 255, 154, 55, 0, 255, 155, 55, 0, 255, 155, 55, 0, 255, 155, 55, 0, 255, 155, 55, 0, 255, 156, 55, 0, 255, 156, 55, 0, 255, 156, 55, 0, 255, 156, 55, 0, 255, 157, 55, 0, 255, 157, 55, 0, 255, 157, 55, 0, 255, 157, 55, 0, 255, 158, 55, 0, 255, 158, 55, 0, 255, 158, 55, 0, 255, 158, 55, 0, 255, 159, 55, 0, 255, 159, 55, 0, 255, 159, 55, 0, 255, 159, 55, 0, 255, 159, 55, 0, 255, 144, 61, 17, 193, 98, 84, 72, 255, 108, 77, 57, 221, 160, 55, 0, 255, 161, 55, 0, 246, 153, 54, 2, 208, 130, 52, 10, 192, 96, 48, 23, 199, 156, 54, 1, 217, 162, 55, 0, 255, 162, 55, 0, 255, 162, 55, 0, 255, 162, 55, 0, 255, 162, 55, 0, 255, 162, 55, 0, 255, 162, 55, 0, 255, 163, 55, 0, 255, 163, 55, 0, 255, 163, 55, 0, 255, 163, 55, 0, 255, 163, 55, 0, 255, 163, 55, 0, 255, 163, 55, 0, 255, 164, 55, 0, 255, 164, 55, 0, 255, 164, 55, 0, 255, 164, 55, 0, 255, 164, 55, 0, 255, 164, 55, 0, 255, 164, 55, 0, 255, 164, 55, 0, 255, 164, 55, 0, 255, 164, 55, 0, 255, 164, 55, 0, 255, 164, 55, 0, 255, 165, 55, 0, 255, 165, 55, 0, 255, 165, 55, 0, 255, 165, 55, 0, 255, 165, 55, 0, 255, 165, 55, 0, 255, 165, 55, 0, 255, 165, 55, 0, 255, 165, 55, 0, 255, 165, 55, 0, 255, 165, 55, 0, 255, 165, 55, 0, 255, 165, 55, 0, 255, 165, 55, 0, 255, 165, 55, 0, 255, 165, 55, 0, 255, 165, 55, 0, 255, 164, 55, 0, 255, 164, 55, 0, 255, 164, 55, 0, 255, 164, 55, 0, 255, 164, 55, 0, 255, 164, 55, 0, 255, 164, 55, 0, 255, 164, 55, 0, 255, 164, 55, 0, 255, 164, 55, 0, 255, 164, 55, 0, 255, 164, 55, 0, 255, 163, 55, 0, 255, 163, 55, 0, 255, 163, 55, 0, 255, 163, 55, 0, 255, 163, 55, 0, 255, 163, 55, 0, 255, 163, 55, 0, 255, 162, 55, 0, 255, 162, 55, 0, 255, 162, 55, 0, 255, 162, 55, 0, 255, 162, 55, 0, 255, 162, 55, 0, 255, 162, 55, 0, 255, 161, 55, 0, 255, 161, 55, 0, 255, 161, 55, 0, 255, 161, 55, 0, 255, 161, 55, 0, 255, 160, 55, 0, 255, 160, 55, 0, 255, 160, 55, 0, 255, 160, 55, 0, 255, 160, 55, 0, 255, 159, 55, 0, 255, 159, 55, 0, 255, 159, 55, 0, 255, 159, 55, 0, 255, 158, 55, 0, 245, 162, 97, 64, 200, 166, 126, 108, 255, 166, 126, 108, 255, 166, 126, 108, 255, 166, 126, 108, 255, 166, 126, 108, 255, 166, 126, 108, 255, 166, 126, 108, 255, 166, 126, 108, 255, 166, 126, 108, 255, 166, 126, 108, 255, 166, 126, 108, 255, 166, 126, 108, 255, 166, 126, 108, 255, 166, 126, 108, 255, 166, 126, 108, 255, 166, 126, 108, 255, 166, 126, 108, 255, 166, 126, 108, 255, 166, 126, 108, 255, 165, 126, 107, 247, 165, 126, 106, 65, 0, 0, 0, 0, 0, 0, 0, 0, 0, 0, 0, 0, 0, 0, 0, 0, 0, 0, 0, 0, 0, 0, 0, 0, 0, 0, 0, 0, 0, 0, 0, 0, 0, 0, 0, 0, 0, 0, 0, 0, 0, 0, 0, 0, 0, 0, 0, 0, 0, 0, 0, 0, 0, 0, 0, 0, 0, 0, 0, 0, 0, 0, 0, 0, 0, 0, 0, 0, 0, 0, 0, 0, 0, 0, 0, 0, 0, 0, 0, 0, 0, 0, 0, 0, 0, 0, 0, 0, 0, 0, 0, 0, 0, 0, 0, 0, 0, 0, 0, 0, 0, 0, 0, 0, 0, 0, 0, 0, 0, 0, 0, 0, 0, 0, 0, 0, 0, 0, 0, 0, 0, 0, 0, 0, 0, 0, 0, 0, 0, 0, 0, 0, 0, 0, 0, 0, 0, 0, 0, 0, 0, 0, 0, 0, 0, 0, 0, 0, 0, 0, 0, 0, 0, 0, 0, 0, 0, 0, 0, 0, 166, 126, 106, 134, 166, 126, 108, 255, 166, 126, 108, 255, 166, 126, 108, 255, 166, 126, 108, 255, 157, 110, 89, 225, 116, 38, 0, 243, 126, 43, 0, 193, 152, 55, 0, 255, 152, 55, 0, 255, 153, 55, 0, 255, 153, 55, 0, 255, 153, 55, 0, 255, 153, 55, 0, 255, 154, 55, 0, 255, 154, 55, 0, 255, 154, 55, 0, 255, 155, 55, 0, 255, 155, 55, 0, 255, 155, 55, 0, 255, 155, 55, 0, 255, 156, 55, 0, 255, 156, 55, 0, 255, 156, 55, 0, 255, 156, 55, 0, 255, 157, 55, 0, 255, 157, 55, 0, 255, 157, 55, 0, 255, 157, 55, 0, 255, 158, 55, 0, 255, 158, 55, 0, 255, 158, 55, 0, 255, 158, 55, 0, 255, 158, 55, 0, 255, 159, 55, 0, 255, 159, 55, 0, 255, 159, 54, 0, 247, 118, 67, 36, 183, 87, 75, 64, 194, 81, 61, 45, 191, 75, 48, 30, 216, 52, 46, 39, 252, 51, 47, 41, 255, 51, 47, 41, 255, 51, 47, 41, 255, 155, 54, 1, 213, 161, 55, 0, 255, 161, 55, 0, 255, 161, 55, 0, 255, 162, 55, 0, 255, 162, 55, 0, 255, 162, 55, 0, 255, 162, 55, 0, 255, 162, 55, 0, 255, 162, 55, 0, 255, 162, 55, 0, 255, 163, 55, 0, 255, 163, 55, 0, 255, 163, 55, 0, 255, 163, 55, 0, 255, 163, 55, 0, 255, 163, 55, 0, 255, 163, 55, 0, 255, 163, 55, 0, 255, 164, 55, 0, 255, 164, 55, 0, 255, 164, 55, 0, 255, 164, 55, 0, 255, 164, 55, 0, 255, 164, 55, 0, 255, 164, 55, 0, 255, 164, 55, 0, 255, 164, 55, 0, 255, 164, 55, 0, 255, 164, 55, 0, 255, 164, 55, 0, 255, 164, 55, 0, 255, 164, 55, 0, 255, 164, 55, 0, 255, 164, 55, 0, 255, 164, 55, 0, 255, 164, 55, 0, 255, 164, 55, 0, 255, 164, 55, 0, 255, 164, 55, 0, 255, 164, 55, 0, 255, 164, 55, 0, 255, 164, 55, 0, 255, 164, 55, 0, 255, 164, 55, 0, 255, 164, 55, 0, 255, 164, 55, 0, 255, 164, 55, 0, 255, 164, 55, 0, 255, 164, 55, 0, 255, 164, 55, 0, 255, 164, 55, 0, 255, 163, 55, 0, 255, 163, 55, 0, 255, 163, 55, 0, 255, 163, 55, 0, 255, 163, 55, 0, 255, 163, 55, 0, 255, 163, 55, 0, 255, 163, 55, 0, 255, 163, 55, 0, 255, 162, 55, 0, 255, 162, 55, 0, 255, 162, 55, 0, 255, 162, 55, 0, 255, 162, 55, 0, 255, 162, 55, 0, 255, 162, 55, 0, 255, 161, 55, 0, 255, 161, 55, 0, 255, 161, 55, 0, 255, 161, 55, 0, 255, 161, 55, 0, 255, 160, 55, 0, 255, 160, 55, 0, 255, 160, 55, 0, 255, 160, 55, 0, 255, 160, 55, 0, 255, 159, 55, 0, 255, 159, 55, 0, 255, 159, 55, 0, 255, 159, 55, 0, 255, 159, 55, 0, 255, 158, 55, 0, 255, 158, 55, 0, 255, 158, 55, 0, 255, 161, 73, 26, 192, 164, 123, 104, 250, 166, 126, 108, 255, 166, 126, 108, 255, 166, 126, 108, 255, 166, 126, 108, 255, 166, 126, 108, 255, 166, 126, 108, 255, 166, 126, 108, 255, 166, 126, 108, 255, 166, 126, 108, 255, 166, 126, 108, 255, 166, 126, 108, 255, 166, 126, 108, 255, 166, 126, 108, 255, 166, 126, 108, 255, 166, 126, 108, 255, 166, 126, 108, 255, 166, 126, 107, 245, 165, 126, 108, 71, 0, 0, 0, 0, 0, 0, 0, 0, 0, 0, 0, 0, 0, 0, 0, 0, 0, 0, 0, 0, 0, 0, 0, 0, 0, 0, 0, 0, 0, 0, 0, 0, 0, 0, 0, 0, 0, 0, 0, 0, 0, 0, 0, 0, 0, 0, 0, 0, 0, 0, 0, 0, 0, 0, 0, 0, 0, 0, 0, 0, 0, 0, 0, 0, 0, 0, 0, 0, 0, 0, 0, 0, 0, 0, 0, 0, 0, 0, 0, 0, 0, 0, 0, 0, 0, 0, 0, 0, 0, 0, 0, 0, 0, 0, 0, 0, 0, 0, 0, 0, 0, 0, 0, 0, 0, 0, 0, 0, 0, 0, 0, 0, 0, 0, 0, 0, 0, 0, 0, 0, 0, 0, 0, 0, 0, 0, 0, 0, 0, 0, 0, 0, 0, 0, 0, 0, 0, 0, 0, 0, 0, 0, 0, 0, 0, 0, 0, 0, 0, 0, 0, 0, 0, 0, 0, 0, 0, 0, 0, 0, 0, 0, 0, 0, 170, 119, 102, 15, 165, 125, 107, 236, 166, 126, 108, 255, 166, 126, 108, 255, 166, 126, 108, 255, 120, 47, 12, 200, 115, 38, 0, 255, 117, 40, 0, 255, 138, 49, 0, 201, 152, 55, 0, 255, 152, 55, 0, 255, 153, 55, 0, 255, 153, 55, 0, 255, 153, 55, 0, 255, 151, 53, 0, 230, 121, 42, 0, 194, 96, 33, 0, 192, 120, 42, 0, 193, 143, 50, 0, 207, 153, 53, 0, 233, 155, 55, 0, 255, 155, 55, 0, 255, 156, 55, 0, 255, 156, 55, 0, 255, 156, 55, 0, 255, 156, 55, 0, 255, 157, 55, 0, 255, 157, 55, 0, 255, 157, 55, 0, 255, 157, 55, 0, 255, 157, 55, 0, 255, 157, 54, 0, 250, 154, 55, 1, 214, 135, 52, 7, 194, 106, 50, 18, 194, 74, 48, 30, 216, 52, 46, 39, 252, 51, 47, 41, 255, 51, 47, 41, 255, 51, 47, 41, 255, 51, 47, 41, 255, 51, 47, 41, 255, 51, 47, 41, 255, 51, 47, 41, 255, 51, 47, 41, 255, 156, 54, 1, 216, 161, 55, 0, 255, 161, 55, 0, 255, 161, 55, 0, 255, 161, 55, 0, 255, 161, 55, 0, 255, 162, 55, 0, 255, 162, 55, 0, 255, 162, 55, 0, 255, 162, 55, 0, 255, 162, 55, 0, 255, 162, 55, 0, 255, 162, 55, 0, 255, 162, 55, 0, 255, 163, 55, 0, 255, 163, 55, 0, 255, 163, 55, 0, 255, 163, 55, 0, 255, 163, 55, 0, 255, 163, 55, 0, 255, 163, 55, 0, 255, 163, 55, 0, 255, 163, 55, 0, 255, 163, 55, 0, 255, 164, 55, 0, 255, 164, 55, 0, 255, 164, 55, 0, 255, 164, 55, 0, 255, 164, 55, 0, 255, 164, 55, 0, 255, 164, 55, 0, 255, 164, 55, 0, 255, 164, 55, 0, 255, 164, 55, 0, 255, 164, 55, 0, 255, 164, 55, 0, 255, 164, 55, 0, 255, 164, 55, 0, 255, 164, 55, 0, 255, 164, 55, 0, 255, 164, 55, 0, 255, 164, 55, 0, 255, 164, 55, 0, 255, 164, 55, 0, 255, 164, 55, 0, 255, 164, 55, 0, 255, 164, 55, 0, 255, 163, 55, 0, 255, 163, 55, 0, 255, 163, 55, 0, 255, 163, 55, 0, 255, 163, 55, 0, 255, 163, 55, 0, 255, 163, 55, 0, 255, 163, 55, 0, 255, 163, 55, 0, 255, 163, 55, 0, 255, 163, 55, 0, 255, 162, 55, 0, 255, 162, 55, 0, 255, 162, 55, 0, 255, 162, 55, 0, 255, 162, 55, 0, 255, 162, 55, 0, 255, 162, 55, 0, 255, 161, 55, 0, 255, 161, 55, 0, 255, 161, 55, 0, 255, 161, 55, 0, 255, 161, 55, 0, 255, 161, 55, 0, 255, 160, 55, 0, 255, 160, 55, 0, 255, 160, 55, 0, 255, 160, 55, 0, 255, 160, 55, 0, 255, 159, 55, 0, 255, 159, 55, 0, 255, 159, 55, 0, 255, 159, 55, 0, 255, 159, 55, 0, 255, 158, 55, 0, 255, 158, 55, 0, 255, 158, 55, 0, 255, 158, 55, 0, 255, 158, 55, 0, 255, 157, 55, 0, 255, 157, 58, 4, 213, 164, 111, 85, 219, 166, 126, 108, 255, 166, 126, 108, 255, 166, 126, 108, 255, 166, 126, 108, 255, 166, 126, 108, 255, 166, 126, 108, 255, 166, 126, 108, 255, 166, 126, 108, 255, 166, 126, 108, 255, 166, 126, 108, 255, 166, 126, 108, 255, 166, 126, 108, 255, 166, 126, 108, 255, 166, 126, 108, 255, 165, 126, 107, 233, 169, 125, 106, 53, 0, 0, 0, 0, 0, 0, 0, 0, 0, 0, 0, 0, 0, 0, 0, 0, 0, 0, 0, 0, 0, 0, 0, 0, 0, 0, 0, 0, 0, 0, 0, 0, 0, 0, 0, 0, 0, 0, 0, 0, 0, 0, 0, 0, 0, 0, 0, 0, 0, 0, 0, 0, 0, 0, 0, 0, 0, 0, 0, 0, 0, 0, 0, 0, 0, 0, 0, 0, 0, 0, 0, 0, 0, 0, 0, 0, 0, 0, 0, 0, 0, 0, 0, 0, 0, 0, 0, 0, 0, 0, 0, 0, 0, 0, 0, 0, 0, 0, 0, 0, 0, 0, 0, 0, 0, 0, 0, 0, 0, 0, 0, 0, 0, 0, 0, 0, 0, 0, 0, 0, 0, 0, 0, 0, 0, 0, 0, 0, 0, 0, 0, 0, 0, 0, 0, 0, 0, 0, 0, 0, 0, 0, 0, 0, 0, 0, 0, 0, 0, 0, 0, 0, 0, 0, 0, 0, 0, 0, 0, 0, 0, 0, 0, 0, 0, 0, 0, 0, 0, 0, 0, 0, 166, 126, 108, 111, 166, 126, 108, 255, 166, 126, 108, 255, 155, 107, 86, 220, 112, 34, 0, 255, 114, 36, 0, 255, 116, 38, 0, 255, 118, 40, 0, 234, 148, 53, 0, 234, 152, 55, 0, 255, 152, 55, 0, 255, 152, 54, 0, 240, 77, 27, 0, 195, 2, 0, 0, 253, 0, 0, 0, 255, 0, 0, 0, 255, 0, 0, 0, 255, 0, 0, 0, 255, 0, 0, 0, 255, 39, 14, 0, 212, 153, 53, 0, 229, 155, 55, 0, 255, 155, 55, 0, 255, 156, 55, 0, 255, 156, 55, 0, 255, 156, 55, 0, 255, 156, 55, 0, 255, 157, 55, 0, 255, 157, 55, 0, 255, 157, 55, 0, 255, 117, 50, 13, 191, 51, 47, 41, 255, 51, 47, 41, 255, 51, 47, 41, 255, 51, 47, 41, 255, 51, 47, 41, 255, 51, 47, 41, 255, 51, 47, 41, 255, 51, 47, 41, 255, 51, 47, 41, 255, 51, 47, 41, 255, 51, 47, 41, 255, 51, 47, 41, 255, 51, 47, 41, 255, 156, 54, 1, 218, 160, 55, 0, 255, 160, 55, 0, 255, 161, 55, 0, 255, 161, 55, 0, 255, 161, 55, 0, 255, 161, 55, 0, 255, 161, 55, 0, 255, 161, 55, 0, 255, 162, 55, 0, 255, 162, 55, 0, 255, 162, 55, 0, 255, 162, 55, 0, 255, 162, 55, 0, 255, 162, 55, 0, 255, 162, 55, 0, 255, 162, 55, 0, 255, 162, 55, 0, 255, 163, 55, 0, 255, 163, 55, 0, 255, 163, 55, 0, 255, 163, 55, 0, 255, 163, 55, 0, 255, 163, 55, 0, 255, 163, 55, 0, 255, 163, 55, 0, 255, 163, 55, 0, 255, 163, 55, 0, 255, 163, 55, 0, 255, 163, 55, 0, 255, 163, 55, 0, 255, 163, 55, 0, 255, 163, 55, 0, 255, 163, 55, 0, 255, 163, 55, 0, 255, 163, 55, 0, 255, 163, 55, 0, 255, 163, 55, 0, 255, 163, 55, 0, 255, 163, 55, 0, 255, 163, 55, 0, 255, 163, 55, 0, 255, 163, 55, 0, 255, 163, 55, 0, 255, 163, 55, 0, 255, 163, 55, 0, 255, 163, 55, 0, 255, 163, 55, 0, 255, 163, 55, 0, 255, 163, 55, 0, 255, 163, 55, 0, 255, 163, 55, 0, 255, 163, 55, 0, 255, 163, 55, 0, 255, 162, 55, 0, 255, 162, 55, 0, 255, 162, 55, 0, 255, 162, 55, 0, 255, 162, 55, 0, 255, 162, 55, 0, 255, 162, 55, 0, 255, 162, 55, 0, 255, 162, 55, 0, 255, 161, 55, 0, 255, 161, 55, 0, 255, 161, 55, 0, 255, 161, 55, 0, 255, 161, 55, 0, 255, 161, 55, 0, 255, 160, 55, 0, 255, 160, 55, 0, 255, 160, 55, 0, 255, 160, 55, 0, 255, 160, 55, 0, 255, 160, 55, 0, 255, 159, 55, 0, 255, 159, 55, 0, 255, 159, 55, 0, 255, 159, 55, 0, 255, 159, 55, 0, 255, 158, 55, 0, 255, 158, 55, 0, 255, 158, 55, 0, 255, 158, 55, 0, 255, 157, 55, 0, 255, 157, 55, 0, 255, 157, 55, 0, 255, 157, 55, 0, 255, 157, 54, 0, 252, 159, 70, 23, 193, 165, 120, 98, 238, 166, 126, 108, 255, 166, 126, 108, 255, 166, 126, 108, 255, 166, 126, 108, 255, 166, 126, 108, 255, 166, 126, 108, 255, 166, 126, 108, 255, 166, 126, 108, 255, 166, 126, 108, 255, 166, 126, 108, 255, 166, 126, 108, 255, 164, 113, 88, 223, 164, 103, 79, 42, 0, 0, 0, 0, 0, 0, 0, 0, 0, 0, 0, 0, 0, 0, 0, 0, 0, 0, 0, 0, 0, 0, 0, 0, 0, 0, 0, 0, 0, 0, 0, 0, 0, 0, 0, 0, 0, 0, 0, 0, 0, 0, 0, 0, 0, 0, 0, 0, 0, 0, 0, 0, 0, 0, 0, 0, 0, 0, 0, 0, 0, 0, 0, 0, 0, 0, 0, 0, 0, 0, 0, 0, 0, 0, 0, 0, 0, 0, 0, 0, 0, 0, 0, 0, 0, 0, 0, 0, 0, 0, 0, 0, 0, 0, 0, 0, 0, 0, 0, 0, 0, 0, 0, 0, 0, 0, 0, 0, 0, 0, 0, 0, 0, 0, 0, 0, 0, 0, 0, 0, 0, 0, 0, 0, 0, 0, 0, 0, 0, 0, 0, 0, 0, 0, 0, 0, 0, 0, 0, 0, 0, 0, 0, 0, 0, 0, 0, 0, 0, 0, 0, 0, 0, 0, 0, 0, 0, 0, 0, 0, 0, 0, 0, 0, 0, 0, 0, 0, 0, 0, 0, 0, 0, 0, 0, 0, 182, 109, 109, 7, 166, 125, 108, 222, 166, 126, 108, 255, 128, 61, 34, 192, 111, 32, 0, 255, 113, 35, 0, 255, 115, 37, 0, 255, 117, 39, 0, 255, 122, 42, 0, 201, 151, 54, 0, 255, 150, 53, 0, 233, 27, 10, 0, 221, 0, 0, 0, 255, 38, 38, 38, 197, 96, 96, 96, 193, 124, 124, 124, 196, 72, 72, 72, 192, 0, 0, 0, 252, 0, 0, 0, 255, 0, 0, 0, 255, 10, 3, 0, 240, 145, 51, 0, 210, 155, 55, 0, 255, 155, 55, 0, 255, 156, 55, 0, 255, 156, 55, 0, 255, 156, 55, 0, 255, 156, 55, 0, 255, 156, 55, 0, 255, 157, 55, 0, 255, 137, 53, 6, 195, 51, 47, 41, 255, 51, 47, 41, 255, 51, 47, 41, 255, 51, 47, 41, 255, 51, 47, 41, 255, 51, 47, 41, 255, 51, 47, 41, 255, 51, 47, 41, 255, 51, 47, 41, 255, 51, 47, 41, 255, 51, 47, 41, 255, 51, 47, 41, 255, 51, 47, 41, 255, 156, 54, 0, 222, 160, 55, 0, 255, 160, 55, 0, 255, 160, 55, 0, 255, 160, 55, 0, 255, 161, 55, 0, 255, 161, 55, 0, 255, 161, 55, 0, 255, 161, 55, 0, 255, 161, 55, 0, 255, 161, 55, 0, 255, 161, 55, 0, 255, 162, 55, 0, 255, 162, 55, 0, 255, 162, 55, 0, 255, 162, 55, 0, 255, 162, 55, 0, 255, 162, 55, 0, 255, 162, 55, 0, 255, 162, 55, 0, 255, 162, 55, 0, 255, 162, 55, 0, 255, 162, 55, 0, 255, 163, 55, 0, 255, 163, 55, 0, 255, 163, 55, 0, 255, 163, 55, 0, 255, 163, 55, 0, 255, 163, 55, 0, 255, 163, 55, 0, 255, 163, 55, 0, 255, 163, 55, 0, 255, 163, 55, 0, 255, 163, 55, 0, 255, 163, 55, 0, 255, 163, 55, 0, 255, 163, 55, 0, 255, 163, 55, 0, 255, 163, 55, 0, 255, 163, 55, 0, 255, 163, 55, 0, 255, 163, 55, 0, 255, 163, 55, 0, 255, 163, 55, 0, 255, 163, 55, 0, 255, 163, 55, 0, 255, 163, 55, 0, 255, 163, 55, 0, 255, 163, 55, 0, 255, 162, 55, 0, 255, 162, 55, 0, 255, 162, 55, 0, 255, 162, 55, 0, 255, 162, 55, 0, 255, 162, 55, 0, 255, 162, 55, 0, 255, 162, 55, 0, 255, 162, 55, 0, 255, 162, 55, 0, 255, 162, 55, 0, 255, 161, 55, 0, 255, 161, 55, 0, 255, 161, 55, 0, 255, 161, 55, 0, 255, 161, 55, 0, 255, 161, 55, 0, 255, 161, 55, 0, 255, 160, 55, 0, 255, 160, 55, 0, 255, 160, 55, 0, 255, 160, 55, 0, 255, 160, 55, 0, 255, 160, 55, 0, 255, 159, 55, 0, 255, 159, 55, 0, 255, 159, 55, 0, 255, 159, 55, 0, 255, 159, 55, 0, 255, 158, 55, 0, 255, 158, 55, 0, 255, 158, 55, 0, 255, 158, 55, 0, 255, 158, 55, 0, 255, 157, 55, 0, 255, 157, 55, 0, 255, 157, 55, 0, 255, 157, 55, 0, 255, 157, 55, 0, 255, 156, 55, 0, 255, 156, 55, 0, 255, 155, 55, 0, 240, 158, 73, 29, 192, 163, 114, 89, 225, 166, 126, 108, 255, 166, 126, 108, 255, 166, 126, 108, 255, 166, 126, 108, 255, 166, 126, 108, 255, 166, 126, 108, 255, 166, 126, 108, 255, 166, 126, 108, 255, 163, 111, 85, 219, 153, 55, 0, 234, 152, 55, 0, 79, 0, 0, 0, 0, 0, 0, 0, 0, 0, 0, 0, 0, 0, 0, 0, 0, 0, 0, 0, 0, 0, 0, 0, 0, 0, 0, 0, 0, 0, 0, 0, 0, 0, 0, 0, 0, 0, 0, 0, 0, 0, 0, 0, 0, 0, 0, 0, 0, 0, 0, 0, 0, 0, 0, 0, 0, 0, 0, 0, 0, 0, 0, 0, 0, 0, 0, 0, 0, 0, 0, 0, 0, 0, 0, 0, 0, 0, 0, 0, 0, 0, 0, 0, 0, 0, 0, 0, 0, 0, 0, 0, 0, 0, 0, 0, 0, 0, 0, 0, 0, 0, 0, 0, 0, 0, 0, 0, 0, 0, 0, 0, 0, 0, 0, 0, 0, 0, 0, 0, 0, 0, 0, 0, 0, 0, 0, 0, 0, 0, 0, 0, 0, 0, 0, 0, 0, 0, 0, 0, 0, 0, 0, 0, 0, 0, 0, 0, 0, 0, 0, 0, 0, 0, 0, 0, 0, 0, 0, 0, 0, 0, 0, 0, 0, 0, 0, 0, 0, 0, 0, 0, 0, 0, 0, 0, 0, 0, 0, 0, 0, 166, 126, 106, 89, 166, 126, 108, 255, 111, 33, 6, 212, 110, 31, 0, 255, 111, 33, 0, 255, 113, 35, 0, 255, 115, 37, 0, 255, 117, 40, 0, 255, 133, 47, 0, 193, 70, 24, 0, 197, 0, 0, 0, 253, 114, 114, 114, 195, 243, 243, 243, 255, 243, 243, 243, 255, 243, 243, 243, 255, 243, 243, 243, 255, 93, 93, 93, 192, 0, 0, 0, 255, 0, 0, 0, 255, 0, 0, 0, 255, 11, 4, 0, 239, 152, 53, 0, 224, 155, 55, 0, 255, 155, 55, 0, 255, 155, 55, 0, 255, 156, 55, 0, 255, 156, 55, 0, 255, 156, 55, 0, 255, 156, 55, 0, 255, 150, 54, 1, 212, 51, 47, 41, 255, 51, 47, 41, 255, 51, 47, 41, 255, 51, 47, 41, 255, 51, 47, 41, 255, 51, 47, 41, 255, 51, 47, 41, 255, 51, 47, 41, 255, 51, 47, 41, 255, 51, 47, 41, 255, 51, 47, 41, 255, 51, 47, 41, 255, 51, 47, 41, 255, 157, 54, 0, 225, 159, 55, 0, 255, 160, 55, 0, 255, 160, 55, 0, 255, 160, 55, 0, 255, 160, 55, 0, 255, 160, 55, 0, 255, 160, 55, 0, 255, 161, 55, 0, 255, 161, 55, 0, 255, 161, 55, 0, 255, 161, 55, 0, 255, 161, 55, 0, 255, 161, 55, 0, 255, 161, 55, 0, 255, 161, 55, 0, 255, 162, 55, 0, 255, 162, 55, 0, 255, 162, 55, 0, 255, 162, 55, 0, 255, 162, 55, 0, 255, 162, 55, 0, 255, 162, 55, 0, 255, 162, 55, 0, 255, 162, 55, 0, 255, 162, 55, 0, 255, 162, 55, 0, 255, 162, 55, 0, 255, 162, 55, 0, 255, 162, 55, 0, 255, 162, 55, 0, 255, 162, 55, 0, 255, 163, 55, 0, 255, 163, 55, 0, 255, 163, 55, 0, 255, 163, 55, 0, 255, 163, 55, 0, 255, 163, 55, 0, 255, 163, 55, 0, 255, 163, 55, 0, 255, 163, 55, 0, 255, 162, 55, 0, 255, 162, 55, 0, 255, 162, 55, 0, 255, 162, 55, 0, 255, 162, 55, 0, 255, 162, 55, 0, 255, 162, 55, 0, 255, 162, 55, 0, 255, 162, 55, 0, 255, 162, 55, 0, 255, 162, 55, 0, 255, 162, 55, 0, 255, 162, 55, 0, 255, 162, 55, 0, 255, 162, 55, 0, 255, 162, 55, 0, 255, 161, 55, 0, 255, 161, 55, 0, 255, 161, 55, 0, 255, 161, 55, 0, 255, 161, 55, 0, 255, 161, 55, 0, 255, 161, 55, 0, 255, 161, 55, 0, 255, 160, 55, 0, 255, 160, 55, 0, 255, 160, 55, 0, 255, 160, 55, 0, 255, 160, 55, 0, 255, 160, 55, 0, 255, 159, 55, 0, 255, 159, 55, 0, 255, 159, 55, 0, 255, 159, 55, 0, 255, 159, 55, 0, 255, 159, 55, 0, 255, 158, 55, 0, 255, 158, 55, 0, 255, 158, 55, 0, 255, 158, 55, 0, 255, 157, 55, 0, 255, 157, 55, 0, 255, 157, 55, 0, 255, 157, 55, 0, 255, 157, 55, 0, 255, 157, 55, 0, 255, 156, 55, 0, 255, 156, 55, 0, 255, 156, 55, 0, 255, 156, 55, 0, 255, 155, 55, 0, 255, 155, 55, 0, 255, 156, 61, 8, 205, 159, 84, 46, 193, 163, 111, 85, 219, 165, 125, 107, 255, 166, 126, 108, 255, 166, 126, 108, 255, 166, 126, 108, 255, 163, 108, 80, 215, 153, 55, 0, 237, 153, 55, 0, 255, 151, 53, 0, 157, 0, 0, 0, 0, 0, 0, 0, 0, 0, 0, 0, 0, 0, 0, 0, 0, 0, 0, 0, 0, 0, 0, 0, 0, 0, 0, 0, 0, 0, 0, 0, 0, 0, 0, 0, 0, 0, 0, 0, 0, 0, 0, 0, 0, 0, 0, 0, 0, 0, 0, 0, 0, 0, 0, 0, 0, 0, 0, 0, 0, 0, 0, 0, 0, 0, 0, 0, 0, 0, 0, 0, 0, 0, 0, 0, 0, 0, 0, 0, 0, 0, 0, 0, 0, 0, 0, 0, 0, 0, 0, 0, 0, 0, 0, 0, 0, 0, 0, 0, 0, 0, 0, 0, 0, 0, 0, 0, 0, 0, 0, 0, 0, 0, 0, 0, 0, 0, 0, 0, 0, 0, 0, 0, 0, 0, 0, 0, 0, 0, 0, 0, 0, 0, 0, 0, 0, 0, 0, 0, 0, 0, 0, 0, 0, 0, 0, 0, 0, 0, 0, 0, 0, 0, 0, 0, 0, 0, 0, 0, 0, 0, 0, 0, 0, 0, 0, 0, 0, 0, 0, 0, 0, 0, 0, 0, 0, 0, 0, 0, 0, 128, 128, 128, 2, 165, 125, 107, 204, 106, 26, 0, 240, 108, 29, 0, 255, 110, 31, 0, 255, 112, 33, 0, 255, 114, 36, 0, 255, 115, 38, 0, 255, 110, 36, 0, 208, 3, 1, 0, 251, 45, 45, 45, 195, 243, 243, 243, 255, 243, 243, 243, 255, 243, 243, 243, 255, 243, 243, 243, 255, 243, 243, 243, 255, 131, 131, 131, 197, 0, 0, 0, 255, 0, 0, 0, 255, 0, 0, 0, 255, 0, 0, 0, 255, 74, 26, 0, 195, 155, 55, 0, 255, 155, 55, 0, 255, 155, 55, 0, 255, 155, 55, 0, 255, 155, 55, 0, 255, 156, 55, 0, 255, 156, 55, 0, 255, 156, 55, 0, 241, 52, 46, 39, 252, 51, 47, 41, 255, 51, 47, 41, 255, 51, 47, 41, 255, 51, 47, 41, 255, 51, 47, 41, 255, 51, 47, 41, 255, 51, 47, 41, 255, 51, 47, 41, 255, 51, 47, 41, 255, 51, 47, 41, 255, 51, 47, 41, 255, 51, 47, 41, 255, 158, 55, 0, 228, 159, 55, 0, 255, 159, 55, 0, 255, 159, 55, 0, 255, 160, 55, 0, 255, 160, 55, 0, 255, 160, 55, 0, 255, 160, 55, 0, 255, 160, 55, 0, 255, 160, 55, 0, 255, 160, 55, 0, 255, 161, 55, 0, 255, 161, 55, 0, 255, 161, 55, 0, 255, 161, 55, 0, 255, 161, 55, 0, 255, 161, 55, 0, 255, 161, 55, 0, 255, 161, 55, 0, 255, 161, 55, 0, 255, 162, 55, 0, 255, 162, 55, 0, 255, 162, 55, 0, 255, 162, 55, 0, 255, 162, 55, 0, 255, 162, 55, 0, 255, 162, 55, 0, 255, 162, 55, 0, 255, 162, 55, 0, 255, 162, 55, 0, 255, 162, 55, 0, 255, 162, 55, 0, 255, 162, 55, 0, 255, 162, 55, 0, 255, 162, 55, 0, 255, 162, 55, 0, 255, 162, 55, 0, 255, 162, 55, 0, 255, 162, 55, 0, 255, 162, 55, 0, 255, 162, 55, 0, 255, 162, 55, 0, 255, 162, 55, 0, 255, 162, 55, 0, 255, 162, 55, 0, 255, 162, 55, 0, 255, 162, 55, 0, 255, 162, 55, 0, 255, 162, 55, 0, 255, 162, 55, 0, 255, 162, 55, 0, 255, 162, 55, 0, 255, 162, 55, 0, 255, 161, 55, 0, 255, 161, 55, 0, 255, 161, 55, 0, 255, 161, 55, 0, 255, 161, 55, 0, 255, 161, 55, 0, 255, 161, 55, 0, 255, 161, 55, 0, 255, 161, 55, 0, 255, 160, 55, 0, 255, 160, 55, 0, 255, 160, 55, 0, 255, 160, 55, 0, 255, 160, 55, 0, 255, 160, 55, 0, 255, 160, 55, 0, 255, 159, 55, 0, 255, 159, 55, 0, 255, 159, 55, 0, 255, 159, 55, 0, 255, 159, 55, 0, 255, 159, 55, 0, 255, 158, 55, 0, 255, 158, 55, 0, 255, 158, 55, 0, 255, 158, 55, 0, 255, 158, 55, 0, 255, 157, 55, 0, 255, 157, 55, 0, 255, 157, 55, 0, 255, 157, 55, 0, 255, 157, 55, 0, 255, 156, 55, 0, 255, 156, 55, 0, 255, 156, 55, 0, 255, 156, 55, 0, 255, 156, 55, 0, 255, 155, 55, 0, 255, 155, 55, 0, 255, 155, 55, 0, 255, 155, 55, 0, 255, 154, 55, 0, 255, 154, 55, 0, 255, 154, 55, 0, 235, 155, 60, 6, 209, 155, 64, 15, 198, 156, 72, 26, 193, 154, 55, 0, 241, 153, 55, 0, 255, 152, 55, 0, 255, 151, 54, 0, 233, 128, 0, 0, 2, 0, 0, 0, 0, 0, 0, 0, 0, 0, 0, 0, 0, 0, 0, 0, 0, 0, 0, 0, 0, 0, 0, 0, 0, 0, 0, 0, 0, 0, 0, 0, 0, 0, 0, 0, 0, 0, 0, 0, 0, 0, 0, 0, 0, 0, 0, 0, 0, 0, 0, 0, 0, 0, 0, 0, 0, 0, 0, 0, 0, 0, 0, 0, 0, 0, 0, 0, 0, 0, 0, 0, 0, 0, 0, 0, 0, 0, 0, 0, 0, 0, 0, 0, 0, 0, 0, 0, 0, 0, 0, 0, 0, 0, 0, 0, 0, 0, 0, 0, 0, 0, 0, 0, 0, 0, 0, 0, 0, 0, 0, 0, 0, 0, 0, 0, 0, 0, 0, 0, 0, 0, 0, 0, 0, 0, 0, 0, 0, 0, 0, 0, 0, 0, 0, 0, 0, 0, 0, 0, 0, 0, 0, 0, 0, 0, 0, 0, 0, 0, 0, 0, 0, 0, 0, 0, 0, 0, 0, 0, 0, 0, 0, 0, 0, 0, 0, 0, 0, 0, 0, 0, 0, 0, 0, 0, 0, 0, 0, 0, 0, 160, 112, 92, 64, 105, 25, 0, 255, 107, 27, 0, 255, 109, 30, 0, 255, 110, 32, 0, 255, 112, 34, 0, 255, 114, 36, 0, 255, 63, 19, 0, 193, 0, 0, 0, 255, 85, 85, 85, 192, 243, 243, 243, 255, 243, 243, 243, 255, 243, 243, 243, 255, 243, 243, 243, 255, 243, 243, 243, 255, 17, 17, 17, 209, 0, 0, 0, 255, 0, 0, 0, 255, 0, 0, 0, 255, 0, 0, 0, 255, 4, 1, 0, 249, 154, 55, 0, 246, 154, 55, 0, 255, 155, 55, 0, 255, 155, 55, 0, 255, 155, 55, 0, 255, 155, 55, 0, 255, 156, 55, 0, 255, 156, 55, 0, 255, 156, 55, 0, 251, 153, 54, 0, 225, 146, 53, 3, 204, 133, 53, 7, 193, 88, 58, 39, 187, 66, 57, 49, 205, 54, 50, 42, 235, 51, 47, 40, 255, 51, 47, 41, 255, 51, 47, 41, 255, 51, 47, 41, 255, 51, 47, 41, 255, 51, 47, 41, 255, 157, 55, 0, 232, 159, 55, 0, 255, 159, 55, 0, 255, 159, 55, 0, 255, 159, 55, 0, 255, 159, 55, 0, 255, 159, 55, 0, 255, 160, 55, 0, 255, 160, 55, 0, 255, 160, 55, 0, 255, 160, 55, 0, 255, 160, 55, 0, 255, 160, 55, 0, 255, 160, 55, 0, 255, 161, 55, 0, 255, 161, 55, 0, 255, 161, 55, 0, 255, 161, 55, 0, 255, 161, 55, 0, 255, 161, 55, 0, 255, 161, 55, 0, 255, 161, 55, 0, 255, 161, 55, 0, 255, 161, 55, 0, 255, 161, 55, 0, 255, 161, 55, 0, 255, 162, 55, 0, 255, 162, 55, 0, 255, 162, 55, 0, 255, 162, 55, 0, 255, 162, 55, 0, 255, 162, 55, 0, 255, 162, 55, 0, 255, 162, 55, 0, 255, 162, 55, 0, 255, 162, 55, 0, 255, 162, 55, 0, 255, 162, 55, 0, 255, 162, 55, 0, 255, 162, 55, 0, 255, 162, 55, 0, 255, 162, 55, 0, 255, 162, 55, 0, 255, 162, 55, 0, 255, 162, 55, 0, 255, 162, 55, 0, 255, 162, 55, 0, 255, 161, 55, 0, 255, 161, 55, 0, 255, 161, 55, 0, 255, 161, 55, 0, 255, 161, 55, 0, 255, 161, 55, 0, 255, 161, 55, 0, 255, 161, 55, 0, 255, 161, 55, 0, 255, 161, 55, 0, 255, 161, 55, 0, 255, 161, 55, 0, 255, 160, 55, 0, 255, 160, 55, 0, 255, 160, 55, 0, 255, 160, 55, 0, 255, 160, 55, 0, 255, 160, 55, 0, 255, 160, 55, 0, 255, 159, 55, 0, 255, 159, 55, 0, 255, 159, 55, 0, 255, 159, 55, 0, 255, 159, 55, 0, 255, 159, 55, 0, 255, 159, 55, 0, 255, 158, 55, 0, 255, 158, 55, 0, 255, 158, 55, 0, 255, 158, 55, 0, 255, 158, 55, 0, 255, 157, 55, 0, 255, 157, 55, 0, 255, 157, 55, 0, 255, 157, 55, 0, 255, 157, 55, 0, 255, 157, 55, 0, 255, 156, 55, 0, 255, 156, 55, 0, 255, 156, 55, 0, 255, 156, 55, 0, 255, 155, 55, 0, 255, 155, 55, 0, 255, 155, 55, 0, 255, 155, 55, 0, 255, 155, 55, 0, 255, 154, 55, 0, 255, 154, 55, 0, 255, 154, 55, 0, 255, 154, 55, 0, 255, 153, 55, 0, 255, 153, 55, 0, 255, 153, 55, 0, 255, 153, 55, 0, 255, 152, 55, 0, 255, 152, 55, 0, 255, 152, 55, 0, 255, 137, 39, 0, 52, 0, 0, 0, 0, 0, 0, 0, 0, 0, 0, 0, 0, 0, 0, 0, 0, 0, 0, 0, 0, 0, 0, 0, 0, 0, 0, 0, 0, 0, 0, 0, 0, 0, 0, 0, 0, 0, 0, 0, 0, 0, 0, 0, 0, 0, 0, 0, 0, 0, 0, 0, 0, 0, 0, 0, 0, 0, 0, 0, 0, 0, 0, 0, 0, 0, 0, 0, 0, 0, 0, 0, 0, 0, 0, 0, 0, 0, 0, 0, 0, 0, 0, 0, 0, 0, 0, 0, 0, 0, 0, 0, 0, 0, 0, 0, 0, 0, 0, 0, 0, 0, 0, 0, 0, 0, 0, 0, 0, 0, 0, 0, 0, 0, 0, 0, 0, 0, 0, 0, 0, 0, 0, 0, 0, 0, 0, 0, 0, 0, 0, 0, 0, 0, 0, 0, 0, 0, 0, 0, 0, 0, 0, 0, 0, 0, 0, 0, 0, 0, 0, 0, 0, 0, 0, 0, 0, 0, 0, 0, 0, 0, 0, 0, 0, 0, 0, 0, 0, 0, 0, 0, 0, 0, 0, 0, 0, 0, 0, 0, 0, 0, 0, 0, 0, 102, 22, 0, 157, 105, 26, 0, 255, 107, 28, 0, 255, 109, 30, 0, 255, 110, 32, 0, 255, 112, 34, 0, 255, 16, 4, 0, 227, 0, 0, 0, 255, 41, 41, 41, 197, 242, 242, 242, 255, 243, 243, 243, 255, 243, 243, 243, 255, 227, 227, 227, 241, 40, 40, 40, 197, 0, 0, 0, 255, 0, 0, 0, 255, 0, 0, 0, 255, 0, 0, 0, 255, 0, 0, 0, 255, 0, 0, 0, 255, 147, 52, 0, 214, 154, 55, 0, 255, 154, 55, 0, 255, 155, 55, 0, 255, 155, 55, 0, 255, 155, 55, 0, 255, 153, 54, 0, 225, 155, 55, 0, 255, 156, 55, 0, 255, 156, 55, 0, 255, 156, 55, 0, 255, 156, 55, 0, 255, 112, 75, 52, 213, 98, 84, 72, 255, 106, 78, 60, 227, 157, 55, 0, 242, 153, 54, 1, 218, 145, 53, 3, 202, 132, 51, 9, 193, 116, 50, 14, 192, 98, 50, 21, 198, 157, 54, 0, 240, 158, 55, 0, 255, 158, 55, 0, 255, 159, 55, 0, 255, 159, 55, 0, 255, 159, 55, 0, 255, 159, 55, 0, 255, 159, 55, 0, 255, 159, 55, 0, 255, 159, 55, 0, 255, 160, 55, 0, 255, 160, 55, 0, 255, 160, 55, 0, 255, 160, 55, 0, 255, 160, 55, 0, 255, 160, 55, 0, 255, 160, 55, 0, 255, 160, 55, 0, 255, 160, 55, 0, 255, 161, 55, 0, 255, 161, 55, 0, 255, 161, 55, 0, 255, 161, 55, 0, 255, 161, 55, 0, 255, 161, 55, 0, 255, 161, 55, 0, 255, 161, 55, 0, 255, 161, 55, 0, 255, 161, 55, 0, 255, 161, 55, 0, 255, 161, 55, 0, 255, 161, 55, 0, 255, 161, 55, 0, 255, 161, 55, 0, 255, 161, 55, 0, 255, 161, 55, 0, 255, 161, 55, 0, 255, 161, 55, 0, 255, 161, 55, 0, 255, 161, 55, 0, 255, 161, 55, 0, 255, 161, 55, 0, 255, 161, 55, 0, 255, 161, 55, 0, 255, 161, 55, 0, 255, 161, 55, 0, 255, 161, 55, 0, 255, 161, 55, 0, 255, 161, 55, 0, 255, 161, 55, 0, 255, 161, 55, 0, 255, 161, 55, 0, 255, 161, 55, 0, 255, 161, 55, 0, 255, 161, 55, 0, 255, 160, 55, 0, 255, 160, 55, 0, 255, 160, 55, 0, 255, 160, 55, 0, 255, 160, 55, 0, 255, 160, 55, 0, 255, 160, 55, 0, 255, 160, 55, 0, 255, 160, 55, 0, 255, 159, 55, 0, 255, 159, 55, 0, 255, 159, 55, 0, 255, 159, 55, 0, 255, 159, 55, 0, 255, 159, 55, 0, 255, 159, 55, 0, 255, 158, 55, 0, 255, 158, 55, 0, 255, 158, 55, 0, 255, 158, 55, 0, 255, 158, 55, 0, 255, 157, 55, 0, 255, 157, 55, 0, 255, 157, 55, 0, 255, 157, 55, 0, 255, 157, 55, 0, 255, 157, 55, 0, 255, 156, 55, 0, 255, 156, 55, 0, 255, 156, 55, 0, 255, 156, 55, 0, 255, 156, 55, 0, 255, 155, 55, 0, 255, 155, 55, 0, 255, 155, 55, 0, 255, 155, 55, 0, 255, 154, 55, 0, 255, 154, 55, 0, 255, 154, 55, 0, 255, 154, 55, 0, 255, 154, 55, 0, 255, 153, 55, 0, 255, 153, 55, 0, 255, 153, 55, 0, 255, 153, 55, 0, 255, 152, 55, 0, 255, 152, 55, 0, 255, 152, 55, 0, 255, 150, 53, 0, 240, 111, 31, 0, 122, 0, 0, 0, 0, 0, 0, 0, 0, 0, 0, 0, 0, 0, 0, 0, 0, 0, 0, 0, 0, 0, 0, 0, 0, 0, 0, 0, 0, 0, 0, 0, 0, 0, 0, 0, 0, 0, 0, 0, 0, 0, 0, 0, 0, 0, 0, 0, 0, 0, 0, 0, 0, 0, 0, 0, 0, 0, 0, 0, 0, 0, 0, 0, 0, 0, 0, 0, 0, 0, 0, 0, 0, 0, 0, 0, 0, 0, 0, 0, 0, 0, 0, 0, 0, 0, 0, 0, 0, 0, 0, 0, 0, 0, 0, 0, 0, 0, 0, 0, 0, 0, 0, 0, 0, 0, 0, 0, 0, 0, 0, 0, 0, 0, 0, 0, 0, 0, 0, 0, 0, 0, 0, 0, 0, 0, 0, 0, 0, 0, 0, 0, 0, 0, 0, 0, 0, 0, 0, 0, 0, 0, 0, 0, 0, 0, 0, 0, 0, 0, 0, 0, 0, 0, 0, 0, 0, 0, 0, 0, 0, 0, 0, 0, 0, 0, 0, 0, 0, 0, 0, 0, 0, 0, 0, 0, 0, 0, 0, 0, 0, 0, 0, 0, 0, 98, 19, 0, 13, 103, 24, 0, 223, 105, 26, 0, 255, 107, 28, 0, 255, 109, 30, 0, 255, 111, 32, 0, 255, 12, 3, 0, 234, 0, 0, 0, 255, 0, 0, 0, 255, 17, 17, 17, 209, 76, 76, 76, 192, 70, 70, 70, 192, 2, 2, 2, 232, 0, 0, 0, 255, 0, 0, 0, 255, 0, 0, 0, 255, 0, 0, 0, 255, 0, 0, 0, 255, 0, 0, 0, 255, 0, 0, 0, 255, 124, 44, 0, 191, 154, 55, 0, 255, 154, 55, 0, 255, 154, 55, 0, 255, 154, 55, 0, 255, 155, 55, 0, 255, 59, 46, 35, 237, 59, 46, 35, 237, 95, 50, 21, 199, 131, 52, 7, 194, 154, 54, 0, 224, 156, 55, 0, 255, 100, 81, 67, 244, 98, 84, 72, 255, 113, 74, 51, 210, 157, 55, 0, 255, 157, 55, 0, 255, 157, 55, 0, 255, 157, 55, 0, 255, 157, 55, 0, 255, 157, 55, 0, 255, 158, 55, 0, 255, 158, 55, 0, 255, 158, 55, 0, 255, 158, 55, 0, 255, 158, 55, 0, 255, 158, 55, 0, 255, 159, 55, 0, 255, 159, 55, 0, 255, 159, 55, 0, 255, 159, 55, 0, 255, 159, 55, 0, 255, 159, 55, 0, 255, 159, 55, 0, 255, 159, 55, 0, 255, 160, 55, 0, 255, 160, 55, 0, 255, 160, 55, 0, 255, 160, 55, 0, 255, 160, 55, 0, 255, 160, 55, 0, 255, 160, 55, 0, 255, 160, 55, 0, 255, 160, 55, 0, 255, 160, 55, 0, 255, 161, 55, 0, 255, 161, 55, 0, 255, 161, 55, 0, 255, 161, 55, 0, 255, 161, 55, 0, 255, 161, 55, 0, 255, 161, 55, 0, 255, 161, 55, 0, 255, 161, 55, 0, 255, 161, 55, 0, 255, 161, 55, 0, 255, 161, 55, 0, 255, 161, 55, 0, 255, 161, 55, 0, 255, 161, 55, 0, 255, 161, 55, 0, 255, 161, 55, 0, 255, 161, 55, 0, 255, 161, 55, 0, 255, 161, 55, 0, 255, 161, 55, 0, 255, 161, 55, 0, 255, 161, 55, 0, 255, 161, 55, 0, 255, 161, 55, 0, 255, 161, 55, 0, 255, 160, 55, 0, 255, 160, 55, 0, 255, 160, 55, 0, 255, 160, 55, 0, 255, 160, 55, 0, 255, 160, 55, 0, 255, 160, 55, 0, 255, 160, 55, 0, 255, 160, 55, 0, 255, 160, 55, 0, 255, 160, 55, 0, 255, 159, 55, 0, 255, 159, 55, 0, 255, 159, 55, 0, 255, 159, 55, 0, 255, 159, 55, 0, 255, 159, 55, 0, 255, 159, 55, 0, 255, 158, 55, 0, 255, 158, 55, 0, 255, 158, 55, 0, 255, 158, 55, 0, 255, 158, 55, 0, 255, 158, 55, 0, 255, 157, 55, 0, 255, 157, 55, 0, 255, 157, 55, 0, 255, 157, 55, 0, 255, 157, 55, 0, 255, 157, 55, 0, 255, 156, 55, 0, 255, 156, 55, 0, 255, 156, 55, 0, 255, 156, 55, 0, 255, 156, 55, 0, 255, 155, 55, 0, 255, 155, 55, 0, 255, 155, 55, 0, 255, 155, 55, 0, 255, 155, 55, 0, 255, 154, 55, 0, 255, 154, 55, 0, 255, 154, 55, 0, 255, 154, 55, 0, 255, 153, 55, 0, 255, 153, 55, 0, 255, 153, 55, 0, 255, 153, 55, 0, 255, 153, 55, 0, 255, 152, 55, 0, 255, 152, 55, 0, 255, 152, 55, 0, 255, 152, 55, 0, 255, 138, 47, 0, 204, 110, 32, 0, 190, 0, 0, 0, 0, 0, 0, 0, 0, 0, 0, 0, 0, 0, 0, 0, 0, 0, 0, 0, 0, 0, 0, 0, 0, 0, 0, 0, 0, 0, 0, 0, 0, 0, 0, 0, 0, 0, 0, 0, 0, 0, 0, 0, 0, 0, 0, 0, 0, 0, 0, 0, 0, 0, 0, 0, 0, 0, 0, 0, 0, 0, 0, 0, 0, 0, 0, 0, 0, 0, 0, 0, 0, 0, 0, 0, 0, 0, 0, 0, 0, 0, 0, 0, 0, 0, 0, 0, 0, 0, 0, 0, 0, 0, 0, 0, 0, 0, 0, 0, 0, 0, 0, 0, 0, 0, 0, 0, 0, 0, 0, 0, 0, 0, 0, 0, 0, 0, 0, 0, 0, 0, 0, 0, 0, 0, 0, 0, 0, 0, 0, 0, 0, 0, 0, 0, 0, 0, 0, 0, 0, 0, 0, 0, 0, 0, 0, 0, 0, 0, 0, 0, 0, 0, 0, 0, 0, 0, 0, 0, 0, 0, 0, 0, 0, 0, 0, 0, 0, 0, 0, 0, 0, 0, 0, 0, 0, 0, 0, 0, 0, 0, 0, 0, 0, 0, 0, 0, 0, 103, 20, 0, 62, 103, 23, 0, 253, 105, 26, 0, 255, 107, 28, 0, 255, 109, 30, 0, 255, 9, 2, 0, 235, 0, 0, 0, 255, 0, 0, 0, 255, 0, 0, 0, 255, 0, 0, 0, 255, 0, 0, 0, 255, 0, 0, 0, 255, 0, 0, 0, 255, 0, 0, 0, 255, 0, 0, 0, 255, 0, 0, 0, 255, 0, 0, 0, 255, 0, 0, 0, 255, 0, 0, 0, 255, 102, 37, 0, 179, 153, 55, 0, 255, 154, 55, 0, 255, 154, 55, 0, 255, 154, 55, 0, 255, 153, 55, 0, 237, 51, 47, 41, 255, 51, 47, 41, 255, 51, 47, 41, 255, 51, 47, 41, 255, 51, 47, 41, 255, 64, 47, 34, 228, 74, 64, 56, 195, 91, 77, 66, 199, 122, 69, 38, 192, 156, 55, 0, 255, 156, 55, 0, 255, 157, 55, 0, 255, 157, 55, 0, 255, 157, 55, 0, 255, 157, 55, 0, 255, 157, 55, 0, 255, 157, 55, 0, 255, 158, 55, 0, 255, 158, 55, 0, 255, 158, 55, 0, 255, 158, 55, 0, 255, 158, 55, 0, 255, 158, 55, 0, 255, 158, 55, 0, 255, 159, 55, 0, 255, 159, 55, 0, 255, 159, 55, 0, 255, 159, 55, 0, 255, 159, 55, 0, 255, 159, 55, 0, 255, 159, 55, 0, 255, 159, 55, 0, 255, 159, 55, 0, 255, 160, 55, 0, 255, 160, 55, 0, 255, 164, 58, 0, 193, 165, 58, 0, 192, 160, 55, 0, 231, 160, 55, 0, 255, 160, 55, 0, 255, 160, 55, 0, 255, 160, 55, 0, 255, 160, 55, 0, 255, 160, 55, 0, 255, 160, 55, 0, 255, 160, 55, 0, 255, 160, 55, 0, 255, 160, 55, 0, 255, 160, 55, 0, 255, 160, 55, 0, 255, 160, 55, 0, 255, 160, 55, 0, 255, 160, 55, 0, 255, 160, 55, 0, 255, 160, 55, 0, 255, 160, 55, 0, 255, 160, 55, 0, 255, 160, 55, 0, 255, 160, 55, 0, 255, 160, 55, 0, 255, 160, 55, 0, 255, 160, 55, 0, 255, 160, 55, 0, 255, 160, 55, 0, 255, 160, 55, 0, 255, 160, 55, 0, 255, 160, 55, 0, 255, 160, 55, 0, 255, 160, 55, 0, 255, 160, 55, 0, 255, 160, 55, 0, 255, 160, 55, 0, 255, 159, 55, 0, 255, 159, 55, 0, 255, 159, 55, 0, 255, 159, 55, 0, 255, 159, 55, 0, 255, 159, 55, 0, 255, 159, 55, 0, 255, 159, 55, 0, 255, 159, 55, 0, 255, 158, 55, 0, 255, 158, 55, 0, 255, 158, 55, 0, 255, 158, 55, 0, 255, 158, 55, 0, 255, 158, 55, 0, 255, 157, 55, 0, 255, 157, 55, 0, 255, 157, 55, 0, 255, 157, 55, 0, 255, 157, 55, 0, 255, 157, 55, 0, 255, 157, 55, 0, 255, 156, 55, 0, 255, 156, 55, 0, 255, 156, 55, 0, 255, 156, 55, 0, 255, 156, 55, 0, 255, 155, 55, 0, 255, 155, 55, 0, 255, 155, 55, 0, 255, 155, 55, 0, 255, 155, 55, 0, 255, 154, 55, 0, 255, 154, 55, 0, 255, 154, 55, 0, 255, 154, 55, 0, 255, 153, 55, 0, 255, 153, 55, 0, 255, 153, 55, 0, 255, 153, 55, 0, 255, 152, 55, 0, 255, 152, 55, 0, 255, 152, 55, 0, 255, 152, 55, 0, 255, 152, 55, 0, 255, 151, 55, 0, 255, 125, 40, 0, 191, 109, 32, 0, 248, 113, 28, 0, 9, 0, 0, 0, 0, 0, 0, 0, 0, 0, 0, 0, 0, 0, 0, 0, 0, 0, 0, 0, 0, 0, 0, 0, 0, 0, 0, 0, 0, 0, 0, 0, 0, 0, 0, 0, 0, 0, 0, 0, 0, 0, 0, 0, 0, 0, 0, 0, 0, 0, 0, 0, 0, 0, 0, 0, 0, 0, 0, 0, 0, 0, 0, 0, 0, 0, 0, 0, 0, 0, 0, 0, 0, 0, 0, 0, 0, 0, 0, 0, 0, 0, 0, 0, 0, 0, 0, 0, 0, 0, 0, 0, 0, 0, 0, 0, 0, 0, 0, 0, 0, 0, 0, 0, 0, 0, 0, 0, 0, 0, 0, 0, 0, 0, 0, 0, 0, 0, 0, 0, 0, 0, 0, 0, 0, 0, 0, 0, 0, 0, 0, 0, 0, 0, 0, 0, 0, 0, 0, 0, 0, 0, 0, 0, 0, 0, 0, 0, 0, 0, 0, 0, 0, 0, 0, 0, 0, 0, 0, 0, 0, 0, 0, 0, 0, 0, 0, 0, 0, 0, 0, 0, 0, 0, 0, 0, 0, 0, 0, 0, 0, 0, 0, 0, 0, 0, 0, 0, 0, 102, 21, 0, 140, 104, 24, 0, 255, 105, 26, 0, 255, 107, 28, 0, 255, 33, 8, 0, 207, 0, 0, 0, 255, 0, 0, 0, 255, 0, 0, 0, 255, 0, 0, 0, 255, 0, 0, 0, 255, 0, 0, 0, 255, 0, 0, 0, 255, 0, 0, 0, 255, 0, 0, 0, 255, 0, 0, 0, 255, 0, 0, 0, 255, 0, 0, 0, 255, 0, 0, 0, 255, 109, 41, 0, 198, 149, 53, 0, 239, 153, 55, 0, 255, 153, 55, 0, 255, 154, 55, 0, 255, 146, 53, 2, 209, 51, 47, 41, 255, 51, 47, 41, 255, 51, 47, 41, 255, 51, 47, 41, 255, 51, 47, 41, 255, 51, 47, 41, 255, 51, 47, 41, 255, 51, 47, 41, 255, 51, 46, 39, 253, 76, 48, 30, 213, 117, 50, 13, 192, 146, 53, 2, 206, 156, 54, 0, 247, 157, 55, 0, 255, 157, 55, 0, 255, 157, 55, 0, 255, 157, 55, 0, 255, 157, 55, 0, 255, 157, 55, 0, 255, 157, 55, 0, 255, 158, 55, 0, 255, 158, 55, 0, 255, 158, 55, 0, 255, 158, 55, 0, 255, 158, 55, 0, 255, 158, 55, 0, 255, 158, 55, 0, 255, 159, 55, 0, 255, 159, 55, 0, 255, 159, 55, 0, 255, 159, 55, 0, 255, 159, 55, 0, 255, 159, 55, 0, 255, 159, 55, 0, 255, 160, 54, 0, 220, 176, 69, 0, 250, 177, 71, 0, 255, 176, 69, 0, 254, 171, 65, 0, 204, 163, 57, 0, 196, 160, 54, 0, 245, 160, 55, 0, 255, 160, 55, 0, 255, 160, 55, 0, 255, 160, 55, 0, 255, 160, 55, 0, 255, 160, 55, 0, 255, 160, 55, 0, 255, 160, 55, 0, 255, 160, 55, 0, 255, 160, 55, 0, 255, 160, 55, 0, 255, 160, 55, 0, 255, 160, 55, 0, 255, 160, 55, 0, 255, 160, 55, 0, 255, 160, 55, 0, 255, 160, 55, 0, 255, 160, 55, 0, 255, 160, 55, 0, 255, 160, 55, 0, 255, 160, 55, 0, 255, 160, 55, 0, 255, 160, 55, 0, 255, 160, 55, 0, 255, 160, 55, 0, 255, 160, 55, 0, 255, 159, 55, 0, 255, 159, 55, 0, 255, 159, 55, 0, 255, 159, 55, 0, 255, 159, 55, 0, 255, 159, 55, 0, 255, 159, 55, 0, 255, 159, 55, 0, 255, 159, 55, 0, 255, 159, 55, 0, 255, 159, 55, 0, 255, 158, 55, 0, 255, 158, 55, 0, 255, 158, 55, 0, 255, 158, 55, 0, 255, 158, 55, 0, 255, 158, 55, 0, 255, 158, 55, 0, 255, 157, 55, 0, 255, 157, 55, 0, 255, 157, 55, 0, 255, 157, 55, 0, 255, 157, 55, 0, 255, 157, 55, 0, 255, 157, 55, 0, 255, 156, 55, 0, 255, 156, 55, 0, 255, 156, 55, 0, 255, 156, 55, 0, 255, 156, 55, 0, 255, 155, 55, 0, 255, 155, 55, 0, 255, 155, 55, 0, 255, 155, 55, 0, 255, 155, 55, 0, 255, 154, 55, 0, 255, 154, 55, 0, 255, 154, 55, 0, 255, 154, 55, 0, 255, 154, 55, 0, 255, 153, 55, 0, 255, 153, 55, 0, 255, 153, 55, 0, 255, 153, 55, 0, 255, 152, 55, 0, 255, 152, 55, 0, 255, 152, 55, 0, 255, 152, 55, 0, 255, 152, 55, 0, 255, 151, 55, 0, 255, 151, 55, 0, 255, 115, 34, 0, 201, 110, 31, 0, 255, 107, 25, 0, 69, 0, 0, 0, 0, 0, 0, 0, 0, 0, 0, 0, 0, 0, 0, 0, 0, 0, 0, 0, 0, 0, 0, 0, 0, 0, 0, 0, 0, 0, 0, 0, 0, 0, 0, 0, 0, 0, 0, 0, 0, 0, 0, 0, 0, 0, 0, 0, 0, 0, 0, 0, 0, 0, 0, 0, 0, 0, 0, 0, 0, 0, 0, 0, 0, 0, 0, 0, 0, 0, 0, 0, 0, 0, 0, 0, 0, 0, 0, 0, 0, 0, 0, 0, 0, 0, 0, 0, 0, 0, 0, 0, 0, 0, 0, 0, 0, 0, 0, 0, 0, 0, 0, 0, 0, 0, 0, 0, 0, 0, 0, 0, 0, 0, 0, 0, 0, 0, 0, 0, 0, 0, 0, 0, 0, 0, 0, 0, 0, 0, 0, 0, 0, 0, 0, 0, 0, 0, 0, 0, 0, 0, 0, 0, 0, 0, 0, 0, 0, 0, 0, 0, 0, 0, 0, 0, 0, 0, 0, 0, 0, 0, 0, 0, 0, 0, 0, 0, 0, 0, 0, 0, 0, 0, 0, 0, 0, 0, 0, 0, 0, 0, 0, 0, 0, 0, 0, 0, 0, 109, 0, 0, 7, 101, 21, 0, 212, 104, 24, 0, 255, 105, 26, 0, 255, 73, 18, 0, 192, 0, 0, 0, 255, 0, 0, 0, 255, 0, 0, 0, 255, 0, 0, 0, 255, 0, 0, 0, 255, 0, 0, 0, 255, 0, 0, 0, 255, 0, 0, 0, 255, 0, 0, 0, 255, 0, 0, 0, 255, 0, 0, 0, 255, 0, 0, 0, 255, 1, 0, 0, 253, 125, 48, 0, 240, 146, 53, 0, 212, 153, 55, 0, 255, 153, 55, 0, 255, 153, 55, 0, 255, 147, 54, 1, 213, 63, 46, 34, 230, 51, 47, 41, 255, 51, 47, 41, 255, 51, 47, 41, 255, 51, 47, 41, 255, 51, 47, 41, 255, 51, 47, 41, 255, 51, 47, 41, 255, 51, 47, 41, 255, 51, 47, 41, 255, 51, 47, 41, 255, 51, 47, 41, 255, 53, 46, 38, 248, 84, 48, 27, 206, 129, 52, 9, 192, 156, 55, 0, 255, 157, 55, 0, 255, 157, 55, 0, 255, 157, 55, 0, 255, 157, 55, 0, 255, 157, 55, 0, 255, 157, 55, 0, 255, 157, 55, 0, 255, 158, 55, 0, 255, 158, 55, 0, 255, 158, 55, 0, 255, 158, 55, 0, 255, 158, 55, 0, 255, 158, 55, 0, 255, 158, 55, 0, 255, 158, 55, 0, 255, 159, 55, 0, 255, 159, 55, 0, 255, 159, 55, 0, 255, 171, 66, 0, 209, 177, 71, 0, 255, 177, 71, 0, 255, 177, 71, 0, 255, 177, 71, 0, 255, 177, 71, 0, 255, 176, 69, 0, 244, 169, 63, 0, 195, 161, 56, 0, 205, 158, 54, 0, 253, 159, 55, 0, 255, 159, 55, 0, 255, 160, 55, 0, 255, 160, 55, 0, 255, 160, 55, 0, 255, 160, 55, 0, 255, 160, 55, 0, 255, 160, 55, 0, 255, 160, 55, 0, 255, 160, 55, 0, 255, 160, 55, 0, 255, 160, 55, 0, 255, 160, 55, 0, 255, 160, 55, 0, 255, 160, 55, 0, 255, 159, 55, 0, 255, 159, 55, 0, 255, 159, 55, 0, 255, 159, 55, 0, 255, 159, 55, 0, 255, 159, 55, 0, 255, 159, 55, 0, 255, 159, 55, 0, 255, 159, 55, 0, 255, 159, 55, 0, 255, 159, 55, 0, 255, 159, 55, 0, 255, 159, 55, 0, 255, 159, 55, 0, 255, 159, 55, 0, 255, 158, 55, 0, 255, 158, 55, 0, 255, 158, 55, 0, 255, 158, 55, 0, 255, 158, 55, 0, 255, 158, 55, 0, 255, 158, 55, 0, 255, 158, 55, 0, 255, 157, 55, 0, 255, 157, 55, 0, 255, 157, 55, 0, 255, 157, 55, 0, 255, 157, 55, 0, 255, 157, 55, 0, 255, 157, 55, 0, 255, 156, 55, 0, 255, 156, 55, 0, 255, 156, 55, 0, 255, 156, 55, 0, 255, 156, 55, 0, 255, 156, 55, 0, 255, 155, 55, 0, 255, 155, 55, 0, 255, 155, 55, 0, 255, 155, 55, 0, 255, 155, 55, 0, 255, 154, 55, 0, 255, 154, 55, 0, 255, 154, 55, 0, 255, 154, 55, 0, 255, 154, 55, 0, 255, 153, 55, 0, 255, 153, 55, 0, 255, 153, 55, 0, 255, 153, 55, 0, 255, 153, 55, 0, 255, 152, 55, 0, 255, 152, 55, 0, 255, 152, 55, 0, 255, 152, 55, 0, 255, 151, 55, 0, 255, 151, 55, 0, 255, 151, 55, 0, 255, 150, 54, 0, 255, 110, 31, 0, 234, 109, 30, 0, 255, 107, 26, 0, 136, 0, 0, 0, 0, 0, 0, 0, 0, 0, 0, 0, 0, 0, 0, 0, 0, 0, 0, 0, 0, 0, 0, 0, 0, 0, 0, 0, 0, 0, 0, 0, 0, 0, 0, 0, 0, 0, 0, 0, 0, 0, 0, 0, 0, 0, 0, 0, 0, 0, 0, 0, 0, 0, 0, 0, 0, 0, 0, 0, 0, 0, 0, 0, 0, 0, 0, 0, 0, 0, 0, 0, 0, 0, 0, 0, 0, 0, 0, 0, 0, 0, 0, 0, 0, 0, 0, 0, 0, 0, 0, 0, 0, 0, 0, 0, 0, 0, 0, 0, 0, 0, 0, 0, 0, 0, 0, 0, 0, 0, 0, 0, 0, 0, 0, 0, 0, 0, 0, 0, 0, 0, 0, 0, 0, 0, 0, 0, 0, 0, 0, 0, 0, 0, 0, 0, 0, 0, 0, 0, 0, 0, 0, 0, 0, 0, 0, 0, 0, 0, 0, 0, 0, 0, 0, 0, 0, 0, 0, 0, 0, 0, 0, 0, 0, 0, 0, 0, 0, 0, 0, 0, 0, 0, 0, 0, 0, 0, 0, 0, 0, 0, 0, 0, 0, 0, 0, 0, 0, 0, 0, 0, 0, 101, 21, 0, 48, 102, 21, 0, 250, 104, 24, 0, 255, 102, 24, 0, 220, 1, 0, 0, 254, 0, 0, 0, 255, 0, 0, 0, 255, 0, 0, 0, 255, 0, 0, 0, 255, 0, 0, 0, 255, 0, 0, 0, 255, 0, 0, 0, 255, 0, 0, 0, 255, 0, 0, 0, 255, 0, 0, 0, 255, 0, 0, 0, 255, 65, 25, 0, 194, 125, 48, 0, 255, 141, 51, 0, 199, 152, 55, 0, 255, 153, 55, 0, 255, 153, 55, 0, 255, 153, 55, 0, 255, 153, 54, 0, 250, 134, 53, 6, 196, 72, 48, 31, 218, 51, 47, 41, 255, 51, 47, 41, 255, 51, 47, 41, 255, 51, 47, 41, 255, 51, 47, 41, 255, 51, 47, 41, 255, 51, 47, 41, 255, 51, 47, 41, 255, 51, 47, 41, 255, 51, 47, 41, 255, 51, 47, 41, 255, 79, 48, 28, 210, 156, 55, 0, 255, 156, 55, 0, 255, 156, 55, 0, 255, 157, 55, 0, 255, 157, 55, 0, 255, 157, 55, 0, 255, 157, 55, 0, 255, 157, 55, 0, 255, 157, 55, 0, 255, 157, 55, 0, 255, 157, 55, 0, 255, 158, 55, 0, 255, 158, 55, 0, 255, 158, 55, 0, 255, 158, 55, 0, 255, 158, 55, 0, 255, 158, 55, 0, 255, 158, 55, 0, 255, 162, 58, 0, 194, 177, 71, 0, 255, 177, 71, 0, 255, 177, 71, 0, 255, 177, 71, 0, 255, 177, 71, 0, 255, 177, 71, 0, 255, 177, 71, 0, 255, 177, 71, 0, 255, 177, 71, 0, 255, 175, 68, 0, 231, 166, 60, 0, 191, 160, 54, 0, 220, 159, 55, 0, 255, 159, 55, 0, 255, 159, 55, 0, 255, 159, 55, 0, 255, 159, 55, 0, 255, 159, 55, 0, 255, 159, 55, 0, 255, 159, 55, 0, 255, 159, 55, 0, 255, 159, 55, 0, 255, 159, 55, 0, 255, 159, 55, 0, 255, 159, 55, 0, 255, 159, 55, 0, 255, 159, 55, 0, 255, 159, 55, 0, 255, 159, 55, 0, 255, 159, 55, 0, 255, 159, 55, 0, 255, 159, 55, 0, 255, 159, 55, 0, 255, 159, 55, 0, 255, 159, 55, 0, 255, 159, 55, 0, 255, 158, 55, 0, 255, 158, 55, 0, 255, 158, 55, 0, 255, 158, 55, 0, 255, 158, 55, 0, 255, 158, 55, 0, 255, 158, 55, 0, 255, 158, 55, 0, 255, 158, 55, 0, 255, 157, 55, 0, 255, 157, 55, 0, 255, 157, 55, 0, 255, 157, 55, 0, 255, 157, 55, 0, 255, 157, 55, 0, 255, 157, 55, 0, 255, 157, 55, 0, 255, 156, 55, 0, 255, 156, 55, 0, 255, 156, 55, 0, 255, 156, 55, 0, 255, 156, 55, 0, 255, 156, 55, 0, 255, 155, 55, 0, 255, 155, 55, 0, 255, 155, 55, 0, 255, 155, 55, 0, 255, 155, 55, 0, 255, 155, 55, 0, 255, 154, 55, 0, 255, 154, 55, 0, 255, 154, 55, 0, 255, 154, 55, 0, 255, 154, 55, 0, 255, 153, 55, 0, 255, 153, 55, 0, 255, 153, 55, 0, 255, 153, 55, 0, 255, 152, 55, 0, 255, 152, 55, 0, 255, 152, 55, 0, 255, 152, 55, 0, 255, 152, 55, 0, 255, 151, 55, 0, 255, 151, 55, 0, 255, 151, 55, 0, 255, 151, 55, 0, 255, 143, 50, 0, 226, 110, 31, 0, 255, 108, 29, 0, 255, 105, 26, 0, 204, 0, 0, 0, 0, 0, 0, 0, 0, 0, 0, 0, 0, 0, 0, 0, 0, 0, 0, 0, 0, 0, 0, 0, 0, 0, 0, 0, 0, 0, 0, 0, 0, 0, 0, 0, 0, 0, 0, 0, 0, 0, 0, 0, 0, 0, 0, 0, 0, 0, 0, 0, 0, 0, 0, 0, 0, 0, 0, 0, 0, 0, 0, 0, 0, 0, 0, 0, 0, 0, 0, 0, 0, 0, 0, 0, 0, 0, 0, 0, 0, 0, 0, 0, 0, 0, 0, 0, 0, 0, 0, 0, 0, 0, 0, 0, 0, 0, 0, 0, 0, 0, 0, 0, 0, 0, 0, 0, 0, 0, 0, 0, 0, 0, 0, 0, 0, 0, 0, 0, 0, 0, 0, 0, 0, 0, 0, 0, 0, 0, 0, 0, 0, 0, 0, 0, 0, 0, 0, 0, 0, 0, 0, 0, 0, 0, 0, 0, 0, 0, 0, 0, 0, 0, 0, 0, 0, 0, 0, 0, 0, 0, 0, 0, 0, 0, 0, 0, 0, 0, 0, 0, 0, 0, 0, 0, 0, 0, 0, 0, 0, 0, 0, 0, 0, 0, 0, 0, 0, 0, 0, 0, 0, 0, 0, 0, 0, 101, 20, 0, 123, 102, 22, 0, 255, 103, 24, 0, 255, 79, 19, 0, 193, 0, 0, 0, 255, 0, 0, 0, 255, 0, 0, 0, 255, 0, 0, 0, 255, 0, 0, 0, 255, 0, 0, 0, 255, 0, 0, 0, 255, 0, 0, 0, 255, 0, 0, 0, 255, 0, 0, 0, 255, 21, 8, 0, 222, 125, 48, 0, 245, 125, 48, 0, 255, 143, 51, 0, 207, 152, 55, 0, 255, 152, 55, 0, 255, 152, 55, 0, 255, 153, 55, 0, 255, 153, 55, 0, 255, 153, 55, 0, 255, 153, 55, 0, 255, 143, 53, 3, 204, 84, 48, 27, 206, 51, 47, 40, 255, 51, 47, 41, 255, 51, 47, 41, 255, 51, 47, 41, 255, 51, 47, 41, 255, 51, 47, 41, 255, 51, 47, 41, 255, 51, 47, 41, 255, 51, 47, 41, 255, 109, 50, 17, 192, 156, 55, 0, 255, 156, 55, 0, 255, 156, 55, 0, 255, 156, 55, 0, 255, 156, 55, 0, 255, 156, 55, 0, 255, 157, 55, 0, 255, 157, 55, 0, 255, 157, 55, 0, 255, 157, 55, 0, 255, 157, 55, 0, 255, 157, 55, 0, 255, 157, 55, 0, 255, 157, 55, 0, 255, 157, 55, 0, 255, 158, 55, 0, 255, 158, 55, 0, 255, 159, 54, 0, 235, 175, 69, 0, 239, 177, 71, 0, 255, 177, 71, 0, 255, 177, 71, 0, 255, 177, 71, 0, 255, 177, 71, 0, 255, 177, 71, 0, 255, 177, 71, 0, 255, 177, 71, 0, 255, 177, 71, 0, 255, 177, 71, 0, 255, 177, 71, 0, 255, 176, 70, 0, 255, 161, 56, 0, 198, 159, 55, 0, 255, 159, 55, 0, 255, 159, 55, 0, 255, 159, 55, 0, 255, 159, 55, 0, 255, 159, 55, 0, 255, 159, 55, 0, 255, 159, 55, 0, 255, 159, 55, 0, 255, 159, 55, 0, 255, 159, 55, 0, 255, 159, 55, 0, 255, 159, 55, 0, 255, 159, 55, 0, 255, 159, 55, 0, 255, 159, 55, 0, 255, 158, 55, 0, 255, 158, 55, 0, 255, 158, 55, 0, 255, 158, 55, 0, 255, 158, 55, 0, 255, 158, 55, 0, 255, 158, 55, 0, 255, 158, 55, 0, 255, 158, 55, 0, 255, 158, 55, 0, 255, 158, 55, 0, 255, 158, 55, 0, 255, 158, 55, 0, 255, 157, 55, 0, 255, 157, 55, 0, 255, 157, 55, 0, 255, 157, 55, 0, 255, 157, 55, 0, 255, 157, 55, 0, 255, 157, 55, 0, 255, 157, 55, 0, 255, 157, 55, 0, 255, 156, 55, 0, 255, 156, 55, 0, 255, 156, 55, 0, 255, 156, 55, 0, 255, 156, 55, 0, 255, 156, 55, 0, 255, 155, 55, 0, 255, 155, 55, 0, 255, 155, 55, 0, 255, 155, 55, 0, 255, 155, 55, 0, 255, 155, 55, 0, 255, 154, 55, 0, 255, 154, 55, 0, 255, 154, 55, 0, 255, 154, 55, 0, 255, 154, 55, 0, 255, 153, 55, 0, 255, 153, 55, 0, 255, 153, 55, 0, 255, 153, 55, 0, 255, 153, 55, 0, 255, 152, 55, 0, 255, 152, 55, 0, 255, 152, 55, 0, 255, 152, 55, 0, 255, 152, 55, 0, 255, 151, 55, 0, 255, 151, 55, 0, 255, 151, 55, 0, 255, 151, 55, 0, 255, 150, 55, 0, 255, 132, 44, 0, 197, 109, 30, 0, 255, 107, 28, 0, 255, 105, 25, 0, 253, 99, 14, 0, 18, 0, 0, 0, 0, 0, 0, 0, 0, 0, 0, 0, 0, 0, 0, 0, 0, 0, 0, 0, 0, 0, 0, 0, 0, 0, 0, 0, 0, 0, 0, 0, 0, 0, 0, 0, 0, 0, 0, 0, 0, 0, 0, 0, 0, 0, 0, 0, 0, 0, 0, 0, 0, 0, 0, 0, 0, 0, 0, 0, 0, 0, 0, 0, 0, 0, 0, 0, 0, 0, 0, 0, 0, 0, 0, 0, 0, 0, 0, 0, 0, 0, 0, 0, 0, 0, 0, 0, 0, 0, 0, 0, 0, 0, 0, 0, 0, 0, 0, 0, 0, 0, 0, 0, 0, 0, 0, 0, 0, 0, 0, 0, 0, 0, 0, 0, 0, 0, 0, 0, 0, 0, 0, 0, 0, 0, 0, 0, 0, 0, 0, 0, 0, 0, 0, 0, 0, 0, 0, 0, 0, 0, 0, 0, 0, 0, 0, 0, 0, 0, 0, 0, 0, 0, 0, 0, 0, 0, 0, 0, 0, 0, 0, 0, 0, 0, 0, 0, 0, 0, 0, 0, 0, 0, 0, 0, 0, 0, 0, 0, 0, 0, 0, 0, 0, 0, 0, 0, 0, 0, 0, 0, 0, 85, 0, 0, 3, 101, 21, 0, 199, 102, 22, 0, 255, 103, 24, 0, 255, 70, 17, 0, 192, 0, 0, 0, 255, 0, 0, 0, 255, 0, 0, 0, 255, 0, 0, 0, 255, 0, 0, 0, 255, 0, 0, 0, 255, 0, 0, 0, 255, 0, 0, 0, 255, 6, 2, 0, 244, 116, 42, 0, 215, 123, 47, 0, 255, 125, 48, 0, 255, 147, 53, 0, 234, 152, 55, 0, 255, 152, 55, 0, 255, 152, 55, 0, 255, 152, 55, 0, 255, 152, 55, 0, 255, 153, 55, 0, 255, 153, 55, 0, 255, 153, 55, 0, 255, 153, 55, 0, 255, 99, 78, 61, 205, 75, 64, 55, 194, 52, 47, 41, 247, 51, 47, 41, 255, 51, 47, 41, 255, 51, 47, 41, 255, 51, 47, 41, 255, 51, 47, 41, 255, 51, 47, 41, 255, 135, 52, 6, 195, 155, 55, 0, 255, 155, 55, 0, 255, 156, 55, 0, 255, 156, 55, 0, 255, 156, 55, 0, 255, 156, 55, 0, 255, 156, 55, 0, 255, 156, 55, 0, 255, 156, 55, 0, 255, 157, 55, 0, 255, 157, 55, 0, 255, 157, 55, 0, 255, 157, 55, 0, 255, 157, 55, 0, 255, 157, 55, 0, 255, 157, 55, 0, 255, 157, 55, 0, 255, 160, 56, 0, 198, 175, 69, 0, 246, 177, 71, 0, 255, 177, 71, 0, 255, 177, 71, 0, 255, 177, 71, 0, 255, 177, 71, 0, 255, 177, 71, 0, 255, 177, 71, 0, 255, 177, 71, 0, 255, 177, 71, 0, 255, 177, 71, 0, 255, 177, 71, 0, 255, 177, 71, 0, 255, 164, 58, 0, 191, 158, 55, 0, 255, 158, 55, 0, 255, 158, 55, 0, 255, 158, 55, 0, 255, 158, 55, 0, 255, 158, 55, 0, 255, 158, 55, 0, 255, 158, 55, 0, 255, 158, 55, 0, 255, 158, 55, 0, 255, 158, 55, 0, 255, 158, 55, 0, 255, 158, 55, 0, 255, 158, 55, 0, 255, 158, 55, 0, 255, 158, 55, 0, 255, 158, 55, 0, 255, 158, 55, 0, 255, 158, 55, 0, 255, 158, 55, 0, 255, 158, 55, 0, 255, 158, 55, 0, 255, 158, 55, 0, 255, 158, 55, 0, 255, 158, 55, 0, 255, 157, 55, 0, 255, 157, 55, 0, 255, 157, 55, 0, 255, 157, 55, 0, 255, 157, 55, 0, 255, 157, 55, 0, 255, 157, 55, 0, 255, 157, 55, 0, 255, 157, 55, 0, 255, 157, 55, 0, 255, 156, 55, 0, 255, 156, 55, 0, 255, 156, 55, 0, 255, 156, 55, 0, 255, 156, 55, 0, 255, 156, 55, 0, 255, 156, 55, 0, 255, 155, 55, 0, 255, 155, 55, 0, 255, 155, 55, 0, 255, 155, 55, 0, 255, 155, 55, 0, 255, 155, 55, 0, 255, 154, 55, 0, 255, 154, 55, 0, 255, 154, 55, 0, 255, 154, 55, 0, 255, 154, 55, 0, 255, 153, 55, 0, 255, 153, 55, 0, 255, 153, 55, 0, 255, 153, 55, 0, 255, 153, 55, 0, 255, 152, 55, 0, 255, 152, 55, 0, 255, 152, 55, 0, 255, 152, 55, 0, 255, 152, 55, 0, 255, 151, 55, 0, 255, 151, 55, 0, 255, 151, 55, 0, 255, 151, 55, 0, 255, 151, 55, 0, 255, 150, 55, 0, 255, 150, 55, 0, 255, 120, 36, 0, 192, 108, 29, 0, 255, 106, 27, 0, 255, 104, 25, 0, 255, 101, 21, 0, 83, 0, 0, 0, 0, 0, 0, 0, 0, 0, 0, 0, 0, 0, 0, 0, 0, 0, 0, 0, 0, 0, 0, 0, 0, 0, 0, 0, 0, 0, 0, 0, 0, 0, 0, 0, 0, 0, 0, 0, 0, 0, 0, 0, 0, 0, 0, 0, 0, 0, 0, 0, 0, 0, 0, 0, 0, 0, 0, 0, 0, 0, 0, 0, 0, 0, 0, 0, 0, 0, 0, 0, 0, 0, 0, 0, 0, 0, 0, 0, 0, 0, 0, 0, 0, 0, 0, 0, 0, 0, 0, 0, 0, 0, 0, 0, 0, 0, 0, 0, 0, 0, 0, 0, 0, 0, 0, 0, 0, 0, 0, 0, 0, 0, 0, 0, 0, 0, 0, 0, 0, 0, 0, 0, 0, 0, 0, 0, 0, 0, 0, 0, 0, 0, 0, 0, 0, 0, 0, 0, 0, 0, 0, 0, 0, 0, 0, 0, 0, 0, 0, 0, 0, 0, 0, 0, 0, 0, 0, 0, 0, 0, 0, 0, 0, 0, 0, 0, 0, 0, 0, 0, 0, 0, 0, 0, 0, 0, 0, 0, 0, 0, 0, 0, 0, 0, 0, 0, 0, 0, 0, 0, 0, 0, 0, 0, 0, 103, 20, 0, 37, 101, 22, 0, 244, 102, 22, 0, 255, 103, 23, 0, 255, 93, 21, 0, 202, 18, 4, 0, 222, 0, 0, 0, 255, 0, 0, 0, 255, 0, 0, 0, 255, 0, 0, 0, 255, 1, 0, 0, 254, 47, 15, 0, 200, 116, 40, 0, 229, 120, 43, 0, 255, 121, 45, 0, 255, 126, 47, 0, 203, 151, 55, 0, 255, 151, 55, 0, 255, 151, 55, 0, 255, 152, 55, 0, 255, 152, 55, 0, 255, 152, 55, 0, 255, 152, 55, 0, 255, 152, 55, 0, 255, 153, 55, 0, 255, 152, 54, 1, 224, 98, 84, 72, 255, 98, 84, 72, 255, 99, 82, 68, 232, 124, 52, 10, 192, 62, 47, 35, 231, 51, 47, 41, 255, 51, 47, 41, 255, 51, 47, 41, 255, 51, 47, 41, 255, 151, 54, 1, 216, 155, 55, 0, 255, 155, 55, 0, 255, 155, 55, 0, 255, 155, 55, 0, 255, 155, 55, 0, 255, 156, 55, 0, 255, 156, 55, 0, 255, 156, 55, 0, 255, 156, 55, 0, 255, 156, 55, 0, 255, 156, 55, 0, 255, 156, 55, 0, 255, 156, 55, 0, 255, 157, 55, 0, 255, 157, 55, 0, 255, 157, 55, 0, 255, 157, 55, 0, 255, 157, 55, 0, 255, 157, 55, 0, 236, 164, 60, 0, 192, 176, 69, 0, 240, 177, 71, 0, 255, 177, 71, 0, 255, 177, 71, 0, 255, 177, 71, 0, 255, 177, 71, 0, 255, 177, 71, 0, 255, 177, 71, 0, 255, 177, 71, 0, 255, 177, 71, 0, 255, 177, 71, 0, 255, 167, 61, 0, 193, 158, 55, 0, 255, 158, 55, 0, 255, 158, 55, 0, 255, 158, 55, 0, 255, 158, 55, 0, 255, 158, 55, 0, 255, 158, 55, 0, 255, 158, 55, 0, 255, 158, 55, 0, 255, 158, 55, 0, 255, 158, 55, 0, 255, 158, 55, 0, 255, 158, 55, 0, 255, 158, 55, 0, 255, 158, 55, 0, 255, 158, 55, 0, 255, 158, 55, 0, 255, 158, 55, 0, 255, 158, 55, 0, 255, 157, 55, 0, 255, 157, 55, 0, 255, 157, 55, 0, 255, 157, 55, 0, 255, 157, 55, 0, 255, 157, 55, 0, 255, 157, 55, 0, 255, 157, 55, 0, 255, 157, 55, 0, 255, 157, 55, 0, 255, 157, 55, 0, 255, 157, 55, 0, 255, 157, 55, 0, 255, 156, 55, 0, 255, 156, 55, 0, 255, 156, 55, 0, 255, 156, 55, 0, 255, 156, 55, 0, 255, 156, 55, 0, 255, 156, 55, 0, 255, 155, 55, 0, 255, 155, 55, 0, 255, 155, 55, 0, 255, 155, 55, 0, 255, 155, 55, 0, 255, 155, 55, 0, 255, 155, 55, 0, 255, 154, 55, 0, 255, 154, 55, 0, 255, 154, 55, 0, 255, 154, 55, 0, 255, 154, 55, 0, 255, 153, 55, 0, 255, 153, 55, 0, 255, 153, 55, 0, 255, 153, 55, 0, 255, 153, 55, 0, 255, 153, 55, 0, 255, 152, 55, 0, 255, 152, 55, 0, 255, 152, 55, 0, 255, 152, 55, 0, 255, 152, 55, 0, 255, 151, 55, 0, 255, 151, 55, 0, 255, 151, 55, 0, 255, 151, 55, 0, 255, 151, 55, 0, 255, 150, 55, 0, 255, 150, 55, 0, 255, 150, 55, 0, 255, 110, 30, 0, 210, 107, 27, 0, 255, 105, 26, 0, 255, 103, 23, 0, 255, 102, 20, 0, 150, 0, 0, 0, 0, 0, 0, 0, 0, 0, 0, 0, 0, 0, 0, 0, 0, 0, 0, 0, 0, 0, 0, 0, 0, 0, 0, 0, 0, 0, 0, 0, 0, 0, 0, 0, 0, 0, 0, 0, 0, 0, 0, 0, 0, 0, 0, 0, 0, 0, 0, 0, 0, 0, 0, 0, 0, 0, 0, 0, 0, 0, 0, 0, 0, 0, 0, 0, 0, 0, 0, 0, 0, 0, 0, 0, 0, 0, 0, 0, 0, 0, 0, 0, 0, 0, 0, 0, 0, 0, 0, 0, 0, 0, 0, 0, 0, 0, 0, 0, 0, 0, 0, 0, 0, 0, 0, 0, 0, 0, 0, 0, 0, 0, 0, 0, 0, 0, 0, 0, 0, 0, 0, 0, 0, 0, 0, 0, 0, 0, 0, 0, 0, 0, 0, 0, 0, 0, 0, 0, 0, 0, 0, 0, 0, 0, 0, 0, 0, 0, 0, 0, 0, 0, 0, 0, 0, 0, 0, 0, 0, 0, 0, 0, 0, 0, 0, 0, 0, 0, 0, 0, 0, 0, 0, 0, 0, 0, 0, 0, 0, 0, 0, 0, 0, 0, 0, 0, 0, 0, 0, 0, 0, 0, 0, 0, 0, 0, 0, 0, 0, 102, 21, 0, 105, 102, 22, 0, 255, 102, 22, 0, 255, 103, 23, 0, 255, 104, 25, 0, 255, 98, 24, 0, 210, 82, 21, 0, 193, 80, 22, 0, 192, 98, 28, 0, 201, 112, 33, 0, 240, 114, 36, 0, 255, 116, 38, 0, 255, 117, 40, 0, 255, 119, 42, 0, 255, 134, 48, 0, 194, 151, 55, 0, 255, 151, 55, 0, 255, 151, 55, 0, 255, 151, 55, 0, 255, 152, 55, 0, 255, 152, 55, 0, 255, 152, 55, 0, 255, 152, 55, 0, 255, 152, 55, 0, 255, 145, 57, 9, 199, 98, 84, 72, 255, 98, 84, 72, 255, 108, 77, 58, 220, 153, 55, 0, 255, 153, 54, 0, 250, 137, 53, 6, 196, 73, 48, 30, 216, 51, 47, 41, 255, 53, 46, 39, 249, 154, 55, 0, 251, 154, 55, 0, 255, 155, 55, 0, 255, 155, 55, 0, 255, 155, 55, 0, 255, 155, 55, 0, 255, 155, 55, 0, 255, 155, 55, 0, 255, 155, 55, 0, 255, 156, 55, 0, 255, 156, 55, 0, 255, 156, 55, 0, 255, 156, 55, 0, 255, 156, 55, 0, 255, 156, 55, 0, 255, 156, 55, 0, 255, 156, 55, 0, 255, 156, 55, 0, 255, 157, 55, 0, 255, 157, 55, 0, 255, 157, 55, 0, 255, 158, 55, 0, 241, 163, 58, 0, 191, 174, 68, 0, 235, 177, 71, 0, 255, 177, 71, 0, 255, 177, 71, 0, 255, 177, 71, 0, 255, 177, 71, 0, 255, 177, 71, 0, 255, 177, 71, 0, 255, 177, 71, 0, 255, 168, 64, 0, 200, 157, 55, 0, 255, 157, 55, 0, 255, 157, 55, 0, 255, 157, 55, 0, 255, 157, 55, 0, 255, 157, 55, 0, 255, 157, 55, 0, 255, 157, 55, 0, 255, 157, 55, 0, 255, 157, 55, 0, 255, 157, 55, 0, 255, 157, 55, 0, 255, 157, 55, 0, 255, 157, 55, 0, 255, 157, 55, 0, 255, 157, 55, 0, 255, 157, 55, 0, 255, 157, 55, 0, 255, 157, 55, 0, 255, 157, 55, 0, 255, 157, 55, 0, 255, 157, 55, 0, 255, 157, 55, 0, 255, 157, 55, 0, 255, 157, 55, 0, 255, 157, 55, 0, 255, 157, 55, 0, 255, 157, 55, 0, 255, 156, 55, 0, 255, 156, 55, 0, 255, 156, 55, 0, 255, 156, 55, 0, 255, 156, 55, 0, 255, 156, 55, 0, 255, 156, 55, 0, 255, 156, 55, 0, 255, 155, 55, 0, 255, 155, 55, 0, 255, 155, 55, 0, 255, 155, 55, 0, 255, 155, 55, 0, 255, 155, 55, 0, 255, 155, 55, 0, 255, 155, 55, 0, 255, 154, 55, 0, 255, 154, 55, 0, 255, 154, 55, 0, 255, 154, 55, 0, 255, 154, 55, 0, 255, 153, 55, 0, 255, 153, 55, 0, 255, 153, 55, 0, 255, 153, 55, 0, 255, 153, 55, 0, 255, 153, 55, 0, 255, 152, 55, 0, 255, 152, 55, 0, 255, 152, 55, 0, 255, 152, 55, 0, 255, 152, 55, 0, 255, 151, 55, 0, 255, 151, 55, 0, 255, 151, 55, 0, 255, 151, 55, 0, 255, 151, 55, 0, 255, 150, 55, 0, 255, 150, 55, 0, 255, 150, 55, 0, 255, 150, 55, 0, 255, 149, 53, 0, 250, 106, 27, 0, 247, 105, 26, 0, 255, 104, 24, 0, 255, 102, 22, 0, 255, 102, 21, 0, 218, 0, 0, 0, 0, 0, 0, 0, 0, 0, 0, 0, 0, 0, 0, 0, 0, 0, 0, 0, 0, 0, 0, 0, 0, 0, 0, 0, 0, 0, 0, 0, 0, 0, 0, 0, 0, 0, 0, 0, 0, 0, 0, 0, 0, 0, 0, 0, 0, 0, 0, 0, 0, 0, 0, 0, 0, 0, 0, 0, 0, 0, 0, 0, 0, 0, 0, 0, 0, 0, 0, 0, 0, 0, 0, 0, 0, 0, 0, 0, 0, 0, 0, 0, 0, 0, 0, 0, 0, 0, 0, 0, 0, 0, 0, 0, 0, 0, 0, 0, 0, 0, 0, 0, 0, 0, 0, 0, 0, 0, 0, 0, 0, 0, 0, 0, 0, 0, 0, 0, 0, 0, 0, 0, 0, 0, 0, 0, 0, 0, 0, 0, 0, 0, 0, 0, 0, 0, 0, 0, 0, 0, 0, 0, 0, 0, 0, 0, 0, 0, 0, 0, 0, 0, 0, 0, 0, 0, 0, 0, 0, 0, 0, 0, 0, 0, 0, 0, 0, 0, 0, 0, 0, 0, 0, 0, 0, 0, 0, 0, 0, 0, 0, 0, 0, 0, 0, 0, 0, 0, 0, 0, 0, 0, 0, 0, 0, 0, 0, 0, 0, 0, 0, 0, 0, 101, 20, 0, 184, 102, 22, 0, 255, 102, 22, 0, 255, 102, 22, 0, 255, 104, 24, 0, 255, 105, 26, 0, 255, 107, 28, 0, 255, 109, 30, 0, 255, 110, 32, 0, 255, 112, 34, 0, 255, 113, 36, 0, 255, 115, 37, 0, 255, 117, 39, 0, 255, 118, 41, 0, 249, 131, 46, 0, 191, 150, 54, 0, 255, 151, 55, 0, 255, 151, 55, 0, 255, 151, 55, 0, 255, 151, 55, 0, 255, 152, 55, 0, 255, 152, 55, 0, 255, 152, 55, 0, 255, 137, 62, 18, 192, 98, 84, 72, 255, 98, 84, 72, 255, 118, 73, 45, 203, 153, 55, 0, 255, 153, 55, 0, 255, 153, 55, 0, 255, 153, 55, 0, 255, 144, 53, 2, 206, 114, 50, 14, 192, 154, 55, 0, 255, 154, 55, 0, 255, 154, 55, 0, 255, 154, 55, 0, 255, 154, 55, 0, 255, 155, 55, 0, 255, 155, 55, 0, 255, 155, 55, 0, 255, 155, 55, 0, 255, 155, 55, 0, 255, 155, 55, 0, 255, 155, 55, 0, 255, 155, 55, 0, 255, 156, 55, 0, 255, 156, 55, 0, 255, 156, 55, 0, 255, 156, 55, 0, 255, 156, 55, 0, 255, 156, 55, 0, 255, 156, 55, 0, 255, 156, 55, 0, 255, 156, 55, 0, 255, 156, 55, 0, 255, 157, 54, 0, 247, 161, 58, 0, 193, 174, 68, 0, 227, 177, 71, 0, 255, 177, 71, 0, 255, 177, 71, 0, 255, 177, 71, 0, 255, 177, 71, 0, 255, 177, 71, 0, 255, 172, 65, 0, 214, 157, 55, 0, 255, 157, 55, 0, 255, 157, 55, 0, 255, 157, 55, 0, 255, 157, 55, 0, 255, 157, 55, 0, 255, 157, 55, 0, 255, 157, 55, 0, 255, 157, 55, 0, 255, 157, 55, 0, 255, 157, 55, 0, 255, 157, 55, 0, 255, 157, 55, 0, 255, 157, 55, 0, 255, 157, 55, 0, 255, 157, 55, 0, 255, 157, 55, 0, 255, 157, 55, 0, 255, 157, 55, 0, 255, 157, 55, 0, 255, 157, 55, 0, 255, 157, 55, 0, 255, 157, 55, 0, 255, 156, 55, 0, 255, 156, 55, 0, 255, 156, 55, 0, 255, 156, 55, 0, 255, 156, 55, 0, 255, 156, 55, 0, 255, 156, 55, 0, 255, 156, 55, 0, 255, 156, 55, 0, 255, 156, 55, 0, 255, 155, 55, 0, 255, 155, 55, 0, 255, 155, 55, 0, 255, 155, 55, 0, 255, 155, 55, 0, 255, 155, 55, 0, 255, 155, 55, 0, 255, 155, 55, 0, 255, 154, 55, 0, 255, 154, 55, 0, 255, 154, 55, 0, 255, 154, 55, 0, 255, 154, 55, 0, 255, 154, 55, 0, 255, 153, 55, 0, 255, 153, 55, 0, 255, 153, 55, 0, 255, 153, 55, 0, 255, 153, 55, 0, 255, 153, 55, 0, 255, 152, 55, 0, 255, 152, 55, 0, 255, 152, 55, 0, 255, 152, 55, 0, 255, 152, 55, 0, 255, 152, 55, 0, 255, 151, 55, 0, 255, 151, 55, 0, 255, 151, 55, 0, 255, 151, 55, 0, 255, 151, 55, 0, 255, 150, 55, 0, 255, 150, 55, 0, 255, 150, 55, 0, 255, 150, 55, 0, 255, 149, 55, 0, 255, 138, 48, 0, 213, 106, 27, 0, 255, 104, 25, 0, 255, 103, 23, 0, 255, 102, 22, 0, 255, 102, 22, 0, 255, 102, 17, 0, 30, 0, 0, 0, 0, 0, 0, 0, 0, 0, 0, 0, 0, 0, 0, 0, 0, 0, 0, 0, 0, 0, 0, 0, 0, 0, 0, 0, 0, 0, 0, 0, 0, 0, 0, 0, 0, 0, 0, 0, 0, 0, 0, 0, 0, 0, 0, 0, 0, 0, 0, 0, 0, 0, 0, 0, 0, 0, 0, 0, 0, 0, 0, 0, 0, 0, 0, 0, 0, 0, 0, 0, 0, 0, 0, 0, 0, 0, 0, 0, 0, 0, 0, 0, 0, 0, 0, 0, 0, 0, 0, 0, 0, 0, 0, 0, 0, 0, 0, 0, 0, 0, 0, 0, 0, 0, 0, 0, 0, 0, 0, 0, 0, 0, 0, 0, 0, 0, 0, 0, 0, 0, 0, 0, 0, 0, 0, 0, 0, 0, 0, 0, 0, 0, 0, 0, 0, 0, 0, 0, 0, 0, 0, 0, 0, 0, 0, 0, 0, 0, 0, 0, 0, 0, 0, 0, 0, 0, 0, 0, 0, 0, 0, 0, 0, 0, 0, 0, 0, 0, 0, 0, 0, 0, 0, 0, 0, 0, 0, 0, 0, 0, 0, 0, 0, 0, 0, 0, 0, 0, 0, 0, 0, 0, 0, 0, 0, 0, 0, 0, 0, 98, 19, 0, 26, 102, 21, 0, 238, 102, 22, 0, 255, 102, 22, 0, 255, 102, 22, 0, 255, 103, 24, 0, 255, 105, 26, 0, 255, 107, 27, 0, 255, 108, 29, 0, 255, 110, 31, 0, 255, 111, 33, 0, 255, 113, 35, 0, 255, 114, 37, 0, 255, 116, 38, 0, 255, 118, 40, 0, 255, 121, 42, 0, 204, 146, 52, 0, 233, 151, 55, 0, 255, 151, 55, 0, 255, 151, 55, 0, 255, 151, 55, 0, 255, 151, 55, 0, 255, 152, 55, 0, 255, 128, 66, 30, 193, 98, 84, 72, 255, 98, 84, 72, 255, 124, 69, 36, 196, 152, 55, 0, 255, 153, 55, 0, 255, 153, 55, 0, 255, 153, 55, 0, 255, 153, 55, 0, 255, 153, 55, 0, 255, 153, 55, 0, 255, 154, 55, 0, 255, 154, 55, 0, 255, 154, 55, 0, 255, 154, 55, 0, 255, 154, 55, 0, 255, 154, 55, 0, 255, 154, 55, 0, 255, 155, 55, 0, 255, 155, 55, 0, 255, 155, 55, 0, 255, 155, 55, 0, 255, 155, 55, 0, 255, 155, 55, 0, 255, 155, 55, 0, 255, 155, 55, 0, 255, 155, 55, 0, 255, 156, 55, 0, 255, 156, 55, 0, 255, 156, 55, 0, 255, 156, 55, 0, 255, 156, 55, 0, 255, 156, 55, 0, 255, 156, 55, 0, 255, 156, 55, 0, 255, 156, 55, 0, 251, 159, 57, 0, 196, 173, 67, 0, 220, 177, 71, 0, 255, 177, 71, 0, 255, 177, 71, 0, 255, 177, 71, 0, 255, 174, 69, 0, 233, 157, 55, 0, 255, 157, 55, 0, 255, 157, 55, 0, 255, 157, 55, 0, 255, 157, 55, 0, 255, 157, 55, 0, 255, 157, 55, 0, 255, 157, 55, 0, 255, 157, 55, 0, 255, 157, 55, 0, 255, 157, 55, 0, 255, 157, 55, 0, 255, 157, 55, 0, 255, 157, 55, 0, 255, 157, 55, 0, 255, 156, 55, 0, 255, 156, 55, 0, 255, 156, 55, 0, 255, 156, 55, 0, 255, 156, 55, 0, 255, 156, 55, 0, 255, 156, 55, 0, 255, 156, 55, 0, 255, 156, 55, 0, 255, 156, 55, 0, 255, 156, 55, 0, 255, 156, 55, 0, 255, 156, 55, 0, 255, 156, 55, 0, 255, 155, 55, 0, 255, 155, 55, 0, 255, 155, 55, 0, 255, 155, 55, 0, 255, 155, 55, 0, 255, 155, 55, 0, 255, 155, 55, 0, 255, 155, 55, 0, 255, 155, 55, 0, 255, 154, 55, 0, 255, 154, 55, 0, 255, 154, 55, 0, 255, 154, 55, 0, 255, 154, 55, 0, 255, 154, 55, 0, 255, 154, 55, 0, 255, 153, 55, 0, 255, 153, 55, 0, 255, 153, 55, 0, 255, 153, 55, 0, 255, 153, 55, 0, 255, 153, 55, 0, 255, 152, 55, 0, 255, 152, 55, 0, 255, 152, 55, 0, 255, 152, 55, 0, 255, 152, 55, 0, 255, 152, 55, 0, 255, 151, 55, 0, 255, 151, 55, 0, 255, 151, 55, 0, 255, 151, 55, 0, 255, 151, 55, 0, 255, 150, 55, 0, 255, 150, 55, 0, 255, 150, 55, 0, 255, 150, 55, 0, 255, 150, 55, 0, 255, 149, 55, 0, 255, 149, 55, 0, 255, 124, 38, 0, 193, 105, 25, 0, 255, 103, 23, 0, 255, 102, 22, 0, 255, 102, 22, 0, 255, 102, 22, 0, 255, 100, 20, 0, 89, 0, 0, 0, 0, 0, 0, 0, 0, 0, 0, 0, 0, 0, 0, 0, 0, 0, 0, 0, 0, 0, 0, 0, 0, 0, 0, 0, 0, 0, 0, 0, 0, 0, 0, 0, 0, 0, 0, 0, 0, 0, 0, 0, 0, 0, 0, 0, 0, 0, 0, 0, 0, 0, 0, 0, 0, 0, 0, 0, 0, 0, 0, 0, 0, 0, 0, 0, 0, 0, 0, 0, 0, 0, 0, 0, 0, 0, 0, 0, 0, 0, 0, 0, 0, 0, 0, 0, 0, 0, 0, 0, 0, 0, 0, 0, 0, 0, 0, 0, 0, 0, 0, 0, 0, 0, 0, 0, 0, 0, 0, 0, 0, 0, 0, 0, 0, 0, 0, 0, 0, 0, 0, 0, 0, 0, 0, 0, 0, 0, 0, 0, 0, 0, 0, 0, 0, 0, 0, 0, 0, 0, 0, 0, 0, 0, 0, 0, 0, 0, 0, 0, 0, 0, 0, 0, 0, 0, 0, 0, 0, 0, 0, 0, 0, 0, 0, 0, 0, 0, 0, 0, 0, 0, 0, 0, 0, 0, 0, 0, 0, 0, 0, 0, 0, 0, 0, 0, 0, 0, 0, 0, 0, 0, 0, 0, 0, 0, 0, 0, 0, 0, 0, 0, 0, 101, 20, 0, 88, 102, 22, 0, 255, 102, 22, 0, 255, 102, 22, 0, 255, 102, 22, 0, 255, 103, 23, 0, 255, 104, 25, 0, 255, 106, 27, 0, 255, 107, 28, 0, 255, 109, 30, 0, 255, 110, 32, 0, 255, 112, 34, 0, 255, 114, 36, 0, 255, 115, 37, 0, 255, 117, 39, 0, 255, 118, 40, 0, 235, 138, 49, 0, 201, 150, 55, 0, 255, 151, 55, 0, 255, 151, 55, 0, 255, 151, 55, 0, 255, 151, 55, 0, 255, 117, 72, 43, 202, 98, 84, 72, 255, 98, 84, 72, 255, 130, 66, 29, 192, 152, 55, 0, 255, 152, 55, 0, 255, 152, 55, 0, 255, 152, 55, 0, 255, 153, 55, 0, 255, 153, 55, 0, 255, 153, 55, 0, 255, 153, 55, 0, 255, 153, 55, 0, 255, 153, 55, 0, 255, 154, 55, 0, 255, 154, 55, 0, 255, 154, 55, 0, 255, 154, 55, 0, 255, 154, 55, 0, 255, 154, 55, 0, 255, 154, 55, 0, 255, 154, 55, 0, 255, 155, 55, 0, 255, 155, 55, 0, 255, 155, 55, 0, 255, 155, 55, 0, 255, 155, 55, 0, 255, 155, 55, 0, 255, 155, 55, 0, 255, 155, 55, 0, 255, 155, 55, 0, 255, 155, 55, 0, 255, 156, 55, 0, 255, 156, 55, 0, 255, 156, 55, 0, 255, 156, 55, 0, 255, 156, 55, 0, 255, 156, 55, 0, 255, 158, 56, 0, 200, 171, 66, 0, 213, 177, 71, 0, 255, 177, 71, 0, 255, 176, 69, 0, 254, 156, 55, 0, 251, 156, 55, 0, 255, 156, 55, 0, 255, 156, 55, 0, 255, 156, 55, 0, 255, 156, 55, 0, 255, 156, 55, 0, 255, 156, 55, 0, 255, 156, 55, 0, 255, 156, 55, 0, 255, 156, 55, 0, 255, 156, 55, 0, 255, 156, 55, 0, 255, 156, 55, 0, 255, 156, 55, 0, 255, 156, 55, 0, 255, 156, 55, 0, 255, 156, 55, 0, 255, 156, 55, 0, 255, 156, 55, 0, 255, 156, 55, 0, 255, 156, 55, 0, 255, 156, 55, 0, 255, 156, 55, 0, 255, 156, 55, 0, 255, 155, 55, 0, 255, 155, 55, 0, 255, 155, 55, 0, 255, 155, 55, 0, 255, 155, 55, 0, 255, 155, 55, 0, 255, 155, 55, 0, 255, 155, 55, 0, 255, 155, 55, 0, 255, 155, 55, 0, 255, 154, 55, 0, 255, 154, 55, 0, 255, 154, 55, 0, 255, 154, 55, 0, 255, 154, 55, 0, 255, 154, 55, 0, 255, 154, 55, 0, 255, 154, 55, 0, 255, 153, 55, 0, 255, 153, 55, 0, 255, 153, 55, 0, 255, 153, 55, 0, 255, 153, 55, 0, 255, 153, 55, 0, 255, 152, 55, 0, 255, 152, 55, 0, 255, 152, 55, 0, 255, 152, 55, 0, 255, 152, 55, 0, 255, 152, 55, 0, 255, 151, 55, 0, 255, 151, 55, 0, 255, 151, 55, 0, 255, 151, 55, 0, 255, 151, 55, 0, 255, 151, 55, 0, 255, 150, 55, 0, 255, 150, 55, 0, 255, 150, 55, 0, 255, 150, 55, 0, 255, 149, 55, 0, 255, 149, 55, 0, 255, 149, 55, 0, 255, 149, 55, 0, 255, 112, 30, 0, 196, 103, 24, 0, 255, 102, 22, 0, 255, 102, 22, 0, 255, 102, 22, 0, 255, 102, 22, 0, 255, 102, 21, 0, 145, 0, 0, 0, 0, 0, 0, 0, 0, 0, 0, 0, 0, 0, 0, 0, 0, 0, 0, 0, 0, 0, 0, 0, 0, 0, 0, 0, 0, 0, 0, 0, 0, 0, 0, 0, 0, 0, 0, 0, 0, 0, 0, 0, 0, 0, 0, 0, 0, 0, 0, 0, 0, 0, 0, 0, 0, 0, 0, 0, 0, 0, 0, 0, 0, 0, 0, 0, 0, 0, 0, 0, 0, 0, 0, 0, 0, 0, 0, 0, 0, 0, 0, 0, 0, 0, 0, 0, 0, 0, 0, 0, 0, 0, 0, 0, 0, 0, 0, 0, 0, 0, 0, 0, 0, 0, 0, 0, 0, 0, 0, 0, 0, 0, 0, 0, 0, 0, 0, 0, 0, 0, 0, 0, 0, 0, 0, 0, 0, 0, 0, 0, 0, 0, 0, 0, 0, 0, 0, 0, 0, 0, 0, 0, 0, 0, 0, 0, 0, 0, 0, 0, 0, 0, 0, 0, 0, 0, 0, 0, 0, 0, 0, 0, 0, 0, 0, 0, 0, 0, 0, 0, 0, 0, 0, 0, 0, 0, 0, 0, 0, 0, 0, 0, 0, 0, 0, 0, 0, 0, 0, 0, 0, 0, 0, 0, 0, 0, 0, 0, 0, 0, 0, 0, 0, 0, 0, 0, 0, 101, 21, 0, 167, 102, 22, 0, 255, 102, 22, 0, 255, 102, 22, 0, 255, 102, 22, 0, 255, 102, 22, 0, 255, 103, 24, 0, 255, 105, 26, 0, 255, 107, 27, 0, 255, 108, 29, 0, 255, 110, 31, 0, 255, 111, 33, 0, 255, 113, 35, 0, 255, 114, 36, 0, 255, 116, 38, 0, 255, 117, 40, 0, 255, 126, 44, 0, 192, 149, 53, 0, 247, 150, 55, 0, 255, 151, 55, 0, 255, 151, 55, 0, 255, 110, 77, 54, 216, 98, 84, 72, 255, 98, 84, 72, 255, 136, 62, 20, 192, 152, 55, 0, 255, 152, 55, 0, 255, 152, 55, 0, 255, 152, 55, 0, 255, 152, 55, 0, 255, 152, 55, 0, 255, 153, 55, 0, 255, 153, 55, 0, 255, 153, 55, 0, 255, 153, 55, 0, 255, 153, 55, 0, 255, 153, 55, 0, 255, 153, 55, 0, 255, 154, 55, 0, 255, 154, 55, 0, 255, 154, 55, 0, 255, 154, 55, 0, 255, 154, 55, 0, 255, 154, 55, 0, 255, 154, 55, 0, 255, 154, 55, 0, 255, 154, 55, 0, 255, 155, 55, 0, 255, 155, 55, 0, 255, 155, 55, 0, 255, 155, 55, 0, 255, 155, 55, 0, 255, 155, 55, 0, 255, 155, 55, 0, 255, 155, 55, 0, 255, 155, 55, 0, 255, 155, 55, 0, 255, 155, 55, 0, 255, 155, 55, 0, 255, 155, 55, 0, 255, 156, 55, 0, 255, 158, 56, 0, 205, 170, 64, 0, 206, 176, 70, 0, 255, 157, 55, 0, 228, 156, 55, 0, 255, 156, 55, 0, 255, 156, 55, 0, 255, 156, 55, 0, 255, 156, 55, 0, 255, 156, 55, 0, 255, 156, 55, 0, 255, 156, 55, 0, 255, 156, 55, 0, 255, 156, 55, 0, 255, 156, 55, 0, 255, 156, 55, 0, 255, 156, 55, 0, 255, 156, 55, 0, 255, 156, 55, 0, 255, 156, 55, 0, 255, 156, 55, 0, 255, 155, 55, 0, 255, 155, 55, 0, 255, 155, 55, 0, 255, 155, 55, 0, 255, 155, 55, 0, 255, 155, 55, 0, 255, 155, 55, 0, 255, 155, 55, 0, 255, 155, 55, 0, 255, 155, 55, 0, 255, 155, 55, 0, 255, 155, 55, 0, 255, 155, 55, 0, 255, 155, 55, 0, 255, 154, 55, 0, 255, 154, 55, 0, 255, 154, 55, 0, 255, 154, 55, 0, 255, 154, 55, 0, 255, 154, 55, 0, 255, 154, 55, 0, 255, 154, 55, 0, 255, 153, 55, 0, 255, 153, 55, 0, 255, 153, 55, 0, 255, 153, 55, 0, 255, 153, 55, 0, 255, 153, 55, 0, 255, 153, 55, 0, 255, 152, 55, 0, 255, 152, 55, 0, 255, 152, 55, 0, 255, 152, 55, 0, 255, 152, 55, 0, 255, 152, 55, 0, 255, 151, 55, 0, 255, 151, 55, 0, 255, 151, 55, 0, 255, 151, 55, 0, 255, 151, 55, 0, 255, 151, 55, 0, 255, 150, 55, 0, 255, 150, 55, 0, 255, 150, 55, 0, 255, 150, 55, 0, 255, 150, 55, 0, 255, 149, 55, 0, 255, 149, 55, 0, 255, 149, 55, 0, 255, 149, 55, 0, 255, 149, 55, 0, 255, 103, 24, 0, 222, 102, 22, 0, 255, 102, 22, 0, 255, 102, 22, 0, 255, 102, 22, 0, 255, 102, 22, 0, 255, 101, 21, 0, 201, 0, 0, 0, 0, 0, 0, 0, 0, 0, 0, 0, 0, 0, 0, 0, 0, 0, 0, 0, 0, 0, 0, 0, 0, 0, 0, 0, 0, 0, 0, 0, 0, 0, 0, 0, 0, 0, 0, 0, 0, 0, 0, 0, 0, 0, 0, 0, 0, 0, 0, 0, 0, 0, 0, 0, 0, 0, 0, 0, 0, 0, 0, 0, 0, 0, 0, 0, 0, 0, 0, 0, 0, 0, 0, 0, 0, 0, 0, 0, 0, 0, 0, 0, 0, 0, 0, 0, 0, 0, 0, 0, 0, 0, 0, 0, 0, 0, 0, 0, 0, 0, 0, 0, 0, 0, 0, 0, 0, 0, 0, 0, 0, 0, 0, 0, 0, 0, 0, 0, 0, 0, 0, 0, 0, 0, 0, 0, 0, 0, 0, 0, 0, 0, 0, 0, 0, 0, 0, 0, 0, 0, 0, 0, 0, 0, 0, 0, 0, 0, 0, 0, 0, 0, 0, 0, 0, 0, 0, 0, 0, 0, 0, 0, 0, 0, 0, 0, 0, 0, 0, 0, 0, 0, 0, 0, 0, 0, 0, 0, 0, 0, 0, 0, 0, 0, 0, 0, 0, 0, 0, 0, 0, 0, 0, 0, 0, 0, 0, 0, 0, 0, 0, 0, 0, 0, 0, 0, 0, 105, 15, 0, 17, 102, 21, 0, 228, 102, 22, 0, 255, 102, 22, 0, 255, 102, 22, 0, 255, 102, 22, 0, 255, 102, 22, 0, 255, 103, 23, 0, 255, 104, 25, 0, 255, 106, 27, 0, 255, 107, 28, 0, 255, 109, 30, 0, 255, 110, 32, 0, 255, 112, 33, 0, 255, 113, 35, 0, 255, 115, 37, 0, 255, 116, 39, 0, 255, 118, 39, 0, 218, 143, 51, 0, 220, 150, 55, 0, 245, 151, 55, 0, 237, 145, 57, 7, 201, 148, 57, 3, 211, 150, 54, 0, 234, 151, 55, 0, 255, 151, 55, 0, 255, 151, 55, 0, 255, 152, 55, 0, 255, 152, 55, 0, 255, 152, 55, 0, 255, 152, 55, 0, 255, 152, 55, 0, 255, 152, 55, 0, 255, 152, 55, 0, 255, 153, 55, 0, 255, 153, 55, 0, 255, 153, 55, 0, 255, 153, 55, 0, 255, 153, 55, 0, 255, 153, 55, 0, 255, 153, 55, 0, 255, 153, 55, 0, 255, 154, 55, 0, 255, 154, 55, 0, 255, 154, 55, 0, 255, 154, 55, 0, 255, 154, 55, 0, 255, 154, 55, 0, 255, 154, 55, 0, 255, 154, 55, 0, 255, 154, 55, 0, 255, 155, 55, 0, 255, 155, 55, 0, 255, 155, 55, 0, 255, 155, 55, 0, 255, 155, 55, 0, 255, 155, 55, 0, 255, 155, 55, 0, 255, 155, 55, 0, 255, 155, 55, 0, 255, 155, 55, 0, 255, 155, 55, 0, 255, 155, 55, 0, 255, 156, 55, 0, 212, 155, 55, 0, 232, 155, 55, 0, 255, 155, 55, 0, 255, 155, 55, 0, 255, 155, 55, 0, 255, 155, 55, 0, 255, 155, 55, 0, 255, 155, 55, 0, 255, 155, 55, 0, 255, 155, 55, 0, 255, 155, 55, 0, 255, 155, 55, 0, 255, 155, 55, 0, 255, 155, 55, 0, 255, 155, 55, 0, 255, 155, 55, 0, 255, 155, 55, 0, 255, 155, 55, 0, 255, 155, 55, 0, 255, 155, 55, 0, 255, 155, 55, 0, 255, 155, 55, 0, 255, 155, 55, 0, 255, 155, 55, 0, 255, 155, 55, 0, 255, 155, 55, 0, 255, 155, 55, 0, 255, 154, 55, 0, 255, 154, 55, 0, 255, 154, 55, 0, 255, 154, 55, 0, 255, 154, 55, 0, 255, 154, 55, 0, 255, 154, 55, 0, 255, 154, 55, 0, 255, 154, 55, 0, 255, 154, 55, 0, 255, 153, 55, 0, 255, 153, 55, 0, 255, 153, 55, 0, 255, 153, 55, 0, 255, 153, 55, 0, 255, 153, 55, 0, 255, 153, 55, 0, 255, 152, 55, 0, 255, 152, 55, 0, 255, 152, 55, 0, 255, 152, 55, 0, 255, 152, 55, 0, 255, 152, 55, 0, 255, 152, 55, 0, 255, 151, 55, 0, 255, 151, 55, 0, 255, 151, 55, 0, 255, 151, 55, 0, 255, 151, 55, 0, 255, 151, 55, 0, 255, 150, 55, 0, 255, 150, 55, 0, 255, 150, 55, 0, 255, 150, 55, 0, 255, 150, 55, 0, 255, 149, 55, 0, 255, 149, 55, 0, 255, 149, 55, 0, 255, 149, 55, 0, 255, 149, 55, 0, 255, 147, 54, 0, 255, 138, 47, 0, 214, 102, 22, 0, 255, 102, 22, 0, 255, 102, 22, 0, 255, 102, 22, 0, 255, 102, 22, 0, 255, 102, 22, 0, 255, 102, 21, 0, 250, 96, 0, 0, 8, 0, 0, 0, 0, 0, 0, 0, 0, 0, 0, 0, 0, 0, 0, 0, 0, 0, 0, 0, 0, 0, 0, 0, 0, 0, 0, 0, 0, 0, 0, 0, 0, 0, 0, 0, 0, 0, 0, 0, 0, 0, 0, 0, 0, 0, 0, 0, 0, 0, 0, 0, 0, 0, 0, 0, 0, 0, 0, 0, 0, 0, 0, 0, 0, 0, 0, 0, 0, 0, 0, 0, 0, 0, 0, 0, 0, 0, 0, 0, 0, 0, 0, 0, 0, 0, 0, 0, 0, 0, 0, 0, 0, 0, 0, 0, 0, 0, 0, 0, 0, 0, 0, 0, 0, 0, 0, 0, 0, 0, 0, 0, 0, 0, 0, 0, 0, 0, 0, 0, 0, 0, 0, 0, 0, 0, 0, 0, 0, 0, 0, 0, 0, 0, 0, 0, 0, 0, 0, 0, 0, 0, 0, 0, 0, 0, 0, 0, 0, 0, 0, 0, 0, 0, 0, 0, 0, 0, 0, 0, 0, 0, 0, 0, 0, 0, 0, 0, 0, 0, 0, 0, 0, 0, 0, 0, 0, 0, 0, 0, 0, 0, 0, 0, 0, 0, 0, 0, 0, 0, 0, 0, 0, 0, 0, 0, 0, 0, 0, 0, 0, 0, 0, 0, 0, 0, 0, 0, 0, 100, 22, 0, 46, 102, 21, 0, 238, 102, 22, 0, 255, 102, 22, 0, 255, 102, 22, 0, 255, 102, 22, 0, 255, 102, 22, 0, 255, 102, 22, 0, 255, 103, 24, 0, 255, 105, 26, 0, 255, 106, 27, 0, 255, 108, 29, 0, 255, 109, 31, 0, 239, 131, 60, 28, 195, 171, 124, 94, 200, 191, 152, 123, 215, 202, 169, 140, 230, 211, 181, 153, 248, 214, 186, 159, 255, 215, 188, 161, 255, 212, 181, 152, 245, 201, 158, 124, 216, 172, 100, 53, 192, 153, 59, 4, 219, 151, 55, 0, 255, 151, 55, 0, 255, 151, 55, 0, 255, 151, 55, 0, 255, 151, 55, 0, 255, 152, 55, 0, 255, 152, 55, 0, 255, 152, 55, 0, 255, 152, 55, 0, 255, 152, 55, 0, 255, 152, 55, 0, 255, 152, 55, 0, 255, 153, 55, 0, 255, 153, 55, 0, 255, 153, 55, 0, 255, 153, 55, 0, 255, 153, 55, 0, 255, 153, 55, 0, 255, 153, 55, 0, 255, 153, 55, 0, 255, 154, 55, 0, 255, 154, 55, 0, 255, 154, 55, 0, 255, 154, 55, 0, 255, 154, 55, 0, 255, 154, 55, 0, 255, 154, 55, 0, 255, 154, 55, 0, 255, 154, 55, 0, 255, 154, 55, 0, 255, 154, 55, 0, 255, 154, 55, 0, 255, 155, 55, 0, 255, 155, 55, 0, 255, 155, 55, 0, 255, 155, 55, 0, 255, 155, 55, 0, 255, 155, 55, 0, 255, 155, 55, 0, 255, 155, 55, 0, 255, 155, 55, 0, 255, 155, 55, 0, 255, 155, 55, 0, 255, 155, 55, 0, 255, 155, 55, 0, 255, 155, 55, 0, 255, 155, 55, 0, 255, 155, 55, 0, 255, 155, 55, 0, 255, 155, 55, 0, 255, 155, 55, 0, 255, 155, 55, 0, 255, 155, 55, 0, 255, 155, 55, 0, 255, 155, 55, 0, 255, 155, 55, 0, 255, 155, 55, 0, 255, 155, 55, 0, 255, 155, 55, 0, 255, 155, 55, 0, 255, 154, 55, 0, 255, 154, 55, 0, 255, 154, 55, 0, 255, 154, 55, 0, 255, 154, 55, 0, 255, 154, 55, 0, 255, 154, 55, 0, 255, 154, 55, 0, 255, 154, 55, 0, 255, 154, 55, 0, 255, 154, 55, 0, 255, 154, 55, 0, 255, 153, 55, 0, 255, 153, 55, 0, 255, 153, 55, 0, 255, 153, 55, 0, 255, 153, 55, 0, 255, 153, 55, 0, 255, 153, 55, 0, 255, 153, 55, 0, 255, 153, 55, 0, 255, 152, 55, 0, 255, 152, 55, 0, 255, 152, 55, 0, 255, 152, 55, 0, 255, 152, 55, 0, 255, 152, 55, 0, 255, 152, 55, 0, 255, 151, 55, 0, 255, 151, 55, 0, 255, 151, 55, 0, 255, 151, 55, 0, 255, 151, 55, 0, 255, 151, 55, 0, 255, 150, 55, 0, 255, 150, 55, 0, 255, 150, 55, 0, 255, 150, 55, 0, 255, 150, 55, 0, 255, 149, 55, 0, 255, 149, 55, 0, 255, 149, 55, 0, 255, 149, 55, 0, 255, 147, 52, 0, 240, 131, 42, 0, 198, 113, 31, 0, 194, 104, 24, 0, 230, 102, 22, 0, 255, 102, 22, 0, 255, 102, 22, 0, 255, 102, 22, 0, 255, 102, 22, 0, 255, 102, 22, 0, 255, 102, 22, 0, 255, 102, 22, 0, 255, 101, 22, 0, 58, 0, 0, 0, 0, 0, 0, 0, 0, 0, 0, 0, 0, 0, 0, 0, 0, 0, 0, 0, 0, 0, 0, 0, 0, 0, 0, 0, 0, 0, 0, 0, 0, 0, 0, 0, 0, 0, 0, 0, 0, 0, 0, 0, 0, 0, 0, 0, 0, 0, 0, 0, 0, 0, 0, 0, 0, 0, 0, 0, 0, 0, 0, 0, 0, 0, 0, 0, 0, 0, 0, 0, 0, 0, 0, 0, 0, 0, 0, 0, 0, 0, 0, 0, 0, 0, 0, 0, 0, 0, 0, 0, 0, 0, 0, 0, 0, 0, 0, 0, 0, 0, 0, 0, 0, 0, 0, 0, 0, 0, 0, 0, 0, 0, 0, 0, 0, 0, 0, 0, 0, 0, 0, 0, 0, 0, 0, 0, 0, 0, 0, 0, 0, 0, 0, 0, 0, 0, 0, 0, 0, 0, 0, 0, 0, 0, 0, 0, 0, 0, 0, 0, 0, 0, 0, 0, 0, 0, 0, 0, 0, 0, 0, 0, 0, 0, 0, 0, 0, 0, 0, 0, 0, 0, 0, 0, 0, 0, 0, 0, 0, 0, 0, 0, 0, 0, 0, 0, 0, 0, 0, 0, 0, 0, 0, 0, 0, 0, 0, 0, 0, 0, 0, 0, 0, 0, 0, 0, 0, 0, 0, 0, 0, 103, 17, 0, 57, 101, 22, 0, 244, 102, 22, 0, 255, 102, 22, 0, 255, 102, 22, 0, 255, 102, 22, 0, 255, 102, 22, 0, 255, 102, 22, 0, 255, 102, 23, 0, 255, 104, 24, 0, 255, 131, 63, 38, 193, 211, 183, 155, 250, 215, 188, 161, 255, 215, 188, 161, 255, 215, 188, 161, 255, 215, 188, 161, 255, 215, 188, 161, 255, 215, 188, 161, 255, 215, 188, 161, 255, 215, 188, 161, 255, 215, 188, 161, 255, 215, 188, 161, 255, 215, 188, 161, 255, 202, 161, 127, 219, 161, 78, 27, 196, 151, 54, 0, 252, 151, 55, 0, 255, 151, 55, 0, 255, 151, 55, 0, 255, 151, 55, 0, 255, 151, 55, 0, 255, 152, 55, 0, 255, 152, 55, 0, 255, 152, 55, 0, 255, 152, 55, 0, 255, 152, 55, 0, 255, 152, 55, 0, 255, 152, 55, 0, 255, 153, 55, 0, 255, 153, 55, 0, 255, 153, 55, 0, 255, 153, 55, 0, 255, 153, 55, 0, 255, 153, 55, 0, 255, 153, 55, 0, 255, 153, 55, 0, 255, 153, 55, 0, 255, 153, 55, 0, 255, 154, 55, 0, 255, 154, 54, 0, 252, 150, 53, 0, 220, 147, 52, 0, 214, 151, 54, 0, 227, 154, 55, 0, 255, 154, 55, 0, 255, 154, 55, 0, 255, 154, 55, 0, 255, 154, 55, 0, 255, 154, 55, 0, 255, 154, 55, 0, 255, 154, 55, 0, 255, 154, 55, 0, 255, 154, 55, 0, 255, 154, 55, 0, 255, 154, 55, 0, 255, 154, 55, 0, 255, 154, 55, 0, 255, 154, 55, 0, 255, 154, 55, 0, 255, 154, 55, 0, 255, 154, 55, 0, 255, 154, 55, 0, 255, 154, 55, 0, 255, 154, 55, 0, 255, 154, 55, 0, 255, 154, 55, 0, 255, 154, 55, 0, 255, 154, 55, 0, 255, 154, 55, 0, 255, 154, 55, 0, 255, 154, 55, 0, 255, 154, 55, 0, 255, 154, 55, 0, 255, 154, 55, 0, 255, 154, 55, 0, 255, 154, 55, 0, 255, 154, 55, 0, 255, 154, 55, 0, 255, 154, 55, 0, 255, 154, 55, 0, 255, 154, 55, 0, 255, 153, 55, 0, 255, 153, 55, 0, 255, 153, 55, 0, 255, 153, 55, 0, 255, 153, 55, 0, 255, 153, 55, 0, 255, 153, 55, 0, 255, 153, 55, 0, 255, 153, 55, 0, 255, 153, 55, 0, 255, 152, 55, 0, 255, 152, 55, 0, 255, 152, 55, 0, 255, 152, 55, 0, 255, 152, 55, 0, 255, 152, 55, 0, 255, 152, 55, 0, 255, 152, 55, 0, 255, 151, 55, 0, 255, 151, 55, 0, 255, 151, 55, 0, 255, 151, 55, 0, 255, 151, 55, 0, 255, 151, 55, 0, 255, 150, 55, 0, 255, 150, 55, 0, 255, 150, 55, 0, 255, 150, 55, 0, 255, 150, 55, 0, 255, 150, 55, 0, 255, 149, 55, 0, 255, 148, 54, 0, 255, 139, 48, 0, 213, 121, 38, 0, 191, 110, 30, 0, 209, 106, 26, 0, 251, 105, 26, 0, 255, 103, 24, 0, 255, 102, 22, 0, 255, 102, 22, 0, 255, 102, 22, 0, 255, 102, 22, 0, 255, 102, 22, 0, 255, 102, 22, 0, 255, 102, 22, 0, 255, 102, 22, 0, 255, 102, 22, 0, 255, 101, 20, 0, 114, 0, 0, 0, 0, 0, 0, 0, 0, 0, 0, 0, 0, 0, 0, 0, 0, 0, 0, 0, 0, 0, 0, 0, 0, 0, 0, 0, 0, 0, 0, 0, 0, 0, 0, 0, 0, 0, 0, 0, 0, 0, 0, 0, 0, 0, 0, 0, 0, 0, 0, 0, 0, 0, 0, 0, 0, 0, 0, 0, 0, 0, 0, 0, 0, 0, 0, 0, 0, 0, 0, 0, 0, 0, 0, 0, 0, 0, 0, 0, 0, 0, 0, 0, 0, 0, 0, 0, 0, 0, 0, 0, 0, 0, 0, 0, 0, 0, 0, 0, 0, 0, 0, 0, 0, 0, 0, 0, 0, 0, 0, 0, 0, 0, 0, 0, 0, 0, 0, 0, 0, 0, 0, 0, 0, 0, 0, 0, 0, 0, 0, 0, 0, 0, 0, 0, 0, 0, 0, 0, 0, 0, 0, 0, 0, 0, 0, 0, 0, 0, 0, 0, 0, 0, 0, 0, 0, 0, 0, 0, 0, 0, 0, 0, 0, 0, 0, 0, 0, 0, 0, 0, 0, 0, 0, 0, 0, 0, 0, 0, 0, 0, 0, 0, 0, 0, 0, 0, 0, 0, 0, 0, 0, 0, 0, 0, 0, 0, 0, 0, 0, 0, 0, 0, 0, 0, 0, 0, 0, 0, 0, 0, 0, 0, 0, 0, 0, 101, 18, 0, 68, 102, 21, 0, 248, 102, 22, 0, 255, 102, 22, 0, 255, 102, 22, 0, 255, 102, 22, 0, 255, 102, 22, 0, 255, 101, 21, 0, 246, 161, 109, 84, 196, 215, 188, 161, 255, 215, 188, 161, 255, 215, 188, 161, 255, 215, 188, 161, 255, 215, 188, 161, 255, 215, 188, 161, 255, 215, 188, 161, 255, 215, 188, 161, 255, 215, 188, 161, 255, 215, 188, 161, 255, 215, 188, 161, 255, 215, 188, 161, 255, 215, 188, 161, 255, 215, 188, 161, 255, 215, 188, 161, 255, 203, 165, 133, 224, 158, 71, 19, 200, 151, 55, 0, 255, 151, 55, 0, 255, 151, 55, 0, 255, 151, 55, 0, 255, 151, 55, 0, 255, 151, 55, 0, 255, 152, 55, 0, 255, 152, 55, 0, 255, 152, 55, 0, 255, 152, 55, 0, 255, 152, 55, 0, 255, 152, 55, 0, 255, 152, 55, 0, 255, 152, 55, 0, 255, 152, 55, 0, 255, 153, 55, 0, 255, 153, 55, 0, 255, 153, 55, 0, 255, 153, 55, 0, 255, 153, 55, 0, 255, 143, 51, 0, 210, 53, 18, 0, 204, 6, 2, 0, 246, 0, 0, 0, 255, 0, 0, 0, 255, 0, 0, 0, 255, 12, 4, 0, 237, 89, 32, 0, 192, 152, 54, 0, 235, 154, 55, 0, 255, 154, 55, 0, 255, 154, 55, 0, 255, 154, 55, 0, 255, 154, 55, 0, 255, 154, 55, 0, 255, 154, 55, 0, 255, 154, 55, 0, 255, 154, 55, 0, 255, 154, 55, 0, 255, 154, 55, 0, 255, 154, 55, 0, 255, 154, 55, 0, 255, 154, 55, 0, 255, 154, 55, 0, 255, 154, 55, 0, 255, 154, 55, 0, 255, 154, 55, 0, 255, 154, 55, 0, 255, 154, 55, 0, 255, 154, 55, 0, 255, 154, 55, 0, 255, 154, 55, 0, 255, 154, 55, 0, 255, 154, 55, 0, 255, 154, 55, 0, 255, 154, 55, 0, 255, 154, 55, 0, 255, 154, 55, 0, 255, 154, 55, 0, 255, 153, 55, 0, 255, 153, 55, 0, 255, 153, 55, 0, 255, 153, 55, 0, 255, 153, 55, 0, 255, 153, 55, 0, 255, 153, 55, 0, 255, 153, 55, 0, 255, 153, 55, 0, 255, 153, 55, 0, 255, 153, 55, 0, 255, 152, 55, 0, 255, 152, 55, 0, 255, 152, 55, 0, 255, 152, 55, 0, 255, 152, 55, 0, 255, 152, 55, 0, 255, 152, 55, 0, 255, 152, 55, 0, 255, 152, 55, 0, 255, 151, 55, 0, 255, 151, 55, 0, 255, 151, 55, 0, 255, 151, 55, 0, 255, 151, 55, 0, 255, 151, 55, 0, 255, 151, 55, 0, 255, 150, 55, 0, 255, 150, 55, 0, 255, 150, 55, 0, 255, 150, 55, 0, 255, 150, 55, 0, 255, 150, 55, 0, 255, 145, 52, 0, 235, 131, 45, 0, 196, 117, 35, 0, 196, 110, 31, 0, 234, 109, 30, 0, 255, 108, 29, 0, 255, 106, 27, 0, 255, 105, 25, 0, 255, 103, 24, 0, 255, 102, 22, 0, 255, 102, 22, 0, 255, 102, 22, 0, 255, 102, 22, 0, 255, 102, 22, 0, 255, 102, 22, 0, 255, 102, 22, 0, 255, 102, 22, 0, 255, 102, 22, 0, 255, 102, 22, 0, 255, 102, 21, 0, 170, 0, 0, 0, 0, 0, 0, 0, 0, 0, 0, 0, 0, 0, 0, 0, 0, 0, 0, 0, 0, 0, 0, 0, 0, 0, 0, 0, 0, 0, 0, 0, 0, 0, 0, 0, 0, 0, 0, 0, 0, 0, 0, 0, 0, 0, 0, 0, 0, 0, 0, 0, 0, 0, 0, 0, 0, 0, 0, 0, 0, 0, 0, 0, 0, 0, 0, 0, 0, 0, 0, 0, 0, 0, 0, 0, 0, 0, 0, 0, 0, 0, 0, 0, 0, 0, 0, 0, 0, 0, 0, 0, 0, 0, 0, 0, 0, 0, 0, 0, 0, 0, 0, 0, 0, 0, 0, 0, 0, 0, 0, 0, 0, 0, 0, 0, 0, 0, 0, 0, 0, 0, 0, 0, 0, 0, 0, 0, 0, 0, 0, 0, 0, 0, 0, 0, 0, 0, 0, 0, 0, 0, 0, 0, 0, 0, 0, 0, 0, 0, 0, 0, 0, 0, 0, 0, 0, 0, 0, 0, 0, 0, 0, 0, 0, 0, 0, 0, 0, 0, 0, 0, 0, 0, 0, 0, 0, 0, 0, 0, 0, 0, 0, 0, 0, 0, 0, 0, 0, 0, 0, 0, 0, 0, 0, 0, 0, 0, 0, 0, 0, 0, 0, 0, 0, 0, 0, 0, 0, 0, 0, 0, 0, 0, 0, 0, 0, 0, 0, 0, 0, 102, 19, 0, 80, 101, 21, 0, 251, 102, 22, 0, 255, 102, 22, 0, 255, 102, 22, 0, 255, 102, 22, 0, 255, 178, 134, 108, 207, 215, 188, 161, 255, 215, 188, 161, 255, 186, 162, 139, 198, 214, 187, 160, 239, 215, 188, 161, 255, 215, 188, 161, 255, 215, 188, 161, 255, 215, 188, 161, 255, 215, 188, 161, 255, 215, 188, 161, 255, 215, 188, 161, 255, 215, 188, 161, 255, 215, 188, 161, 255, 215, 188, 161, 255, 215, 188, 161, 255, 215, 188, 161, 255, 215, 188, 161, 255, 214, 187, 160, 255, 180, 117, 75, 194, 150, 55, 0, 246, 151, 55, 0, 255, 151, 55, 0, 255, 151, 55, 0, 255, 151, 55, 0, 255, 151, 55, 0, 255, 151, 55, 0, 255, 151, 55, 0, 255, 151, 55, 0, 255, 152, 55, 0, 255, 152, 55, 0, 255, 152, 55, 0, 255, 152, 55, 0, 255, 152, 55, 0, 255, 152, 55, 0, 255, 152, 55, 0, 255, 152, 55, 0, 255, 151, 55, 0, 246, 74, 26, 0, 196, 0, 0, 0, 255, 1, 1, 1, 236, 9, 9, 9, 217, 0, 0, 0, 251, 0, 0, 0, 255, 0, 0, 0, 255, 0, 0, 0, 255, 0, 0, 0, 255, 11, 4, 0, 238, 142, 50, 0, 207, 153, 55, 0, 255, 153, 55, 0, 255, 153, 55, 0, 255, 153, 55, 0, 255, 153, 55, 0, 255, 153, 55, 0, 255, 154, 55, 0, 255, 154, 55, 0, 255, 154, 55, 0, 255, 154, 55, 0, 255, 154, 55, 0, 255, 154, 55, 0, 255, 154, 55, 0, 255, 154, 55, 0, 255, 154, 55, 0, 255, 154, 55, 0, 255, 154, 55, 0, 255, 154, 55, 0, 255, 154, 55, 0, 255, 153, 55, 0, 255, 153, 55, 0, 255, 153, 55, 0, 255, 153, 55, 0, 255, 153, 55, 0, 255, 153, 55, 0, 255, 153, 55, 0, 255, 153, 55, 0, 255, 153, 55, 0, 255, 153, 55, 0, 255, 153, 55, 0, 255, 153, 55, 0, 255, 153, 55, 0, 255, 153, 55, 0, 255, 153, 55, 0, 255, 153, 55, 0, 255, 153, 55, 0, 255, 152, 55, 0, 255, 152, 55, 0, 255, 152, 55, 0, 255, 152, 55, 0, 255, 152, 55, 0, 255, 152, 55, 0, 255, 152, 55, 0, 255, 152, 55, 0, 255, 152, 55, 0, 255, 152, 55, 0, 255, 151, 55, 0, 255, 151, 55, 0, 255, 151, 55, 0, 255, 151, 55, 0, 255, 151, 55, 0, 255, 151, 55, 0, 255, 151, 55, 0, 255, 150, 55, 0, 255, 150, 55, 0, 255, 150, 55, 0, 255, 150, 55, 0, 255, 150, 55, 0, 255, 149, 53, 0, 252, 140, 50, 0, 209, 125, 41, 0, 191, 115, 36, 0, 212, 112, 34, 0, 255, 111, 33, 0, 255, 110, 31, 0, 255, 109, 30, 0, 255, 107, 28, 0, 255, 106, 27, 0, 255, 104, 25, 0, 255, 103, 23, 0, 255, 102, 22, 0, 255, 102, 22, 0, 255, 102, 22, 0, 255, 102, 22, 0, 255, 102, 22, 0, 255, 102, 22, 0, 255, 102, 22, 0, 255, 102, 22, 0, 255, 102, 22, 0, 255, 102, 22, 0, 255, 102, 22, 0, 255, 101, 21, 0, 226, 0, 0, 0, 0, 0, 0, 0, 0, 0, 0, 0, 0, 0, 0, 0, 0, 0, 0, 0, 0, 0, 0, 0, 0, 0, 0, 0, 0, 0, 0, 0, 0, 0, 0, 0, 0, 0, 0, 0, 0, 0, 0, 0, 0, 0, 0, 0, 0, 0, 0, 0, 0, 0, 0, 0, 0, 0, 0, 0, 0, 0, 0, 0, 0, 0, 0, 0, 0, 0, 0, 0, 0, 0, 0, 0, 0, 0, 0, 0, 0, 0, 0, 0, 0, 0, 0, 0, 0, 0, 0, 0, 0, 0, 0, 0, 0, 0, 0, 0, 0, 0, 0, 0, 0, 0, 0, 0, 0, 0, 0, 0, 0, 0, 0, 0, 0, 0, 0, 0, 0, 0, 0, 0, 0, 0, 0, 0, 0, 0, 0, 0, 0, 0, 0, 0, 0, 0, 0, 0, 0, 0, 0, 0, 0, 0, 0, 0, 0, 0, 0, 0, 0, 0, 0, 0, 0, 0, 0, 0, 0, 0, 0, 0, 0, 0, 0, 0, 0, 0, 0, 0, 0, 0, 0, 0, 0, 0, 0, 0, 0, 0, 0, 0, 0, 0, 0, 0, 0, 0, 0, 0, 0, 0, 0, 0, 0, 0, 0, 0, 0, 0, 0, 0, 0, 0, 0, 0, 0, 0, 0, 0, 0, 0, 0, 0, 0, 0, 0, 0, 0, 0, 0, 0, 0, 101, 22, 0, 93, 102, 22, 0, 255, 102, 22, 0, 255, 102, 22, 0, 255, 107, 29, 7, 215, 214, 187, 160, 255, 215, 188, 161, 255, 205, 179, 153, 214, 21, 21, 21, 255, 29, 27, 25, 247, 117, 103, 90, 196, 204, 179, 152, 213, 215, 188, 161, 255, 215, 188, 161, 255, 215, 188, 161, 255, 215, 188, 161, 255, 215, 188, 161, 255, 215, 188, 161, 255, 215, 188, 161, 255, 215, 188, 161, 255, 215, 188, 161, 255, 215, 188, 161, 255, 215, 188, 161, 255, 215, 188, 161, 255, 215, 188, 161, 255, 196, 152, 117, 212, 150, 55, 0, 244, 150, 55, 0, 255, 150, 55, 0, 255, 151, 55, 0, 255, 151, 55, 0, 255, 151, 55, 0, 255, 151, 55, 0, 255, 151, 55, 0, 255, 151, 55, 0, 255, 151, 55, 0, 255, 151, 55, 0, 255, 152, 55, 0, 255, 152, 55, 0, 255, 152, 55, 0, 255, 151, 53, 0, 250, 140, 51, 0, 195, 42, 13, 0, 207, 0, 0, 0, 247, 80, 80, 80, 192, 230, 230, 230, 244, 243, 243, 243, 255, 236, 236, 236, 250, 153, 153, 153, 203, 0, 0, 0, 246, 0, 0, 0, 255, 0, 0, 0, 255, 0, 0, 0, 255, 11, 4, 0, 239, 151, 53, 0, 233, 153, 55, 0, 255, 153, 55, 0, 255, 153, 55, 0, 255, 153, 55, 0, 255, 153, 55, 0, 255, 153, 55, 0, 255, 153, 55, 0, 255, 153, 55, 0, 255, 153, 55, 0, 255, 153, 55, 0, 255, 153, 55, 0, 255, 153, 55, 0, 255, 153, 55, 0, 255, 153, 55, 0, 255, 153, 55, 0, 255, 153, 55, 0, 255, 153, 55, 0, 255, 153, 55, 0, 255, 153, 55, 0, 255, 153, 55, 0, 255, 153, 55, 0, 255, 153, 55, 0, 255, 153, 55, 0, 255, 153, 55, 0, 255, 153, 55, 0, 255, 153, 55, 0, 255, 153, 55, 0, 255, 153, 55, 0, 255, 153, 55, 0, 255, 153, 55, 0, 255, 152, 55, 0, 255, 152, 55, 0, 255, 152, 55, 0, 255, 152, 55, 0, 255, 152, 55, 0, 255, 152, 55, 0, 255, 152, 55, 0, 255, 152, 55, 0, 255, 152, 55, 0, 255, 152, 55, 0, 255, 152, 55, 0, 255, 152, 55, 0, 255, 151, 55, 0, 255, 151, 55, 0, 255, 151, 55, 0, 255, 151, 55, 0, 255, 151, 55, 0, 255, 151, 55, 0, 255, 151, 55, 0, 255, 151, 55, 0, 255, 150, 55, 0, 255, 150, 55, 0, 255, 150, 55, 0, 255, 150, 55, 0, 255, 146, 53, 0, 230, 133, 47, 0, 194, 121, 41, 0, 198, 115, 37, 0, 240, 114, 37, 0, 255, 113, 35, 0, 255, 112, 33, 0, 255, 110, 32, 0, 255, 109, 31, 0, 255, 108, 29, 0, 255, 107, 27, 0, 255, 105, 26, 0, 255, 104, 24, 0, 255, 102, 23, 0, 255, 102, 22, 0, 255, 102, 22, 0, 255, 102, 22, 0, 255, 102, 22, 0, 255, 102, 22, 0, 255, 102, 22, 0, 255, 102, 22, 0, 255, 102, 22, 0, 255, 102, 22, 0, 255, 102, 22, 0, 255, 102, 22, 0, 255, 102, 22, 0, 255, 102, 22, 0, 255, 104, 18, 0, 27, 0, 0, 0, 0, 0, 0, 0, 0, 0, 0, 0, 0, 0, 0, 0, 0, 0, 0, 0, 0, 0, 0, 0, 0, 0, 0, 0, 0, 0, 0, 0, 0, 0, 0, 0, 0, 0, 0, 0, 0, 0, 0, 0, 0, 0, 0, 0, 0, 0, 0, 0, 0, 0, 0, 0, 0, 0, 0, 0, 0, 0, 0, 0, 0, 0, 0, 0, 0, 0, 0, 0, 0, 0, 0, 0, 0, 0, 0, 0, 0, 0, 0, 0, 0, 0, 0, 0, 0, 0, 0, 0, 0, 0, 0, 0, 0, 0, 0, 0, 0, 0, 0, 0, 0, 0, 0, 0, 0, 0, 0, 0, 0, 0, 0, 0, 0, 0, 0, 0, 0, 0, 0, 0, 0, 0, 0, 0, 0, 0, 0, 0, 0, 0, 0, 0, 0, 0, 0, 0, 0, 0, 0, 0, 0, 0, 0, 0, 0, 0, 0, 0, 0, 0, 0, 0, 0, 0, 0, 0, 0, 0, 0, 0, 0, 0, 0, 0, 0, 0, 0, 0, 0, 0, 0, 0, 0, 0, 0, 0, 0, 0, 0, 0, 0, 0, 0, 0, 0, 0, 0, 0, 0, 0, 0, 0, 0, 0, 0, 0, 0, 0, 0, 0, 0, 0, 0, 0, 0, 0, 0, 0, 0, 0, 0, 0, 0, 0, 0, 0, 0, 0, 0, 0, 0, 102, 21, 0, 107, 102, 22, 0, 255, 102, 22, 0, 255, 133, 68, 46, 182, 215, 188, 161, 255, 215, 188, 161, 255, 164, 144, 124, 193, 21, 21, 21, 255, 21, 21, 21, 255, 21, 21, 21, 255, 21, 21, 21, 255, 68, 61, 53, 214, 178, 156, 133, 195, 215, 188, 160, 247, 215, 188, 161, 255, 215, 188, 161, 255, 215, 188, 161, 255, 215, 188, 161, 255, 215, 188, 161, 255, 215, 188, 161, 255, 215, 188, 161, 255, 215, 188, 161, 255, 215, 188, 161, 255, 215, 188, 161, 255, 215, 188, 161, 255, 193, 142, 104, 205, 150, 55, 0, 250, 150, 55, 0, 255, 150, 55, 0, 255, 150, 55, 0, 255, 150, 55, 0, 255, 151, 55, 0, 255, 151, 55, 0, 255, 151, 55, 0, 255, 151, 55, 0, 255, 151, 55, 0, 255, 151, 55, 0, 255, 150, 53, 0, 244, 136, 50, 0, 191, 126, 47, 0, 230, 117, 44, 0, 209, 0, 0, 0, 255, 166, 166, 166, 207, 243, 243, 243, 255, 243, 243, 243, 255, 243, 243, 243, 255, 243, 243, 243, 255, 243, 243, 243, 255, 90, 90, 90, 192, 0, 0, 0, 255, 0, 0, 0, 255, 0, 0, 0, 255, 0, 0, 0, 255, 54, 18, 0, 203, 150, 53, 0, 241, 153, 55, 0, 255, 153, 55, 0, 255, 153, 55, 0, 255, 153, 55, 0, 255, 153, 55, 0, 255, 153, 55, 0, 255, 153, 55, 0, 255, 153, 55, 0, 255, 153, 55, 0, 255, 153, 55, 0, 255, 153, 55, 0, 255, 153, 55, 0, 255, 153, 55, 0, 255, 153, 55, 0, 255, 153, 55, 0, 255, 153, 55, 0, 255, 153, 55, 0, 255, 153, 55, 0, 255, 153, 55, 0, 255, 153, 55, 0, 255, 153, 55, 0, 255, 153, 55, 0, 255, 152, 55, 0, 255, 152, 55, 0, 255, 152, 55, 0, 255, 152, 55, 0, 255, 152, 55, 0, 255, 152, 55, 0, 255, 152, 55, 0, 255, 152, 55, 0, 255, 152, 55, 0, 255, 152, 55, 0, 255, 152, 55, 0, 255, 152, 55, 0, 255, 152, 55, 0, 255, 152, 55, 0, 255, 152, 55, 0, 255, 151, 55, 0, 255, 151, 55, 0, 255, 151, 55, 0, 255, 151, 55, 0, 255, 151, 55, 0, 255, 151, 55, 0, 255, 151, 55, 0, 255, 151, 55, 0, 255, 151, 55, 0, 255, 150, 55, 0, 255, 150, 55, 0, 255, 150, 55, 0, 255, 149, 53, 0, 249, 139, 51, 0, 205, 127, 45, 0, 191, 119, 41, 0, 217, 117, 40, 0, 255, 116, 38, 0, 255, 115, 37, 0, 255, 113, 36, 0, 255, 112, 34, 0, 255, 111, 33, 0, 255, 110, 31, 0, 255, 109, 30, 0, 255, 107, 28, 0, 255, 106, 27, 0, 255, 105, 25, 0, 255, 103, 24, 0, 255, 102, 22, 0, 255, 102, 22, 0, 255, 102, 22, 0, 255, 102, 22, 0, 255, 102, 22, 0, 255, 102, 22, 0, 255, 102, 22, 0, 255, 102, 22, 0, 255, 102, 22, 0, 255, 102, 22, 0, 255, 102, 22, 0, 255, 102, 22, 0, 255, 102, 22, 0, 255, 102, 22, 0, 255, 102, 22, 0, 255, 101, 21, 0, 83, 0, 0, 0, 0, 0, 0, 0, 0, 0, 0, 0, 0, 0, 0, 0, 0, 0, 0, 0, 0, 0, 0, 0, 0, 0, 0, 0, 0, 0, 0, 0, 0, 0, 0, 0, 0, 0, 0, 0, 0, 0, 0, 0, 0, 0, 0, 0, 0, 0, 0, 0, 0, 0, 0, 0, 0, 0, 0, 0, 0, 0, 0, 0, 0, 0, 0, 0, 0, 0, 0, 0, 0, 0, 0, 0, 0, 0, 0, 0, 0, 0, 0, 0, 0, 0, 0, 0, 0, 0, 0, 0, 0, 0, 0, 0, 0, 0, 0, 0, 0, 0, 0, 0, 0, 0, 0, 0, 0, 0, 0, 0, 0, 0, 0, 0, 0, 0, 0, 0, 0, 0, 0, 0, 0, 0, 0, 0, 0, 0, 0, 0, 0, 0, 0, 0, 0, 0, 0, 0, 0, 0, 0, 0, 0, 0, 0, 0, 0, 0, 0, 0, 0, 0, 0, 0, 0, 0, 0, 0, 0, 0, 0, 0, 0, 0, 0, 0, 0, 0, 0, 0, 0, 0, 0, 0, 0, 0, 0, 0, 0, 0, 0, 0, 0, 0, 0, 0, 0, 0, 0, 0, 0, 0, 0, 0, 0, 0, 0, 0, 0, 0, 0, 0, 0, 0, 0, 0, 0, 0, 0, 0, 0, 0, 0, 0, 0, 0, 0, 0, 0, 0, 0, 0, 0, 0, 0, 0, 0, 102, 20, 0, 122, 102, 22, 0, 255, 146, 94, 74, 204, 211, 182, 156, 241, 215, 188, 161, 255, 165, 145, 124, 193, 21, 21, 21, 255, 21, 21, 21, 255, 21, 21, 21, 255, 21, 21, 21, 255, 21, 21, 21, 255, 21, 21, 21, 255, 34, 32, 29, 240, 135, 119, 103, 193, 210, 184, 157, 224, 215, 188, 161, 255, 215, 188, 161, 255, 215, 188, 161, 255, 215, 188, 161, 255, 215, 188, 161, 255, 215, 188, 161, 255, 215, 188, 161, 255, 215, 188, 161, 255, 215, 188, 161, 255, 215, 188, 161, 255, 170, 108, 68, 186, 139, 50, 0, 209, 148, 53, 0, 253, 150, 55, 0, 255, 150, 55, 0, 255, 150, 55, 0, 255, 150, 55, 0, 255, 150, 55, 0, 255, 150, 55, 0, 255, 151, 55, 0, 255, 148, 53, 0, 230, 126, 48, 0, 216, 125, 48, 0, 255, 126, 48, 0, 255, 64, 23, 0, 195, 6, 6, 6, 221, 242, 242, 242, 255, 243, 243, 243, 255, 243, 243, 243, 255, 243, 243, 243, 255, 243, 243, 243, 255, 243, 243, 243, 255, 144, 144, 144, 200, 0, 0, 0, 255, 0, 0, 0, 255, 0, 0, 0, 255, 0, 0, 0, 255, 0, 0, 0, 255, 104, 38, 0, 191, 139, 51, 0, 195, 152, 55, 0, 255, 152, 55, 0, 255, 152, 55, 0, 255, 152, 55, 0, 255, 152, 55, 0, 255, 152, 55, 0, 255, 152, 55, 0, 255, 152, 55, 0, 255, 152, 55, 0, 255, 152, 55, 0, 255, 152, 55, 0, 255, 152, 55, 0, 255, 152, 55, 0, 255, 152, 55, 0, 255, 152, 55, 0, 255, 152, 55, 0, 255, 152, 55, 0, 255, 152, 55, 0, 255, 152, 55, 0, 255, 152, 55, 0, 255, 152, 55, 0, 255, 152, 55, 0, 255, 152, 55, 0, 255, 152, 55, 0, 255, 152, 55, 0, 255, 152, 55, 0, 255, 152, 55, 0, 255, 152, 55, 0, 255, 152, 55, 0, 255, 152, 55, 0, 255, 152, 55, 0, 255, 151, 55, 0, 255, 151, 55, 0, 255, 151, 55, 0, 255, 151, 55, 0, 255, 151, 55, 0, 255, 151, 55, 0, 255, 151, 55, 0, 255, 151, 55, 0, 255, 151, 55, 0, 255, 151, 55, 0, 255, 151, 55, 0, 255, 150, 55, 0, 255, 150, 55, 0, 255, 150, 55, 0, 255, 144, 52, 0, 226, 134, 49, 0, 192, 124, 43, 0, 200, 119, 42, 0, 243, 118, 41, 0, 255, 117, 40, 0, 255, 116, 38, 0, 255, 115, 37, 0, 255, 113, 36, 0, 255, 112, 34, 0, 255, 111, 33, 0, 255, 110, 32, 0, 255, 109, 30, 0, 255, 108, 29, 0, 255, 106, 27, 0, 255, 105, 26, 0, 255, 104, 24, 0, 255, 103, 23, 0, 255, 102, 22, 0, 255, 102, 22, 0, 255, 102, 22, 0, 255, 102, 22, 0, 255, 102, 22, 0, 255, 102, 22, 0, 255, 102, 22, 0, 255, 102, 22, 0, 255, 102, 22, 0, 255, 102, 22, 0, 255, 102, 22, 0, 255, 102, 22, 0, 255, 102, 22, 0, 255, 102, 22, 0, 255, 102, 22, 0, 255, 102, 22, 0, 255, 101, 22, 0, 139, 0, 0, 0, 0, 0, 0, 0, 0, 0, 0, 0, 0, 0, 0, 0, 0, 0, 0, 0, 0, 0, 0, 0, 0, 0, 0, 0, 0, 0, 0, 0, 0, 0, 0, 0, 0, 0, 0, 0, 0, 0, 0, 0, 0, 0, 0, 0, 0, 0, 0, 0, 0, 0, 0, 0, 0, 0, 0, 0, 0, 0, 0, 0, 0, 0, 0, 0, 0, 0, 0, 0, 0, 0, 0, 0, 0, 0, 0, 0, 0, 0, 0, 0, 0, 0, 0, 0, 0, 0, 0, 0, 0, 0, 0, 0, 0, 0, 0, 0, 0, 0, 0, 0, 0, 0, 0, 0, 0, 0, 0, 0, 0, 0, 0, 0, 0, 0, 0, 0, 0, 0, 0, 0, 0, 0, 0, 0, 0, 0, 0, 0, 0, 0, 0, 0, 0, 0, 0, 0, 0, 0, 0, 0, 0, 0, 0, 0, 0, 0, 0, 0, 0, 0, 0, 0, 0, 0, 0, 0, 0, 0, 0, 0, 0, 0, 0, 0, 0, 0, 0, 0, 0, 0, 0, 0, 0, 0, 0, 0, 0, 0, 0, 0, 0, 0, 0, 0, 0, 0, 0, 0, 0, 0, 0, 0, 0, 0, 0, 0, 0, 0, 0, 0, 0, 0, 0, 0, 0, 0, 0, 0, 0, 0, 0, 0, 0, 0, 0, 0, 0, 0, 0, 0, 0, 0, 0, 0, 0, 0, 0, 0, 0, 102, 20, 0, 125, 156, 107, 89, 223, 191, 157, 134, 194, 215, 188, 161, 255, 202, 177, 151, 211, 21, 21, 21, 255, 21, 21, 21, 255, 21, 21, 21, 255, 21, 21, 21, 255, 21, 21, 21, 255, 21, 21, 21, 255, 21, 21, 21, 255, 21, 21, 21, 255, 22, 22, 21, 255, 84, 76, 67, 205, 189, 166, 142, 200, 215, 188, 160, 253, 215, 188, 161, 255, 215, 188, 161, 255, 215, 188, 161, 255, 215, 188, 161, 255, 215, 188, 161, 255, 215, 188, 161, 255, 215, 188, 161, 255, 211, 181, 154, 246, 116, 39, 1, 235, 117, 39, 0, 235, 123, 42, 0, 195, 136, 48, 0, 200, 149, 53, 0, 245, 150, 55, 0, 255, 150, 55, 0, 255, 150, 55, 0, 255, 144, 52, 0, 216, 124, 47, 0, 230, 125, 48, 0, 255, 125, 48, 0, 255, 124, 48, 0, 250, 9, 3, 0, 239, 51, 51, 51, 193, 243, 243, 243, 255, 243, 243, 243, 255, 243, 243, 243, 255, 243, 243, 243, 255, 243, 243, 243, 255, 243, 243, 243, 255, 52, 52, 52, 194, 0, 0, 0, 255, 0, 0, 0, 255, 0, 0, 0, 255, 0, 0, 0, 255, 0, 0, 0, 255, 54, 20, 0, 198, 127, 47, 0, 253, 142, 51, 0, 200, 152, 55, 0, 255, 152, 55, 0, 255, 152, 55, 0, 255, 152, 55, 0, 255, 152, 55, 0, 255, 152, 55, 0, 255, 152, 55, 0, 255, 152, 55, 0, 255, 152, 55, 0, 255, 152, 55, 0, 255, 152, 55, 0, 255, 152, 55, 0, 255, 152, 55, 0, 255, 152, 55, 0, 255, 152, 55, 0, 255, 152, 55, 0, 255, 152, 55, 0, 255, 152, 55, 0, 255, 152, 55, 0, 255, 152, 55, 0, 255, 152, 55, 0, 255, 152, 55, 0, 255, 152, 55, 0, 255, 152, 55, 0, 255, 151, 55, 0, 255, 151, 55, 0, 255, 151, 55, 0, 255, 151, 55, 0, 255, 151, 55, 0, 255, 151, 55, 0, 255, 151, 55, 0, 255, 151, 55, 0, 255, 151, 55, 0, 255, 151, 55, 0, 255, 151, 55, 0, 255, 151, 55, 0, 255, 151, 55, 0, 255, 150, 55, 0, 255, 150, 55, 0, 255, 150, 55, 0, 255, 148, 54, 0, 246, 139, 51, 0, 202, 129, 46, 0, 192, 122, 43, 0, 222, 120, 43, 0, 255, 119, 42, 0, 255, 118, 40, 0, 255, 117, 39, 0, 255, 116, 38, 0, 255, 115, 37, 0, 255, 113, 36, 0, 255, 112, 34, 0, 255, 111, 33, 0, 255, 110, 32, 0, 255, 109, 30, 0, 255, 108, 29, 0, 255, 107, 28, 0, 255, 105, 26, 0, 255, 104, 25, 0, 255, 103, 23, 0, 255, 102, 22, 0, 255, 102, 22, 0, 255, 102, 22, 0, 255, 102, 22, 0, 255, 102, 22, 0, 255, 102, 22, 0, 255, 102, 22, 0, 255, 102, 22, 0, 255, 102, 22, 0, 255, 102, 22, 0, 255, 102, 22, 0, 255, 102, 22, 0, 255, 102, 22, 0, 255, 102, 22, 0, 255, 102, 22, 0, 255, 102, 22, 0, 255, 102, 22, 0, 255, 102, 22, 0, 255, 102, 21, 0, 195, 0, 0, 0, 0, 0, 0, 0, 0, 0, 0, 0, 0, 0, 0, 0, 0, 0, 0, 0, 0, 0, 0, 0, 0, 0, 0, 0, 0, 0, 0, 0, 0, 0, 0, 0, 0, 0, 0, 0, 0, 0, 0, 0, 0, 0, 0, 0, 0, 0, 0, 0, 0, 0, 0, 0, 0, 0, 0, 0, 0, 0, 0, 0, 0, 0, 0, 0, 0, 0, 0, 0, 0, 0, 0, 0, 0, 0, 0, 0, 0, 0, 0, 0, 0, 0, 0, 0, 0, 0, 0, 0, 0, 0, 0, 0, 0, 0, 0, 0, 0, 0, 0, 0, 0, 0, 0, 0, 0, 0, 0, 0, 0, 0, 0, 0, 0, 0, 0, 0, 0, 0, 0, 0, 0, 0, 0, 0, 0, 0, 0, 0, 0, 0, 0, 0, 0, 0, 0, 0, 0, 0, 0, 0, 0, 0, 0, 0, 0, 0, 0, 0, 0, 0, 0, 0, 0, 0, 0, 0, 0, 0, 0, 0, 0, 0, 0, 0, 0, 0, 0, 0, 0, 0, 0, 0, 0, 0, 0, 0, 0, 0, 0, 0, 0, 0, 0, 0, 0, 0, 0, 0, 0, 0, 0, 0, 0, 0, 0, 0, 0, 0, 0, 0, 0, 0, 0, 0, 0, 0, 0, 0, 0, 0, 0, 0, 0, 0, 0, 0, 0, 0, 0, 0, 0, 0, 0, 0, 0, 0, 0, 0, 0, 0, 0, 0, 0, 164, 123, 104, 149, 170, 129, 111, 209, 215, 188, 161, 255, 215, 188, 161, 255, 65, 59, 53, 216, 21, 21, 21, 255, 21, 21, 21, 255, 21, 21, 21, 255, 21, 21, 21, 255, 21, 21, 21, 255, 21, 21, 21, 255, 21, 21, 21, 255, 21, 21, 21, 255, 21, 21, 21, 255, 21, 21, 21, 255, 44, 41, 36, 231, 152, 133, 116, 192, 213, 187, 159, 234, 215, 188, 161, 255, 215, 188, 161, 255, 215, 188, 161, 255, 215, 188, 161, 255, 215, 188, 161, 255, 215, 188, 161, 255, 146, 85, 53, 192, 113, 36, 0, 255, 114, 37, 0, 255, 115, 38, 0, 255, 116, 38, 0, 246, 120, 40, 0, 201, 133, 47, 0, 194, 137, 49, 0, 198, 120, 42, 0, 242, 121, 44, 0, 255, 122, 45, 0, 255, 123, 46, 0, 255, 117, 44, 0, 213, 0, 0, 0, 255, 1, 1, 1, 231, 205, 205, 205, 219, 243, 243, 243, 255, 243, 243, 243, 255, 243, 243, 243, 255, 243, 243, 243, 255, 150, 150, 150, 202, 1, 1, 1, 240, 0, 0, 0, 255, 0, 0, 0, 255, 0, 0, 0, 255, 0, 0, 0, 255, 0, 0, 0, 255, 14, 5, 0, 231, 126, 48, 0, 255, 126, 48, 0, 234, 149, 53, 0, 240, 151, 55, 0, 255, 151, 55, 0, 255, 151, 55, 0, 255, 151, 55, 0, 255, 151, 55, 0, 255, 151, 55, 0, 255, 151, 55, 0, 255, 151, 55, 0, 255, 151, 55, 0, 255, 151, 55, 0, 255, 151, 55, 0, 255, 151, 55, 0, 255, 151, 55, 0, 255, 151, 55, 0, 255, 151, 55, 0, 255, 151, 55, 0, 255, 151, 55, 0, 255, 151, 55, 0, 255, 151, 55, 0, 255, 151, 55, 0, 255, 151, 55, 0, 255, 151, 55, 0, 255, 151, 55, 0, 255, 151, 55, 0, 255, 151, 55, 0, 255, 151, 55, 0, 255, 151, 55, 0, 255, 151, 55, 0, 255, 151, 55, 0, 255, 151, 55, 0, 255, 151, 55, 0, 255, 151, 55, 0, 255, 150, 55, 0, 255, 150, 55, 0, 255, 150, 55, 0, 255, 149, 54, 0, 255, 144, 52, 0, 219, 134, 49, 0, 191, 124, 45, 0, 204, 121, 43, 0, 247, 120, 43, 0, 255, 119, 42, 0, 255, 118, 41, 0, 255, 117, 40, 0, 255, 116, 39, 0, 255, 115, 38, 0, 255, 114, 36, 0, 255, 113, 35, 0, 255, 112, 34, 0, 255, 111, 33, 0, 255, 110, 32, 0, 255, 109, 30, 0, 255, 108, 29, 0, 255, 107, 28, 0, 255, 106, 26, 0, 255, 105, 25, 0, 255, 103, 24, 0, 255, 102, 22, 0, 255, 102, 22, 0, 255, 102, 22, 0, 255, 102, 22, 0, 255, 102, 22, 0, 255, 102, 22, 0, 255, 102, 22, 0, 255, 102, 22, 0, 255, 102, 22, 0, 255, 102, 22, 0, 255, 102, 22, 0, 255, 102, 22, 0, 255, 102, 22, 0, 255, 102, 22, 0, 255, 102, 22, 0, 255, 102, 22, 0, 255, 102, 22, 0, 255, 102, 22, 0, 255, 102, 22, 0, 255, 102, 21, 0, 188, 100, 20, 0, 74, 0, 0, 0, 0, 0, 0, 0, 0, 0, 0, 0, 0, 0, 0, 0, 0, 0, 0, 0, 0, 0, 0, 0, 0, 0, 0, 0, 0, 0, 0, 0, 0, 0, 0, 0, 0, 0, 0, 0, 0, 0, 0, 0, 0, 0, 0, 0, 0, 0, 0, 0, 0, 0, 0, 0, 0, 0, 0, 0, 0, 0, 0, 0, 0, 0, 0, 0, 0, 0, 0, 0, 0, 0, 0, 0, 0, 0, 0, 0, 0, 0, 0, 0, 0, 0, 0, 0, 0, 0, 0, 0, 0, 0, 0, 0, 0, 0, 0, 0, 0, 0, 0, 0, 0, 0, 0, 0, 0, 0, 0, 0, 0, 0, 0, 0, 0, 0, 0, 0, 0, 0, 0, 0, 0, 0, 0, 0, 0, 0, 0, 0, 0, 0, 0, 0, 0, 0, 0, 0, 0, 0, 0, 0, 0, 0, 0, 0, 0, 0, 0, 0, 0, 0, 0, 0, 0, 0, 0, 0, 0, 0, 0, 0, 0, 0, 0, 0, 0, 0, 0, 0, 0, 0, 0, 0, 0, 0, 0, 0, 0, 0, 0, 0, 0, 0, 0, 0, 0, 0, 0, 0, 0, 0, 0, 0, 0, 0, 0, 0, 0, 0, 0, 0, 0, 0, 0, 0, 0, 0, 0, 0, 0, 0, 0, 0, 0, 0, 0, 0, 0, 0, 0, 0, 0, 0, 0, 0, 0, 0, 0, 0, 0, 0, 0, 0, 0, 168, 124, 109, 35, 165, 126, 108, 253, 188, 154, 131, 194, 215, 188, 161, 255, 203, 177, 152, 210, 22, 21, 21, 254, 21, 21, 21, 255, 21, 21, 21, 255, 21, 21, 21, 255, 21, 21, 21, 255, 21, 21, 21, 255, 21, 21, 21, 255, 21, 21, 21, 255, 21, 21, 21, 255, 21, 21, 21, 255, 21, 21, 21, 255, 21, 21, 21, 255, 24, 24, 23, 251, 106, 93, 81, 198, 200, 174, 150, 208, 215, 188, 161, 255, 215, 188, 161, 255, 215, 188, 161, 255, 215, 188, 161, 255, 189, 153, 126, 204, 110, 32, 0, 255, 111, 33, 0, 255, 112, 34, 0, 255, 113, 35, 0, 255, 114, 37, 0, 255, 115, 38, 0, 255, 116, 39, 0, 255, 117, 40, 0, 255, 118, 41, 0, 255, 119, 42, 0, 255, 119, 42, 0, 255, 111, 40, 0, 209, 0, 0, 0, 255, 0, 0, 0, 255, 1, 1, 1, 240, 26, 26, 26, 202, 66, 66, 66, 192, 104, 104, 104, 193, 26, 26, 26, 203, 0, 0, 0, 255, 0, 0, 0, 255, 0, 0, 0, 255, 0, 0, 0, 255, 0, 0, 0, 255, 0, 0, 0, 255, 0, 0, 0, 255, 0, 0, 0, 255, 124, 47, 0, 244, 126, 48, 0, 255, 134, 49, 0, 191, 151, 55, 0, 255, 151, 55, 0, 255, 151, 55, 0, 255, 151, 55, 0, 255, 151, 55, 0, 255, 151, 55, 0, 255, 151, 55, 0, 255, 151, 55, 0, 255, 151, 55, 0, 255, 151, 55, 0, 255, 151, 55, 0, 255, 151, 55, 0, 255, 151, 55, 0, 255, 151, 55, 0, 255, 151, 55, 0, 255, 151, 55, 0, 255, 151, 55, 0, 255, 151, 55, 0, 255, 151, 55, 0, 255, 151, 55, 0, 255, 151, 55, 0, 255, 151, 55, 0, 255, 151, 55, 0, 255, 151, 55, 0, 255, 151, 55, 0, 255, 151, 55, 0, 255, 150, 55, 0, 255, 150, 55, 0, 255, 150, 55, 0, 255, 150, 55, 0, 255, 150, 55, 0, 255, 150, 55, 0, 255, 147, 53, 0, 241, 138, 50, 0, 199, 128, 47, 0, 193, 121, 45, 0, 227, 120, 44, 0, 255, 120, 43, 0, 255, 119, 42, 0, 255, 118, 41, 0, 255, 117, 40, 0, 255, 117, 39, 0, 255, 116, 38, 0, 255, 115, 37, 0, 255, 114, 36, 0, 255, 113, 35, 0, 255, 112, 34, 0, 255, 111, 32, 0, 255, 110, 31, 0, 255, 109, 30, 0, 255, 108, 29, 0, 255, 107, 28, 0, 255, 106, 26, 0, 255, 105, 25, 0, 255, 103, 24, 0, 255, 102, 22, 0, 255, 102, 22, 0, 255, 102, 22, 0, 255, 102, 22, 0, 255, 102, 22, 0, 255, 102, 22, 0, 255, 102, 22, 0, 255, 102, 22, 0, 255, 102, 22, 0, 255, 102, 22, 0, 255, 102, 22, 0, 255, 102, 22, 0, 255, 102, 22, 0, 255, 102, 22, 0, 255, 102, 22, 0, 255, 102, 22, 0, 255, 102, 22, 0, 255, 102, 22, 0, 255, 101, 21, 0, 247, 102, 21, 0, 155, 98, 17, 0, 44, 0, 0, 0, 0, 0, 0, 0, 0, 0, 0, 0, 0, 0, 0, 0, 0, 0, 0, 0, 0, 0, 0, 0, 0, 0, 0, 0, 0, 0, 0, 0, 0, 0, 0, 0, 0, 0, 0, 0, 0, 0, 0, 0, 0, 0, 0, 0, 0, 0, 0, 0, 0, 0, 0, 0, 0, 0, 0, 0, 0, 0, 0, 0, 0, 0, 0, 0, 0, 0, 0, 0, 0, 0, 0, 0, 0, 0, 0, 0, 0, 0, 0, 0, 0, 0, 0, 0, 0, 0, 0, 0, 0, 0, 0, 0, 0, 0, 0, 0, 0, 0, 0, 0, 0, 0, 0, 0, 0, 0, 0, 0, 0, 0, 0, 0, 0, 0, 0, 0, 0, 0, 0, 0, 0, 0, 0, 0, 0, 0, 0, 0, 0, 0, 0, 0, 0, 0, 0, 0, 0, 0, 0, 0, 0, 0, 0, 0, 0, 0, 0, 0, 0, 0, 0, 0, 0, 0, 0, 0, 0, 0, 0, 0, 0, 0, 0, 0, 0, 0, 0, 0, 0, 0, 0, 0, 0, 0, 0, 0, 0, 0, 0, 0, 0, 0, 0, 0, 0, 0, 0, 0, 0, 0, 0, 0, 0, 0, 0, 0, 0, 0, 0, 0, 0, 0, 0, 0, 0, 0, 0, 0, 0, 0, 0, 0, 0, 0, 0, 0, 0, 0, 0, 0, 0, 0, 0, 0, 0, 0, 0, 0, 0, 0, 0, 0, 0, 0, 0, 0, 0, 0, 0, 0, 0, 0, 0, 0, 0, 165, 126, 107, 150, 166, 125, 107, 252, 198, 166, 142, 206, 215, 188, 161, 255, 150, 132, 113, 192, 21, 21, 21, 255, 21, 21, 21, 255, 21, 21, 21, 255, 21, 21, 21, 255, 21, 21, 21, 255, 21, 21, 21, 255, 21, 21, 21, 255, 21, 21, 21, 255, 21, 21, 21, 255, 21, 21, 21, 255, 21, 21, 21, 255, 21, 21, 21, 255, 21, 21, 21, 255, 21, 21, 21, 255, 57, 53, 47, 221, 168, 147, 127, 193, 215, 188, 160, 242, 215, 188, 161, 255, 199, 165, 141, 204, 108, 30, 2, 220, 109, 30, 0, 255, 109, 31, 0, 255, 110, 32, 0, 255, 111, 33, 0, 255, 112, 34, 0, 255, 113, 35, 0, 255, 114, 36, 0, 255, 115, 37, 0, 255, 116, 38, 0, 255, 116, 39, 0, 255, 108, 36, 0, 208, 0, 0, 0, 255, 0, 0, 0, 255, 0, 0, 0, 255, 0, 0, 0, 255, 0, 0, 0, 255, 0, 0, 0, 255, 0, 0, 0, 255, 0, 0, 0, 255, 0, 0, 0, 255, 0, 0, 0, 255, 0, 0, 0, 255, 0, 0, 0, 255, 0, 0, 0, 255, 0, 0, 0, 255, 3, 1, 0, 250, 125, 48, 0, 255, 125, 48, 0, 255, 125, 47, 0, 227, 149, 54, 0, 255, 151, 55, 0, 255, 151, 55, 0, 255, 151, 55, 0, 255, 151, 55, 0, 255, 159, 71, 16, 201, 160, 73, 20, 199, 161, 75, 22, 197, 162, 76, 24, 197, 161, 79, 26, 196, 164, 81, 27, 195, 164, 83, 30, 194, 164, 84, 31, 194, 165, 86, 33, 193, 167, 87, 35, 193, 168, 90, 37, 192, 169, 92, 40, 192, 168, 94, 41, 192, 168, 92, 40, 192, 163, 84, 30, 194, 161, 76, 23, 197, 157, 69, 16, 202, 155, 65, 11, 207, 153, 61, 5, 214, 152, 58, 3, 222, 151, 56, 1, 232, 150, 54, 0, 243, 150, 55, 0, 255, 149, 54, 0, 255, 144, 52, 0, 215, 132, 48, 0, 191, 123, 45, 0, 207, 120, 44, 0, 250, 120, 43, 0, 255, 119, 42, 0, 255, 118, 41, 0, 255, 118, 41, 0, 255, 117, 40, 0, 255, 116, 39, 0, 255, 115, 38, 0, 255, 115, 37, 0, 255, 114, 36, 0, 255, 113, 35, 0, 255, 112, 34, 0, 255, 111, 33, 0, 255, 110, 32, 0, 255, 109, 31, 0, 255, 108, 30, 0, 255, 107, 28, 0, 255, 106, 27, 0, 255, 105, 26, 0, 255, 104, 25, 0, 255, 103, 24, 0, 255, 102, 22, 0, 255, 102, 22, 0, 255, 102, 22, 0, 255, 102, 22, 0, 255, 102, 22, 0, 255, 102, 22, 0, 255, 102, 22, 0, 255, 102, 22, 0, 255, 102, 22, 0, 255, 102, 22, 0, 255, 102, 22, 0, 255, 102, 22, 0, 255, 102, 22, 0, 255, 102, 22, 0, 255, 102, 22, 0, 255, 102, 22, 0, 255, 102, 22, 0, 255, 102, 22, 0, 255, 102, 21, 0, 230, 101, 20, 0, 123, 102, 12, 0, 20, 0, 0, 0, 0, 0, 0, 0, 0, 0, 0, 0, 0, 0, 0, 0, 0, 0, 0, 0, 0, 0, 0, 0, 0, 0, 0, 0, 0, 0, 0, 0, 0, 0, 0, 0, 0, 0, 0, 0, 0, 0, 0, 0, 0, 0, 0, 0, 0, 0, 0, 0, 0, 0, 0, 0, 0, 0, 0, 0, 0, 0, 0, 0, 0, 0, 0, 0, 0, 0, 0, 0, 0, 0, 0, 0, 0, 0, 0, 0, 0, 0, 0, 0, 0, 0, 0, 0, 0, 0, 0, 0, 0, 0, 0, 0, 0, 0, 0, 0, 0, 0, 0, 0, 0, 0, 0, 0, 0, 0, 0, 0, 0, 0, 0, 0, 0, 0, 0, 0, 0, 0, 0, 0, 0, 0, 0, 0, 0, 0, 0, 0, 0, 0, 0, 0, 0, 0, 0, 0, 0, 0, 0, 0, 0, 0, 0, 0, 0, 0, 0, 0, 0, 0, 0, 0, 0, 0, 0, 0, 0, 0, 0, 0, 0, 0, 0, 0, 0, 0, 0, 0, 0, 0, 0, 0, 0, 0, 0, 0, 0, 0, 0, 0, 0, 0, 0, 0, 0, 0, 0, 0, 0, 0, 0, 0, 0, 0, 0, 0, 0, 0, 0, 0, 0, 0, 0, 0, 0, 0, 0, 0, 0, 0, 0, 0, 0, 0, 0, 0, 0, 0, 0, 0, 0, 0, 0, 0, 0, 0, 0, 0, 0, 0, 0, 0, 0, 0, 0, 0, 0, 0, 0, 0, 0, 0, 0, 0, 0, 0, 0, 0, 0, 0, 0, 0, 0, 177, 118, 98, 13, 166, 125, 107, 226, 166, 125, 107, 242, 205, 173, 149, 218, 215, 188, 161, 255, 120, 106, 93, 195, 21, 21, 21, 255, 21, 21, 21, 255, 21, 21, 21, 255, 21, 21, 21, 255, 21, 21, 21, 255, 21, 21, 21, 255, 21, 21, 21, 255, 21, 21, 21, 255, 21, 21, 21, 255, 21, 21, 21, 255, 21, 21, 21, 255, 21, 21, 21, 255, 21, 21, 21, 255, 21, 21, 21, 255, 70, 63, 56, 213, 213, 186, 160, 235, 215, 188, 161, 255, 197, 165, 142, 203, 120, 52, 29, 192, 105, 26, 0, 255, 106, 27, 0, 255, 107, 28, 0, 255, 108, 29, 0, 255, 109, 30, 0, 255, 110, 31, 0, 255, 111, 32, 0, 255, 112, 33, 0, 255, 112, 34, 0, 255, 113, 35, 0, 255, 110, 34, 0, 224, 0, 0, 0, 255, 0, 0, 0, 255, 0, 0, 0, 255, 0, 0, 0, 255, 0, 0, 0, 255, 0, 0, 0, 255, 0, 0, 0, 255, 0, 0, 0, 255, 0, 0, 0, 255, 0, 0, 0, 255, 0, 0, 0, 255, 0, 0, 0, 255, 0, 0, 0, 255, 0, 0, 0, 255, 14, 5, 0, 230, 123, 46, 0, 255, 123, 47, 0, 255, 123, 47, 0, 255, 146, 53, 0, 225, 150, 55, 0, 255, 150, 55, 0, 255, 150, 55, 0, 255, 150, 55, 0, 255, 211, 185, 141, 244, 215, 192, 149, 255, 215, 192, 149, 255, 215, 192, 149, 255, 215, 192, 149, 255, 215, 192, 149, 255, 215, 192, 149, 255, 215, 192, 149, 255, 215, 192, 149, 255, 215, 192, 149, 255, 215, 192, 149, 255, 216, 191, 147, 237, 213, 189, 147, 221, 211, 187, 145, 207, 206, 181, 142, 198, 202, 176, 139, 193, 197, 168, 134, 192, 191, 160, 128, 195, 185, 152, 122, 202, 179, 143, 118, 212, 172, 134, 112, 228, 167, 129, 108, 247, 164, 123, 102, 247, 160, 111, 88, 220, 149, 95, 67, 202, 140, 78, 46, 192, 130, 62, 28, 192, 123, 50, 11, 201, 117, 40, 0, 233, 117, 39, 0, 255, 116, 38, 0, 255, 115, 37, 0, 255, 114, 37, 0, 255, 114, 36, 0, 255, 113, 35, 0, 255, 112, 34, 0, 255, 111, 33, 0, 255, 110, 32, 0, 255, 110, 31, 0, 255, 109, 30, 0, 255, 108, 29, 0, 255, 107, 28, 0, 255, 106, 27, 0, 255, 105, 26, 0, 255, 104, 24, 0, 255, 103, 23, 0, 255, 102, 22, 0, 255, 102, 22, 0, 255, 102, 22, 0, 255, 102, 22, 0, 255, 102, 22, 0, 255, 102, 22, 0, 255, 102, 22, 0, 255, 102, 22, 0, 255, 102, 22, 0, 255, 102, 22, 0, 255, 102, 22, 0, 255, 102, 22, 0, 255, 102, 22, 0, 255, 102, 22, 0, 255, 102, 22, 0, 255, 102, 22, 0, 255, 102, 22, 0, 255, 102, 22, 0, 255, 101, 21, 0, 201, 102, 19, 0, 90, 102, 0, 0, 5, 0, 0, 0, 0, 0, 0, 0, 0, 0, 0, 0, 0, 0, 0, 0, 0, 0, 0, 0, 0, 0, 0, 0, 0, 0, 0, 0, 0, 0, 0, 0, 0, 0, 0, 0, 0, 0, 0, 0, 0, 0, 0, 0, 0, 0, 0, 0, 0, 0, 0, 0, 0, 0, 0, 0, 0, 0, 0, 0, 0, 0, 0, 0, 0, 0, 0, 0, 0, 0, 0, 0, 0, 0, 0, 0, 0, 0, 0, 0, 0, 0, 0, 0, 0, 0, 0, 0, 0, 0, 0, 0, 0, 0, 0, 0, 0, 0, 0, 0, 0, 0, 0, 0, 0, 0, 0, 0, 0, 0, 0, 0, 0, 0, 0, 0, 0, 0, 0, 0, 0, 0, 0, 0, 0, 0, 0, 0, 0, 0, 0, 0, 0, 0, 0, 0, 0, 0, 0, 0, 0, 0, 0, 0, 0, 0, 0, 0, 0, 0, 0, 0, 0, 0, 0, 0, 0, 0, 0, 0, 0, 0, 0, 0, 0, 0, 0, 0, 0, 0, 0, 0, 0, 0, 0, 0, 0, 0, 0, 0, 0, 0, 0, 0, 0, 0, 0, 0, 0, 0, 0, 0, 0, 0, 0, 0, 0, 0, 0, 0, 0, 0, 0, 0, 0, 0, 0, 0, 0, 0, 0, 0, 0, 0, 0, 0, 0, 0, 0, 0, 0, 0, 0, 0, 0, 0, 0, 0, 0, 0, 0, 0, 0, 0, 0, 0, 0, 0, 0, 0, 0, 0, 0, 0, 0, 0, 0, 0, 0, 0, 0, 0, 0, 0, 0, 0, 0, 0, 0, 0, 0, 0, 0, 0, 0, 0, 0, 0, 0, 167, 124, 106, 72, 166, 126, 108, 255, 167, 127, 108, 231, 209, 180, 154, 230, 215, 188, 160, 253, 132, 116, 100, 193, 21, 21, 21, 255, 21, 21, 21, 255, 21, 21, 21, 255, 21, 21, 21, 255, 21, 21, 21, 255, 21, 21, 21, 255, 21, 21, 21, 255, 21, 21, 21, 255, 21, 21, 21, 255, 21, 21, 21, 255, 21, 21, 21, 255, 21, 21, 21, 255, 105, 93, 82, 199, 215, 187, 161, 248, 215, 188, 161, 255, 215, 188, 161, 255, 196, 163, 140, 201, 131, 68, 49, 193, 102, 23, 0, 255, 103, 24, 0, 255, 104, 25, 0, 255, 105, 26, 0, 255, 106, 27, 0, 255, 107, 28, 0, 255, 108, 29, 0, 255, 109, 30, 0, 255, 109, 31, 0, 255, 110, 32, 0, 255, 111, 31, 0, 253, 6, 1, 0, 242, 0, 0, 0, 255, 0, 0, 0, 255, 0, 0, 0, 255, 0, 0, 0, 255, 0, 0, 0, 255, 0, 0, 0, 255, 0, 0, 0, 255, 0, 0, 0, 255, 0, 0, 0, 255, 0, 0, 0, 255, 0, 0, 0, 255, 0, 0, 0, 255, 0, 0, 0, 255, 28, 9, 0, 214, 120, 43, 0, 255, 120, 43, 0, 255, 120, 44, 0, 255, 133, 48, 0, 192, 143, 52, 0, 216, 145, 51, 0, 222, 146, 52, 0, 229, 147, 53, 0, 235, 210, 182, 138, 223, 213, 189, 148, 216, 210, 184, 144, 204, 206, 181, 141, 196, 202, 174, 137, 192, 196, 165, 133, 192, 189, 157, 127, 197, 183, 149, 121, 205, 176, 139, 116, 217, 171, 134, 112, 233, 167, 126, 107, 252, 166, 126, 108, 255, 166, 126, 108, 255, 166, 126, 108, 255, 166, 126, 108, 255, 166, 126, 108, 255, 166, 126, 108, 255, 166, 126, 108, 255, 166, 126, 108, 255, 166, 126, 108, 255, 166, 126, 108, 255, 166, 126, 108, 255, 166, 126, 108, 255, 166, 126, 108, 255, 166, 126, 108, 255, 166, 126, 108, 255, 166, 126, 108, 255, 166, 126, 108, 255, 165, 125, 107, 255, 159, 112, 92, 229, 143, 86, 60, 198, 124, 54, 22, 194, 112, 33, 0, 234, 111, 33, 0, 255, 110, 32, 0, 255, 109, 31, 0, 255, 109, 30, 0, 255, 108, 29, 0, 255, 107, 28, 0, 255, 106, 27, 0, 255, 105, 26, 0, 255, 104, 25, 0, 255, 103, 24, 0, 255, 102, 23, 0, 255, 102, 22, 0, 255, 102, 22, 0, 255, 102, 22, 0, 255, 102, 22, 0, 255, 102, 22, 0, 255, 102, 22, 0, 255, 102, 22, 0, 255, 102, 22, 0, 255, 102, 22, 0, 255, 102, 22, 0, 255, 102, 22, 0, 255, 102, 22, 0, 255, 102, 22, 0, 255, 102, 22, 0, 255, 102, 22, 0, 255, 102, 22, 0, 255, 102, 22, 0, 255, 101, 21, 0, 241, 101, 20, 0, 149, 101, 21, 0, 48, 0, 0, 0, 0, 0, 0, 0, 0, 0, 0, 0, 0, 0, 0, 0, 0, 0, 0, 0, 0, 0, 0, 0, 0, 0, 0, 0, 0, 0, 0, 0, 0, 0, 0, 0, 0, 0, 0, 0, 0, 0, 0, 0, 0, 0, 0, 0, 0, 0, 0, 0, 0, 0, 0, 0, 0, 0, 0, 0, 0, 0, 0, 0, 0, 0, 0, 0, 0, 0, 0, 0, 0, 0, 0, 0, 0, 0, 0, 0, 0, 0, 0, 0, 0, 0, 0, 0, 0, 0, 0, 0, 0, 0, 0, 0, 0, 0, 0, 0, 0, 0, 0, 0, 0, 0, 0, 0, 0, 0, 0, 0, 0, 0, 0, 0, 0, 0, 0, 0, 0, 0, 0, 0, 0, 0, 0, 0, 0, 0, 0, 0, 0, 0, 0, 0, 0, 0, 0, 0, 0, 0, 0, 0, 0, 0, 0, 0, 0, 0, 0, 0, 0, 0, 0, 0, 0, 0, 0, 0, 0, 0, 0, 0, 0, 0, 0, 0, 0, 0, 0, 0, 0, 0, 0, 0, 0, 0, 0, 0, 0, 0, 0, 0, 0, 0, 0, 0, 0, 0, 0, 0, 0, 0, 0, 0, 0, 0, 0, 0, 0, 0, 0, 0, 0, 0, 0, 0, 0, 0, 0, 0, 0, 0, 0, 0, 0, 0, 0, 0, 0, 0, 0, 0, 0, 0, 0, 0, 0, 0, 0, 0, 0, 0, 0, 0, 0, 0, 0, 0, 0, 0, 0, 0, 0, 0, 0, 0, 0, 0, 0, 0, 0, 0, 0, 0, 0, 0, 0, 0, 0, 0, 0, 0, 0, 0, 0, 0, 0, 0, 0, 0, 0, 0, 0, 0, 0, 0, 0, 0, 0, 0, 0, 0, 0, 166, 126, 107, 148, 166, 126, 108, 255, 167, 127, 110, 221, 206, 176, 151, 222, 215, 188, 161, 255, 175, 154, 132, 195, 24, 24, 23, 251, 21, 21, 21, 255, 21, 21, 21, 255, 21, 21, 21, 255, 21, 21, 21, 255, 21, 21, 21, 255, 21, 21, 21, 255, 21, 21, 21, 255, 21, 21, 21, 255, 70, 63, 56, 213, 188, 165, 142, 200, 215, 188, 161, 255, 215, 188, 161, 255, 215, 188, 161, 255, 215, 188, 161, 255, 181, 144, 122, 192, 140, 83, 64, 200, 102, 22, 0, 255, 102, 22, 0, 255, 102, 22, 0, 255, 102, 22, 0, 255, 103, 23, 0, 255, 104, 24, 0, 255, 105, 25, 0, 255, 105, 26, 0, 255, 106, 27, 0, 255, 107, 28, 0, 255, 108, 29, 0, 255, 52, 14, 0, 196, 0, 0, 0, 255, 0, 0, 0, 255, 0, 0, 0, 255, 0, 0, 0, 255, 0, 0, 0, 255, 0, 0, 0, 255, 0, 0, 0, 255, 0, 0, 0, 255, 0, 0, 0, 255, 0, 0, 0, 255, 0, 0, 0, 255, 0, 0, 0, 255, 0, 0, 0, 255, 91, 30, 0, 194, 117, 39, 0, 255, 117, 39, 0, 255, 117, 40, 0, 255, 117, 40, 0, 255, 118, 40, 0, 255, 118, 41, 0, 255, 118, 41, 0, 255, 117, 40, 0, 252, 165, 124, 105, 254, 166, 126, 108, 255, 166, 126, 108, 255, 166, 126, 108, 255, 166, 126, 108, 255, 166, 126, 108, 255, 166, 126, 108, 255, 166, 126, 108, 255, 166, 126, 108, 255, 166, 126, 108, 255, 166, 126, 108, 255, 166, 126, 108, 255, 166, 126, 108, 255, 166, 126, 108, 255, 166, 126, 108, 255, 166, 126, 108, 255, 166, 126, 108, 255, 166, 126, 108, 255, 166, 126, 108, 255, 166, 126, 108, 255, 166, 126, 108, 255, 166, 126, 108, 255, 166, 126, 108, 255, 166, 126, 108, 255, 166, 126, 108, 255, 166, 126, 108, 255, 166, 126, 108, 255, 166, 126, 108, 255, 166, 126, 108, 255, 166, 126, 108, 255, 166, 126, 108, 255, 166, 126, 108, 255, 165, 123, 105, 254, 148, 95, 74, 207, 117, 44, 18, 196, 106, 27, 0, 252, 106, 27, 0, 255, 105, 26, 0, 255, 104, 25, 0, 255, 103, 24, 0, 255, 103, 23, 0, 255, 102, 22, 0, 255, 102, 22, 0, 255, 102, 22, 0, 255, 102, 22, 0, 255, 102, 22, 0, 255, 102, 22, 0, 255, 102, 22, 0, 255, 102, 22, 0, 255, 102, 22, 0, 255, 102, 22, 0, 255, 102, 22, 0, 255, 102, 22, 0, 255, 102, 22, 0, 255, 102, 22, 0, 255, 102, 22, 0, 255, 102, 22, 0, 255, 102, 22, 0, 255, 102, 22, 0, 255, 102, 21, 0, 200, 101, 20, 0, 98, 93, 23, 0, 11, 0, 0, 0, 0, 0, 0, 0, 0, 0, 0, 0, 0, 0, 0, 0, 0, 0, 0, 0, 0, 0, 0, 0, 0, 0, 0, 0, 0, 0, 0, 0, 0, 0, 0, 0, 0, 0, 0, 0, 0, 0, 0, 0, 0, 0, 0, 0, 0, 0, 0, 0, 0, 0, 0, 0, 0, 0, 0, 0, 0, 0, 0, 0, 0, 0, 0, 0, 0, 0, 0, 0, 0, 0, 0, 0, 0, 0, 0, 0, 0, 0, 0, 0, 0, 0, 0, 0, 0, 0, 0, 0, 0, 0, 0, 0, 0, 0, 0, 0, 0, 0, 0, 0, 0, 0, 0, 0, 0, 0, 0, 0, 0, 0, 0, 0, 0, 0, 0, 0, 0, 0, 0, 0, 0, 0, 0, 0, 0, 0, 0, 0, 0, 0, 0, 0, 0, 0, 0, 0, 0, 0, 0, 0, 0, 0, 0, 0, 0, 0, 0, 0, 0, 0, 0, 0, 0, 0, 0, 0, 0, 0, 0, 0, 0, 0, 0, 0, 0, 0, 0, 0, 0, 0, 0, 0, 0, 0, 0, 0, 0, 0, 0, 0, 0, 0, 0, 0, 0, 0, 0, 0, 0, 0, 0, 0, 0, 0, 0, 0, 0, 0, 0, 0, 0, 0, 0, 0, 0, 0, 0, 0, 0, 0, 0, 0, 0, 0, 0, 0, 0, 0, 0, 0, 0, 0, 0, 0, 0, 0, 0, 0, 0, 0, 0, 0, 0, 0, 0, 0, 0, 0, 0, 0, 0, 0, 0, 0, 0, 0, 0, 0, 0, 0, 0, 0, 0, 0, 0, 0, 0, 0, 0, 0, 0, 0, 0, 0, 0, 0, 0, 0, 0, 0, 0, 0, 0, 0, 0, 0, 0, 0, 0, 0, 0, 0, 0, 0, 0, 0, 0, 0, 0, 255, 0, 0, 1, 166, 125, 108, 135, 166, 126, 108, 255, 165, 126, 107, 247, 187, 153, 130, 194, 215, 187, 160, 255, 200, 176, 150, 209, 37, 35, 32, 237, 21, 21, 21, 255, 21, 21, 21, 255, 21, 21, 21, 255, 21, 21, 21, 255, 44, 41, 37, 231, 108, 95, 84, 198, 200, 174, 150, 208, 215, 188, 161, 255, 215, 188, 161, 255, 215, 188, 161, 255, 215, 188, 161, 255, 215, 188, 161, 255, 215, 188, 161, 255, 168, 127, 108, 219, 146, 94, 74, 209, 102, 22, 0, 255, 102, 22, 0, 255, 102, 22, 0, 255, 102, 22, 0, 255, 102, 22, 0, 255, 102, 22, 0, 255, 102, 22, 0, 255, 102, 22, 0, 255, 103, 23, 0, 255, 104, 24, 0, 255, 105, 25, 0, 255, 100, 24, 0, 216, 1, 0, 0, 254, 0, 0, 0, 255, 0, 0, 0, 255, 0, 0, 0, 255, 0, 0, 0, 255, 0, 0, 0, 255, 0, 0, 0, 255, 0, 0, 0, 255, 0, 0, 0, 255, 0, 0, 0, 255, 0, 0, 0, 255, 0, 0, 0, 255, 19, 5, 0, 223, 113, 34, 0, 251, 113, 35, 0, 255, 113, 36, 0, 255, 114, 36, 0, 255, 114, 36, 0, 255, 114, 37, 0, 255, 115, 37, 0, 255, 115, 37, 0, 255, 115, 37, 1, 230, 166, 126, 108, 255, 166, 126, 108, 255, 166, 126, 108, 255, 166, 126, 108, 255, 166, 126, 108, 255, 166, 126, 108, 255, 166, 126, 108, 255, 166, 126, 108, 255, 166, 126, 108, 255, 166, 126, 108, 255, 166, 126, 108, 255, 166, 126, 108, 255, 166, 126, 108, 255, 166, 126, 108, 255, 166, 126, 108, 255, 166, 126, 108, 255, 166, 126, 108, 255, 166, 126, 108, 255, 166, 126, 108, 255, 166, 126, 108, 255, 166, 126, 108, 255, 166, 126, 108, 255, 166, 126, 108, 255, 166, 126, 108, 255, 166, 126, 108, 255, 166, 126, 108, 255, 166, 126, 108, 255, 166, 126, 108, 255, 166, 126, 108, 255, 166, 126, 108, 255, 166, 126, 108, 255, 166, 126, 108, 255, 166, 126, 108, 255, 166, 126, 108, 255, 166, 126, 108, 255, 155, 108, 89, 224, 113, 40, 16, 197, 102, 23, 0, 255, 102, 22, 0, 255, 102, 22, 0, 255, 102, 22, 0, 255, 102, 22, 0, 255, 102, 22, 0, 255, 102, 22, 0, 255, 102, 22, 0, 255, 102, 22, 0, 255, 102, 22, 0, 255, 102, 22, 0, 255, 102, 22, 0, 255, 102, 22, 0, 255, 102, 22, 0, 255, 102, 22, 0, 255, 102, 22, 0, 255, 102, 22, 0, 255, 102, 22, 0, 255, 102, 22, 0, 255, 102, 21, 0, 240, 102, 20, 0, 148, 103, 21, 0, 47, 0, 0, 0, 0, 0, 0, 0, 0, 0, 0, 0, 0, 0, 0, 0, 0, 0, 0, 0, 0, 0, 0, 0, 0, 0, 0, 0, 0, 0, 0, 0, 0, 0, 0, 0, 0, 0, 0, 0, 0, 0, 0, 0, 0, 0, 0, 0, 0, 0, 0, 0, 0, 0, 0, 0, 0, 0, 0, 0, 0, 0, 0, 0, 0, 0, 0, 0, 0, 0, 0, 0, 0, 0, 0, 0, 0, 0, 0, 0, 0, 0, 0, 0, 0, 0, 0, 0, 0, 0, 0, 0, 0, 0, 0, 0, 0, 0, 0, 0, 0, 0, 0, 0, 0, 0, 0, 0, 0, 0, 0, 0, 0, 0, 0, 0, 0, 0, 0, 0, 0, 0, 0, 0, 0, 0, 0, 0, 0, 0, 0, 0, 0, 0, 0, 0, 0, 0, 0, 0, 0, 0, 0, 0, 0, 0, 0, 0, 0, 0, 0, 0, 0, 0, 0, 0, 0, 0, 0, 0, 0, 0, 0, 0, 0, 0, 0, 0, 0, 0, 0, 0, 0, 0, 0, 0, 0, 0, 0, 0, 0, 0, 0, 0, 0, 0, 0, 0, 0, 0, 0, 0, 0, 0, 0, 0, 0, 0, 0, 0, 0, 0, 0, 0, 0, 0, 0, 0, 0, 0, 0, 0, 0, 0, 0, 0, 0, 0, 0, 0, 0, 0, 0, 0, 0, 0, 0, 0, 0, 0, 0, 0, 0, 0, 0, 0, 0, 0, 0, 0, 0, 0, 0, 0, 0, 0, 0, 0, 0, 0, 0, 0, 0, 0, 0, 0, 0, 0, 0, 0, 0, 0, 0, 0, 0, 0, 0, 0, 0, 0, 0, 0, 0, 0, 0, 0, 0, 0, 0, 0, 0, 0, 0, 0, 0, 0, 0, 0, 0, 0, 0, 0, 0, 0, 0, 0, 0, 0, 0, 0, 0, 0, 0, 0, 0, 0, 0, 0, 0, 0, 0, 0, 0, 165, 125, 106, 108, 166, 125, 107, 254, 166, 126, 108, 255, 170, 131, 112, 204, 203, 171, 146, 213, 211, 185, 158, 228, 126, 112, 96, 194, 154, 136, 117, 192, 184, 161, 138, 198, 212, 184, 157, 227, 215, 188, 161, 255, 215, 188, 161, 255, 215, 188, 161, 255, 215, 188, 161, 255, 215, 188, 161, 255, 215, 188, 161, 255, 215, 188, 161, 255, 215, 188, 161, 255, 208, 177, 152, 226, 166, 126, 108, 255, 140, 83, 63, 199, 102, 22, 0, 255, 102, 22, 0, 255, 102, 22, 0, 255, 102, 22, 0, 255, 102, 22, 0, 255, 102, 22, 0, 255, 102, 22, 0, 255, 102, 22, 0, 255, 102, 22, 0, 255, 102, 22, 0, 255, 102, 22, 0, 255, 102, 22, 0, 255, 60, 13, 0, 192, 0, 0, 0, 255, 0, 0, 0, 255, 0, 0, 0, 255, 0, 0, 0, 255, 0, 0, 0, 255, 0, 0, 0, 255, 0, 0, 0, 255, 0, 0, 0, 255, 0, 0, 0, 255, 0, 0, 0, 255, 1, 0, 0, 253, 99, 27, 0, 204, 110, 31, 0, 255, 110, 32, 0, 255, 110, 32, 0, 255, 111, 32, 0, 255, 111, 33, 0, 255, 111, 33, 0, 255, 111, 33, 0, 255, 112, 33, 0, 255, 119, 44, 12, 200, 166, 126, 108, 255, 166, 126, 108, 255, 166, 126, 108, 255, 166, 126, 108, 255, 166, 126, 108, 255, 166, 126, 108, 255, 166, 126, 108, 255, 166, 126, 108, 255, 166, 126, 108, 255, 166, 126, 108, 255, 166, 126, 108, 255, 166, 126, 108, 255, 166, 126, 108, 255, 166, 126, 108, 255, 166, 126, 108, 255, 166, 126, 108, 255, 166, 126, 108, 255, 166, 126, 108, 255, 166, 126, 108, 255, 166, 126, 108, 255, 166, 126, 108, 255, 166, 126, 108, 255, 166, 126, 108, 255, 166, 126, 108, 255, 166, 126, 108, 255, 166, 126, 108, 255, 166, 126, 108, 255, 166, 126, 108, 255, 166, 126, 108, 255, 166, 126, 108, 255, 166, 126, 108, 255, 166, 126, 108, 255, 166, 126, 108, 255, 166, 126, 108, 255, 166, 126, 108, 255, 166, 126, 108, 255, 166, 126, 108, 255, 137, 81, 60, 199, 101, 22, 0, 241, 102, 22, 0, 255, 102, 22, 0, 255, 102, 22, 0, 255, 102, 22, 0, 255, 102, 22, 0, 255, 102, 22, 0, 255, 102, 22, 0, 255, 102, 22, 0, 255, 102, 22, 0, 255, 102, 22, 0, 255, 102, 22, 0, 255, 102, 22, 0, 255, 102, 22, 0, 255, 102, 22, 0, 255, 102, 21, 0, 250, 102, 21, 0, 178, 101, 20, 0, 86, 85, 0, 0, 9, 0, 0, 0, 0, 0, 0, 0, 0, 0, 0, 0, 0, 0, 0, 0, 0, 0, 0, 0, 0, 0, 0, 0, 0, 0, 0, 0, 0, 0, 0, 0, 0, 0, 0, 0, 0, 0, 0, 0, 0, 0, 0, 0, 0, 0, 0, 0, 0, 0, 0, 0, 0, 0, 0, 0, 0, 0, 0, 0, 0, 0, 0, 0, 0, 0, 0, 0, 0, 0, 0, 0, 0, 0, 0, 0, 0, 0, 0, 0, 0, 0, 0, 0, 0, 0, 0, 0, 0, 0, 0, 0, 0, 0, 0, 0, 0, 0, 0, 0, 0, 0, 0, 0, 0, 0, 0, 0, 0, 0, 0, 0, 0, 0, 0, 0, 0, 0, 0, 0, 0, 0, 0, 0, 0, 0, 0, 0, 0, 0, 0, 0, 0, 0, 0, 0, 0, 0, 0, 0, 0, 0, 0, 0, 0, 0, 0, 0, 0, 0, 0, 0, 0, 0, 0, 0, 0, 0, 0, 0, 0, 0, 0, 0, 0, 0, 0, 0, 0, 0, 0, 0, 0, 0, 0, 0, 0, 0, 0, 0, 0, 0, 0, 0, 0, 0, 0, 0, 0, 0, 0, 0, 0, 0, 0, 0, 0, 0, 0, 0, 0, 0, 0, 0, 0, 0, 0, 0, 0, 0, 0, 0, 0, 0, 0, 0, 0, 0, 0, 0, 0, 0, 0, 0, 0, 0, 0, 0, 0, 0, 0, 0, 0, 0, 0, 0, 0, 0, 0, 0, 0, 0, 0, 0, 0, 0, 0, 0, 0, 0, 0, 0, 0, 0, 0, 0, 0, 0, 0, 0, 0, 0, 0, 0, 0, 0, 0, 0, 0, 0, 0, 0, 0, 0, 0, 0, 0, 0, 0, 0, 0, 0, 0, 0, 0, 0, 0, 0, 0, 0, 0, 0, 0, 0, 0, 0, 0, 0, 0, 0, 0, 0, 0, 0, 0, 0, 0, 0, 0, 0, 0, 0, 0, 0, 0, 0, 0, 0, 0, 0, 0, 0, 0, 0, 0, 167, 125, 107, 55, 166, 125, 107, 183, 166, 126, 108, 255, 166, 126, 108, 255, 168, 129, 111, 214, 192, 156, 134, 196, 213, 184, 158, 248, 215, 188, 161, 255, 215, 188, 161, 255, 215, 188, 161, 255, 215, 188, 161, 255, 215, 188, 161, 255, 215, 188, 161, 255, 215, 188, 161, 255, 215, 188, 161, 255, 214, 187, 160, 255, 195, 163, 139, 200, 167, 128, 110, 218, 166, 126, 108, 255, 130, 66, 46, 192, 102, 22, 0, 255, 102, 22, 0, 255, 102, 22, 0, 255, 102, 22, 0, 255, 102, 22, 0, 255, 102, 22, 0, 255, 102, 22, 0, 255, 102, 22, 0, 255, 102, 22, 0, 255, 102, 22, 0, 255, 102, 22, 0, 255, 102, 22, 0, 255, 101, 21, 0, 252, 54, 10, 0, 194, 0, 0, 0, 255, 0, 0, 0, 255, 0, 0, 0, 255, 0, 0, 0, 255, 0, 0, 0, 255, 0, 0, 0, 255, 0, 0, 0, 255, 0, 0, 0, 255, 1, 0, 0, 253, 85, 21, 0, 195, 106, 27, 0, 255, 107, 27, 0, 255, 107, 28, 0, 255, 107, 28, 0, 255, 107, 28, 0, 255, 108, 29, 0, 255, 108, 29, 0, 255, 108, 30, 0, 255, 109, 30, 0, 255, 130, 64, 40, 191, 166, 126, 108, 255, 166, 126, 108, 255, 166, 126, 108, 255, 166, 126, 108, 255, 166, 126, 108, 255, 166, 126, 108, 255, 166, 126, 108, 255, 166, 126, 108, 255, 166, 126, 108, 255, 166, 126, 108, 255, 166, 126, 108, 255, 166, 126, 108, 255, 166, 126, 108, 255, 166, 126, 108, 255, 166, 126, 108, 255, 166, 126, 108, 255, 166, 126, 108, 255, 166, 126, 108, 255, 166, 126, 108, 255, 166, 126, 108, 255, 166, 126, 108, 255, 166, 126, 108, 255, 166, 126, 108, 255, 166, 126, 108, 255, 166, 126, 108, 255, 166, 126, 108, 255, 166, 126, 108, 255, 166, 126, 108, 255, 166, 126, 108, 255, 166, 126, 108, 255, 166, 126, 108, 255, 166, 126, 108, 255, 166, 126, 108, 255, 166, 126, 108, 255, 166, 126, 108, 255, 166, 126, 108, 255, 166, 126, 108, 255, 166, 126, 108, 255, 148, 97, 78, 212, 102, 21, 0, 245, 102, 22, 0, 255, 102, 22, 0, 255, 102, 22, 0, 255, 102, 22, 0, 255, 102, 22, 0, 255, 102, 22, 0, 255, 102, 22, 0, 255, 102, 22, 0, 255, 102, 22, 0, 255, 102, 22, 0, 255, 102, 22, 0, 255, 101, 22, 0, 197, 102, 21, 0, 105, 94, 13, 0, 19, 0, 0, 0, 0, 0, 0, 0, 0, 0, 0, 0, 0, 0, 0, 0, 0, 0, 0, 0, 0, 0, 0, 0, 0, 0, 0, 0, 0, 0, 0, 0, 0, 0, 0, 0, 0, 0, 0, 0, 0, 0, 0, 0, 0, 0, 0, 0, 0, 0, 0, 0, 0, 0, 0, 0, 0, 0, 0, 0, 0, 0, 0, 0, 0, 0, 0, 0, 0, 0, 0, 0, 0, 0, 0, 0, 0, 0, 0, 0, 0, 0, 0, 0, 0, 0, 0, 0, 0, 0, 0, 0, 0, 0, 0, 0, 0, 0, 0, 0, 0, 0, 0, 0, 0, 0, 0, 0, 0, 0, 0, 0, 0, 0, 0, 0, 0, 0, 0, 0, 0, 0, 0, 0, 0, 0, 0, 0, 0, 0, 0, 0, 0, 0, 0, 0, 0, 0, 0, 0, 0, 0, 0, 0, 0, 0, 0, 0, 0, 0, 0, 0, 0, 0, 0, 0, 0, 0, 0, 0, 0, 0, 0, 0, 0, 0, 0, 0, 0, 0, 0, 0, 0, 0, 0, 0, 0, 0, 0, 0, 0, 0, 0, 0, 0, 0, 0, 0, 0, 0, 0, 0, 0, 0, 0, 0, 0, 0, 0, 0, 0, 0, 0, 0, 0, 0, 0, 0, 0, 0, 0, 0, 0, 0, 0, 0, 0, 0, 0, 0, 0, 0, 0, 0, 0, 0, 0, 0, 0, 0, 0, 0, 0, 0, 0, 0, 0, 0, 0, 0, 0, 0, 0, 0, 0, 0, 0, 0, 0, 0, 0, 0, 0, 0, 0, 0, 0, 0, 0, 0, 0, 0, 0, 0, 0, 0, 0, 0, 0, 0, 0, 0, 0, 0, 0, 0, 0, 0, 0, 0, 0, 0, 0, 0, 0, 0, 0, 0, 0, 0, 0, 0, 0, 0, 0, 0, 0, 0, 0, 0, 0, 0, 0, 0, 0, 0, 0, 0, 0, 0, 0, 0, 0, 0, 0, 0, 0, 0, 0, 0, 0, 0, 0, 0, 0, 0, 0, 0, 0, 0, 0, 0, 0, 0, 0, 0, 0, 0, 0, 0, 0, 0, 0, 0, 0, 166, 125, 107, 57, 166, 125, 107, 183, 166, 126, 108, 255, 166, 126, 108, 255, 166, 126, 107, 238, 173, 134, 115, 198, 184, 148, 125, 192, 196, 163, 140, 202, 208, 178, 152, 227, 214, 187, 159, 253, 203, 173, 149, 216, 187, 152, 131, 193, 173, 135, 114, 199, 165, 126, 107, 235, 166, 126, 108, 255, 166, 126, 108, 255, 165, 125, 107, 255, 116, 45, 23, 193, 102, 22, 0, 255, 102, 22, 0, 255, 102, 22, 0, 255, 102, 22, 0, 255, 102, 22, 0, 255, 102, 22, 0, 255, 102, 22, 0, 255, 102, 22, 0, 255, 102, 22, 0, 255, 102, 22, 0, 255, 102, 22, 0, 255, 102, 22, 0, 255, 102, 22, 0, 255, 102, 22, 0, 255, 89, 19, 0, 200, 17, 3, 0, 222, 0, 0, 0, 255, 0, 0, 0, 255, 0, 0, 0, 255, 0, 0, 0, 255, 0, 0, 0, 255, 21, 3, 0, 218, 93, 19, 0, 207, 102, 23, 0, 255, 103, 23, 0, 255, 103, 24, 0, 255, 104, 24, 0, 255, 104, 24, 0, 255, 104, 25, 0, 255, 105, 25, 0, 255, 105, 25, 0, 255, 105, 26, 0, 255, 105, 26, 0, 255, 146, 95, 74, 209, 166, 126, 108, 255, 166, 126, 108, 255, 166, 126, 108, 255, 166, 126, 108, 255, 166, 126, 108, 255, 166, 126, 108, 255, 166, 126, 108, 255, 166, 126, 108, 255, 166, 126, 108, 255, 166, 126, 108, 255, 166, 126, 108, 255, 166, 126, 108, 255, 166, 126, 108, 255, 166, 126, 108, 255, 166, 126, 108, 255, 166, 126, 108, 255, 166, 126, 108, 255, 166, 126, 108, 255, 166, 126, 108, 255, 166, 126, 108, 255, 166, 126, 108, 255, 166, 126, 108, 255, 166, 126, 108, 255, 166, 126, 108, 255, 166, 126, 108, 255, 166, 126, 108, 255, 166, 126, 108, 255, 166, 126, 108, 255, 166, 126, 108, 255, 166, 126, 108, 255, 166, 126, 108, 255, 166, 126, 108, 255, 166, 126, 108, 255, 166, 126, 108, 255, 166, 126, 108, 255, 166, 126, 108, 255, 166, 126, 108, 255, 166, 126, 108, 255, 166, 126, 108, 255, 135, 75, 56, 196, 102, 22, 0, 255, 102, 22, 0, 255, 102, 22, 0, 255, 102, 22, 0, 255, 102, 22, 0, 255, 102, 22, 0, 255, 102, 22, 0, 255, 102, 22, 0, 255, 101, 21, 0, 216, 102, 20, 0, 125, 97, 22, 0, 34, 0, 0, 0, 0, 0, 0, 0, 0, 0, 0, 0, 0, 0, 0, 0, 0, 0, 0, 0, 0, 0, 0, 0, 0, 0, 0, 0, 0, 0, 0, 0, 0, 0, 0, 0, 0, 0, 0, 0, 0, 0, 0, 0, 0, 0, 0, 0, 0, 0, 0, 0, 0, 0, 0, 0, 0, 0, 0, 0, 0, 0, 0, 0, 0, 0, 0, 0, 0, 0, 0, 0, 0, 0, 0, 0, 0, 0, 0, 0, 0, 0, 0, 0, 0, 0, 0, 0, 0, 0, 0, 0, 0, 0, 0, 0, 0, 0, 0, 0, 0, 0, 0, 0, 0, 0, 0, 0, 0, 0, 0, 0, 0, 0, 0, 0, 0, 0, 0, 0, 0, 0, 0, 0, 0, 0, 0, 0, 0, 0, 0, 0, 0, 0, 0, 0, 0, 0, 0, 0, 0, 0, 0, 0, 0, 0, 0, 0, 0, 0, 0, 0, 0, 0, 0, 0, 0, 0, 0, 0, 0, 0, 0, 0, 0, 0, 0, 0, 0, 0, 0, 0, 0, 0, 0, 0, 0, 0, 0, 0, 0, 0, 0, 0, 0, 0, 0, 0, 0, 0, 0, 0, 0, 0, 0, 0, 0, 0, 0, 0, 0, 0, 0, 0, 0, 0, 0, 0, 0, 0, 0, 0, 0, 0, 0, 0, 0, 0, 0, 0, 0, 0, 0, 0, 0, 0, 0, 0, 0, 0, 0, 0, 0, 0, 0, 0, 0, 0, 0, 0, 0, 0, 0, 0, 0, 0, 0, 0, 0, 0, 0, 0, 0, 0, 0, 0, 0, 0, 0, 0, 0, 0, 0, 0, 0, 0, 0, 0, 0, 0, 0, 0, 0, 0, 0, 0, 0, 0, 0, 0, 0, 0, 0, 0, 0, 0, 0, 0, 0, 0, 0, 0, 0, 0, 0, 0, 0, 0, 0, 0, 0, 0, 0, 0, 0, 0, 0, 0, 0, 0, 0, 0, 0, 0, 0, 0, 0, 0, 0, 0, 0, 0, 0, 0, 0, 0, 0, 0, 0, 0, 0, 0, 0, 0, 0, 0, 0, 0, 0, 0, 0, 0, 0, 0, 0, 0, 0, 0, 0, 0, 0, 0, 0, 0, 0, 0, 0, 0, 0, 0, 0, 0, 0, 0, 0, 167, 125, 109, 49, 165, 124, 106, 156, 165, 125, 106, 235, 166, 126, 108, 255, 166, 126, 108, 255, 166, 126, 108, 255, 166, 126, 108, 255, 166, 125, 107, 254, 166, 126, 108, 255, 166, 126, 108, 255, 166, 126, 108, 255, 166, 126, 108, 255, 155, 108, 89, 225, 122, 56, 34, 192, 103, 23, 1, 225, 102, 22, 0, 255, 102, 22, 0, 255, 102, 22, 0, 255, 102, 22, 0, 255, 102, 22, 0, 255, 102, 22, 0, 255, 102, 22, 0, 255, 102, 22, 0, 255, 102, 22, 0, 255, 102, 22, 0, 255, 102, 22, 0, 255, 102, 22, 0, 255, 102, 22, 0, 255, 102, 22, 0, 255, 102, 22, 0, 255, 102, 22, 0, 255, 102, 22, 0, 255, 95, 19, 0, 210, 74, 16, 0, 192, 68, 14, 0, 191, 76, 15, 0, 193, 96, 20, 0, 212, 102, 22, 0, 255, 102, 22, 0, 255, 102, 22, 0, 255, 102, 22, 0, 255, 102, 22, 0, 255, 102, 22, 0, 255, 102, 22, 0, 255, 102, 22, 0, 255, 102, 22, 0, 255, 102, 22, 0, 255, 102, 22, 0, 255, 103, 23, 1, 231, 165, 123, 105, 254, 166, 126, 108, 255, 166, 126, 108, 255, 166, 126, 108, 255, 166, 126, 108, 255, 166, 126, 108, 255, 166, 126, 108, 255, 166, 126, 108, 255, 166, 126, 108, 255, 166, 126, 108, 255, 166, 126, 108, 255, 166, 126, 108, 255, 166, 126, 108, 255, 166, 126, 108, 255, 166, 126, 108, 255, 166, 126, 108, 255, 166, 126, 108, 255, 166, 126, 108, 255, 166, 126, 108, 255, 166, 126, 108, 255, 166, 126, 108, 255, 166, 126, 108, 255, 166, 126, 108, 255, 166, 126, 108, 255, 166, 126, 108, 255, 166, 126, 108, 255, 166, 126, 108, 255, 166, 126, 108, 255, 166, 126, 108, 255, 166, 126, 108, 255, 166, 126, 108, 255, 166, 126, 108, 255, 166, 126, 108, 255, 166, 126, 108, 255, 166, 126, 108, 255, 166, 126, 108, 255, 166, 126, 108, 255, 166, 126, 108, 255, 166, 126, 108, 255, 166, 126, 108, 255, 165, 125, 107, 255, 105, 26, 4, 213, 102, 22, 0, 255, 102, 22, 0, 255, 102, 22, 0, 255, 102, 22, 0, 255, 102, 21, 0, 203, 102, 20, 0, 122, 99, 18, 0, 41, 0, 0, 0, 0, 0, 0, 0, 0, 0, 0, 0, 0, 0, 0, 0, 0, 0, 0, 0, 0, 0, 0, 0, 0, 0, 0, 0, 0, 0, 0, 0, 0, 0, 0, 0, 0, 0, 0, 0, 0, 0, 0, 0, 0, 0, 0, 0, 0, 0, 0, 0, 0, 0, 0, 0, 0, 0, 0, 0, 0, 0, 0, 0, 0, 0, 0, 0, 0, 0, 0, 0, 0, 0, 0, 0, 0, 0, 0, 0, 0, 0, 0, 0, 0, 0, 0, 0, 0, 0, 0, 0, 0, 0, 0, 0, 0, 0, 0, 0, 0, 0, 0, 0, 0, 0, 0, 0, 0, 0, 0, 0, 0, 0, 0, 0, 0, 0, 0, 0, 0, 0, 0, 0, 0, 0, 0, 0, 0, 0, 0, 0, 0, 0, 0, 0, 0, 0, 0, 0, 0, 0, 0, 0, 0, 0, 0, 0, 0, 0, 0, 0, 0, 0, 0, 0, 0, 0, 0, 0, 0, 0, 0, 0, 0, 0, 0, 0, 0, 0, 0, 0, 0, 0, 0, 0, 0, 0, 0, 0, 0, 0, 0, 0, 0, 0, 0, 0, 0, 0, 0, 0, 0, 0, 0, 0, 0, 0, 0, 0, 0, 0, 0, 0, 0, 0, 0, 0, 0, 0, 0, 0, 0, 0, 0, 0, 0, 0, 0, 0, 0, 0, 0, 0, 0, 0, 0, 0, 0, 0, 0, 0, 0, 0, 0, 0, 0, 0, 0, 0, 0, 0, 0, 0, 0, 0, 0, 0, 0, 0, 0, 0, 0, 0, 0, 0, 0, 0, 0, 0, 0, 0, 0, 0, 0, 0, 0, 0, 0, 0, 0, 0, 0, 0, 0, 0, 0, 0, 0, 0, 0, 0, 0, 0, 0, 0, 0, 0, 0, 0, 0, 0, 0, 0, 0, 0, 0, 0, 0, 0, 0, 0, 0, 0, 0, 0, 0, 0, 0, 0, 0, 0, 0, 0, 0, 0, 0, 0, 0, 0, 0, 0, 0, 0, 0, 0, 0, 0, 0, 0, 0, 0, 0, 0, 0, 0, 0, 0, 0, 0, 0, 0, 0, 0, 0, 0, 0, 0, 0, 0, 0, 0, 0, 0, 0, 0, 0, 0, 0, 0, 0, 0, 0, 0, 0, 0, 0, 0, 0, 0, 0, 0, 0, 0, 0, 0, 0, 0, 0, 0, 0, 122, 77, 65, 86, 131, 69, 43, 194, 143, 69, 30, 203, 152, 79, 37, 203, 155, 88, 52, 196, 157, 92, 58, 193, 157, 92, 58, 193, 157, 92, 58, 193, 157, 92, 58, 193, 144, 78, 46, 183, 108, 30, 7, 199, 102, 22, 0, 255, 102, 22, 0, 255, 102, 22, 0, 255, 102, 22, 0, 255, 102, 22, 0, 255, 102, 22, 0, 255, 102, 22, 0, 255, 102, 22, 0, 255, 102, 22, 0, 255, 102, 22, 0, 255, 102, 22, 0, 255, 102, 22, 0, 255, 102, 22, 0, 255, 102, 22, 0, 255, 102, 22, 0, 255, 102, 22, 0, 255, 102, 22, 0, 255, 102, 22, 0, 255, 102, 22, 0, 255, 102, 22, 0, 255, 102, 22, 0, 255, 102, 22, 0, 255, 102, 22, 0, 255, 102, 22, 0, 255, 102, 22, 0, 255, 102, 22, 0, 255, 102, 22, 0, 255, 102, 22, 0, 255, 102, 22, 0, 255, 102, 22, 0, 255, 102, 22, 0, 255, 102, 22, 0, 255, 102, 22, 0, 255, 102, 22, 0, 255, 102, 22, 0, 255, 102, 22, 0, 255, 121, 52, 32, 192, 166, 126, 108, 255, 166, 126, 108, 255, 166, 126, 108, 255, 166, 126, 108, 255, 166, 126, 108, 255, 166, 126, 108, 255, 166, 126, 108, 255, 166, 126, 108, 255, 166, 126, 108, 255, 166, 126, 108, 255, 166, 126, 108, 255, 166, 126, 108, 255, 166, 126, 108, 255, 166, 126, 108, 255, 166, 126, 108, 255, 166, 126, 108, 255, 166, 126, 108, 255, 166, 126, 108, 255, 166, 126, 108, 255, 166, 126, 108, 255, 166, 126, 108, 255, 166, 126, 108, 255, 166, 126, 108, 255, 166, 126, 108, 255, 166, 126, 108, 255, 166, 126, 108, 255, 166, 126, 108, 255, 166, 126, 108, 255, 166, 126, 108, 255, 166, 126, 108, 255, 166, 126, 108, 255, 166, 126, 108, 255, 166, 126, 108, 255, 166, 126, 108, 255, 166, 126, 108, 255, 166, 126, 108, 255, 166, 126, 108, 255, 166, 126, 108, 255, 166, 126, 108, 255, 166, 126, 108, 255, 166, 126, 108, 255, 127, 61, 41, 191, 101, 21, 0, 251, 101, 21, 0, 189, 100, 21, 0, 109, 97, 17, 0, 29, 0, 0, 0, 0, 0, 0, 0, 0, 0, 0, 0, 0, 0, 0, 0, 0, 0, 0, 0, 0, 0, 0, 0, 0, 0, 0, 0, 0, 0, 0, 0, 0, 0, 0, 0, 0, 0, 0, 0, 0, 0, 0, 0, 0, 0, 0, 0, 0, 0, 0, 0, 0, 0, 0, 0, 0, 0, 0, 0, 0, 0, 0, 0, 0, 0, 0, 0, 0, 0, 0, 0, 0, 0, 0, 0, 0, 0, 0, 0, 0, 0, 0, 0, 0, 0, 0, 0, 0, 0, 0, 0, 0, 0, 0, 0, 0, 0, 0, 0, 0, 0, 0, 0, 0, 0, 0, 0, 0, 0, 0, 0, 0, 0, 0, 0, 0, 0, 0, 0, 0, 0, 0, 0, 0, 0, 0, 0, 0, 0, 0, 0, 0, 0, 0, 0, 0, 0, 0, 0, 0, 0, 0, 0, 0, 0, 0, 0, 0, 0, 0, 0, 0, 0, 0, 0, 0, 0, 0, 0, 0, 0, 0, 0, 0, 0, 0, 0, 0, 0, 0, 0, 0, 0, 0, 0, 0, 0, 0, 0, 0, 0, 0, 0, 0, 0, 0, 0, 0, 0, 0, 0, 0, 0, 0, 0, 0, 0, 0, 0, 0, 0, 0, 0, 0, 0, 0, 0, 0, 0, 0, 0, 0, 0, 0, 0, 0, 0, 0, 0, 0, 0, 0, 0, 0, 0, 0, 0, 0, 0, 0, 0, 0, 0, 0, 0, 0, 0, 0, 0, 0, 0, 0, 0, 0, 0, 0, 0, 0, 0, 0, 0, 0, 0, 0, 0, 0, 0, 0, 0, 0, 0, 0, 0, 0, 0, 0, 0, 0, 0, 0, 0, 0, 0, 0, 0, 0, 0, 0, 0, 0, 0, 0, 0, 0, 0, 0, 0, 0, 0, 0, 0, 0, 0, 0, 0, 0, 0, 0, 0, 0, 0, 0, 0, 0, 0, 0, 0, 0, 0, 0, 0, 0, 0, 0, 0, 0, 0, 0, 0, 0, 0, 0, 0, 0, 0, 0, 0, 0, 0, 0, 0, 0, 0, 0, 0, 0, 0, 0, 0, 0, 0, 0, 0, 0, 0, 0, 0, 0, 0, 0, 0, 0, 0, 0, 0, 0, 0, 0, 0, 0, 0, 0, 0, 0, 0, 0, 0, 0, 0, 0, 0, 0, 0, 0, 0, 0, 0, 0, 0, 0, 0, 0, 0, 0, 0, 0, 0, 0, 0, 0, 0, 0, 116, 84, 84, 194, 116, 85, 85, 255, 116, 85, 85, 255, 115, 84, 84, 231, 120, 79, 70, 197, 136, 64, 28, 205, 146, 55, 0, 255, 147, 56, 0, 255, 147, 56, 0, 255, 147, 56, 0, 255, 146, 55, 0, 255, 135, 45, 0, 212, 114, 29, 0, 192, 103, 22, 0, 228, 102, 22, 0, 255, 102, 22, 0, 255, 102, 22, 0, 255, 102, 22, 0, 255, 102, 22, 0, 255, 102, 22, 0, 255, 102, 22, 0, 255, 102, 22, 0, 255, 102, 22, 0, 255, 102, 22, 0, 255, 102, 22, 0, 255, 102, 22, 0, 255, 102, 22, 0, 255, 102, 22, 0, 255, 102, 22, 0, 255, 102, 22, 0, 255, 102, 22, 0, 255, 102, 22, 0, 255, 102, 22, 0, 255, 102, 22, 0, 255, 102, 22, 0, 255, 102, 22, 0, 255, 102, 22, 0, 255, 102, 22, 0, 255, 102, 22, 0, 255, 102, 22, 0, 255, 102, 22, 0, 255, 102, 22, 0, 255, 102, 22, 0, 255, 102, 22, 0, 255, 102, 22, 0, 255, 102, 22, 0, 255, 101, 21, 0, 252, 155, 108, 89, 225, 166, 126, 108, 255, 166, 126, 108, 255, 166, 126, 108, 255, 166, 126, 108, 255, 166, 126, 108, 255, 166, 126, 108, 255, 166, 126, 108, 255, 166, 126, 108, 255, 166, 126, 108, 255, 166, 126, 108, 255, 166, 126, 108, 255, 166, 126, 108, 255, 166, 126, 108, 255, 166, 126, 108, 255, 166, 126, 108, 255, 166, 126, 108, 255, 166, 126, 108, 255, 166, 126, 108, 255, 166, 126, 108, 255, 166, 126, 108, 255, 166, 126, 108, 255, 166, 126, 108, 255, 166, 126, 108, 255, 166, 126, 108, 255, 166, 126, 108, 255, 166, 126, 108, 255, 166, 126, 108, 255, 166, 126, 108, 255, 166, 126, 108, 255, 166, 126, 108, 255, 166, 126, 108, 255, 166, 126, 108, 255, 166, 126, 108, 255, 166, 126, 108, 255, 166, 126, 108, 255, 166, 126, 108, 255, 166, 126, 108, 255, 166, 126, 108, 255, 166, 126, 108, 255, 165, 126, 107, 233, 165, 126, 107, 164, 151, 98, 81, 88, 99, 14, 0, 18, 0, 0, 0, 0, 0, 0, 0, 0, 0, 0, 0, 0, 0, 0, 0, 0, 0, 0, 0, 0, 0, 0, 0, 0, 0, 0, 0, 0, 0, 0, 0, 0, 0, 0, 0, 0, 0, 0, 0, 0, 0, 0, 0, 0, 0, 0, 0, 0, 0, 0, 0, 0, 0, 0, 0, 0, 0, 0, 0, 0, 0, 0, 0, 0, 0, 0, 0, 0, 0, 0, 0, 0, 0, 0, 0, 0, 0, 0, 0, 0, 0, 0, 0, 0, 0, 0, 0, 0, 0, 0, 0, 0, 0, 0, 0, 0, 0, 0, 0, 0, 0, 0, 0, 0, 0, 0, 0, 0, 0, 0, 0, 0, 0, 0, 0, 0, 0, 0, 0, 0, 0, 0, 0, 0, 0, 0, 0, 0, 0, 0, 0, 0, 0, 0, 0, 0, 0, 0, 0, 0, 0, 0, 0, 0, 0, 0, 0, 0, 0, 0, 0, 0, 0, 0, 0, 0, 0, 0, 0, 0, 0, 0, 0, 0, 0, 0, 0, 0, 0, 0, 0, 0, 0, 0, 0, 0, 0, 0, 0, 0, 0, 0, 0, 0, 0, 0, 0, 0, 0, 0, 0, 0, 0, 0, 0, 0, 0, 0, 0, 0, 0, 0, 0, 0, 0, 0, 0, 0, 0, 0, 0, 0, 0, 0, 0, 0, 0, 0, 0, 0, 0, 0, 0, 0, 0, 0, 0, 0, 0, 0, 0, 0, 0, 0, 0, 0, 0, 0, 0, 0, 0, 0, 0, 0, 0, 0, 0, 0, 0, 0, 0, 0, 0, 0, 0, 0, 0, 0, 0, 0, 0, 0, 0, 0, 0, 0, 0, 0, 0, 0, 0, 0, 0, 0, 0, 0, 0, 0, 0, 0, 0, 0, 0, 0, 0, 0, 0, 0, 0, 0, 0, 0, 0, 0, 0, 0, 0, 0, 0, 0, 0, 0, 0, 0, 0, 0, 0, 0, 0, 0, 0, 0, 0, 0, 0, 0, 0, 0, 0, 0, 0, 0, 0, 0, 0, 0, 0, 0, 0, 0, 0, 0, 0, 0, 0, 0, 0, 0, 0, 0, 0, 0, 0, 0, 0, 0, 0, 0, 0, 0, 0, 0, 0, 0, 0, 0, 0, 0, 0, 0, 0, 0, 0, 0, 0, 0, 0, 0, 0, 0, 0, 0, 0, 0, 0, 0, 0, 0, 0, 0, 0, 0, 0, 0, 0, 0, 0, 0, 0, 0, 0, 0, 0, 0, 0, 0, 0, 0, 0, 0, 113, 85, 85, 36, 116, 85, 85, 255, 116, 85, 85, 255, 116, 85, 85, 255, 116, 85, 85, 255, 116, 85, 85, 255, 116, 85, 85, 255, 112, 79, 75, 200, 131, 55, 9, 222, 147, 56, 0, 255, 147, 56, 0, 255, 147, 56, 0, 255, 147, 55, 0, 255, 148, 55, 0, 255, 147, 54, 0, 255, 135, 46, 0, 211, 114, 29, 0, 192, 102, 22, 0, 227, 102, 22, 0, 255, 102, 22, 0, 255, 102, 22, 0, 255, 102, 22, 0, 255, 102, 22, 0, 255, 102, 22, 0, 255, 102, 22, 0, 255, 102, 22, 0, 255, 102, 22, 0, 255, 102, 22, 0, 255, 102, 22, 0, 255, 102, 22, 0, 255, 102, 22, 0, 255, 102, 22, 0, 255, 102, 22, 0, 255, 102, 22, 0, 255, 102, 22, 0, 255, 102, 22, 0, 255, 102, 22, 0, 255, 102, 22, 0, 255, 102, 22, 0, 255, 102, 22, 0, 255, 102, 22, 0, 255, 102, 22, 0, 255, 102, 22, 0, 255, 102, 22, 0, 255, 102, 22, 0, 255, 102, 22, 0, 255, 102, 22, 0, 255, 116, 45, 23, 193, 166, 126, 108, 255, 166, 126, 108, 255, 166, 126, 108, 255, 166, 126, 108, 255, 166, 126, 108, 255, 166, 126, 108, 255, 166, 126, 108, 255, 166, 126, 108, 255, 166, 126, 108, 255, 166, 126, 108, 255, 166, 126, 108, 255, 166, 126, 108, 255, 166, 126, 108, 255, 166, 126, 108, 255, 166, 126, 108, 255, 166, 126, 108, 255, 166, 126, 108, 255, 166, 126, 108, 255, 166, 126, 108, 255, 166, 126, 108, 255, 166, 126, 108, 255, 166, 126, 108, 255, 166, 126, 108, 255, 166, 126, 108, 255, 166, 126, 108, 255, 166, 126, 108, 255, 166, 126, 108, 255, 166, 126, 108, 255, 166, 126, 108, 255, 166, 126, 108, 255, 166, 126, 108, 255, 166, 126, 108, 255, 166, 126, 108, 255, 166, 126, 108, 255, 166, 126, 108, 255, 166, 126, 108, 255, 166, 125, 107, 226, 165, 125, 107, 167, 165, 125, 106, 108, 165, 128, 106, 48, 128, 128, 128, 2, 0, 0, 0, 0, 0, 0, 0, 0, 0, 0, 0, 0, 0, 0, 0, 0, 0, 0, 0, 0, 0, 0, 0, 0, 0, 0, 0, 0, 0, 0, 0, 0, 0, 0, 0, 0, 0, 0, 0, 0, 0, 0, 0, 0, 0, 0, 0, 0, 0, 0, 0, 0, 0, 0, 0, 0, 0, 0, 0, 0, 0, 0, 0, 0, 0, 0, 0, 0, 0, 0, 0, 0, 0, 0, 0, 0, 0, 0, 0, 0, 0, 0, 0, 0, 0, 0, 0, 0, 0, 0, 0, 0, 0, 0, 0, 0, 0, 0, 0, 0, 0, 0, 0, 0, 0, 0, 0, 0, 0, 0, 0, 0, 0, 0, 0, 0, 0, 0, 0, 0, 0, 0, 0, 0, 0, 0, 0, 0, 0, 0, 0, 0, 0, 0, 0, 0, 0, 0, 0, 0, 0, 0, 0, 0, 0, 0, 0, 0, 0, 0, 0, 0, 0, 0, 0, 0, 0, 0, 0, 0, 0, 0, 0, 0, 0, 0, 0, 0, 0, 0, 0, 0, 0, 0, 0, 0, 0, 0, 0, 0, 0, 0, 0, 0, 0, 0, 0, 0, 0, 0, 0, 0, 0, 0, 0, 0, 0, 0, 0, 0, 0, 0, 0, 0, 0, 0, 0, 0, 0, 0, 0, 0, 0, 0, 0, 0, 0, 0, 0, 0, 0, 0, 0, 0, 0, 0, 0, 0, 0, 0, 0, 0, 0, 0, 0, 0, 0, 0, 0, 0, 0, 0, 0, 0, 0, 0, 0, 0, 0, 0, 0, 0, 0, 0, 0, 0, 0, 0, 0, 0, 0, 0, 0, 0, 0, 0, 0, 0, 0, 0, 0, 0, 0, 0, 0, 0, 0, 0, 0, 0, 0, 0, 0, 0, 0, 0, 0, 0, 0, 0, 0, 0, 0, 0, 0, 0, 0, 0, 0, 0, 0, 0, 0, 0, 0, 0, 0, 0, 0, 0, 0, 0, 0, 0, 0, 0, 0, 0, 0, 0, 0, 0, 0, 0, 0, 0, 0, 0, 0, 0, 0, 0, 0, 0, 0, 0, 0, 0, 0, 0, 0, 0, 0, 0, 0, 0, 0, 0, 0, 0, 0, 0, 0, 0, 0, 0, 0, 0, 0, 0, 0, 0, 0, 0, 0, 0, 0, 0, 0, 0, 0, 0, 0, 0, 0, 0, 0, 0, 0, 0, 0, 0, 0, 0, 0, 0, 0, 0, 0, 0, 0, 0, 0, 0, 0, 0, 0, 0, 0, 0, 0, 0, 0, 0, 0, 0, 0, 0, 0, 0, 0, 0, 116, 85, 85, 132, 116, 85, 85, 255, 116, 85, 85, 255, 116, 85, 85, 255, 116, 85, 85, 255, 116, 85, 85, 255, 116, 85, 85, 255, 78, 65, 64, 192, 62, 58, 56, 246, 98, 56, 30, 192, 146, 55, 0, 255, 147, 55, 0, 255, 147, 55, 0, 255, 148, 55, 0, 255, 149, 55, 0, 255, 149, 55, 0, 255, 150, 55, 0, 255, 150, 54, 0, 255, 138, 45, 0, 212, 115, 29, 0, 191, 102, 22, 0, 227, 102, 22, 0, 255, 102, 22, 0, 255, 102, 22, 0, 255, 102, 22, 0, 255, 102, 22, 0, 255, 102, 22, 0, 255, 102, 22, 0, 255, 102, 22, 0, 255, 102, 22, 0, 255, 102, 22, 0, 255, 102, 22, 0, 255, 102, 22, 0, 255, 102, 22, 0, 255, 102, 22, 0, 255, 102, 22, 0, 255, 102, 22, 0, 255, 102, 22, 0, 255, 102, 22, 0, 255, 102, 22, 0, 255, 102, 22, 0, 255, 102, 22, 0, 255, 102, 22, 0, 255, 102, 22, 0, 255, 102, 22, 0, 255, 102, 22, 0, 255, 102, 22, 0, 240, 160, 116, 97, 236, 166, 126, 108, 255, 166, 126, 108, 255, 166, 126, 108, 255, 166, 126, 108, 255, 166, 126, 108, 255, 166, 126, 108, 255, 166, 126, 108, 255, 166, 126, 108, 255, 166, 126, 108, 255, 166, 126, 108, 255, 166, 126, 108, 255, 166, 126, 108, 255, 166, 126, 108, 255, 166, 126, 108, 255, 166, 126, 108, 255, 166, 126, 108, 255, 166, 126, 108, 255, 166, 126, 108, 255, 166, 126, 108, 255, 166, 126, 108, 255, 166, 126, 108, 255, 166, 126, 108, 255, 166, 126, 108, 255, 166, 126, 108, 255, 166, 126, 108, 255, 166, 126, 108, 255, 166, 126, 108, 255, 166, 126, 108, 255, 166, 126, 108, 255, 166, 126, 108, 255, 166, 126, 108, 255, 166, 125, 107, 252, 166, 126, 107, 205, 166, 126, 108, 146, 167, 126, 108, 87, 164, 128, 109, 28, 0, 0, 0, 0, 0, 0, 0, 0, 0, 0, 0, 0, 0, 0, 0, 0, 0, 0, 0, 0, 0, 0, 0, 0, 0, 0, 0, 0, 0, 0, 0, 0, 0, 0, 0, 0, 0, 0, 0, 0, 0, 0, 0, 0, 0, 0, 0, 0, 0, 0, 0, 0, 0, 0, 0, 0, 0, 0, 0, 0, 0, 0, 0, 0, 0, 0, 0, 0, 0, 0, 0, 0, 0, 0, 0, 0, 0, 0, 0, 0, 0, 0, 0, 0, 0, 0, 0, 0, 0, 0, 0, 0, 0, 0, 0, 0, 0, 0, 0, 0, 0, 0, 0, 0, 0, 0, 0, 0, 0, 0, 0, 0, 0, 0, 0, 0, 0, 0, 0, 0, 0, 0, 0, 0, 0, 0, 0, 0, 0, 0, 0, 0, 0, 0, 0, 0, 0, 0, 0, 0, 0, 0, 0, 0, 0, 0, 0, 0, 0, 0, 0, 0, 0, 0, 0, 0, 0, 0, 0, 0, 0, 0, 0, 0, 0, 0, 0, 0, 0, 0, 0, 0, 0, 0, 0, 0, 0, 0, 0, 0, 0, 0, 0, 0, 0, 0, 0, 0, 0, 0, 0, 0, 0, 0, 0, 0, 0, 0, 0, 0, 0, 0, 0, 0, 0, 0, 0, 0, 0, 0, 0, 0, 0, 0, 0, 0, 0, 0, 0, 0, 0, 0, 0, 0, 0, 0, 0, 0, 0, 0, 0, 0, 0, 0, 0, 0, 0, 0, 0, 0, 0, 0, 0, 0, 0, 0, 0, 0, 0, 0, 0, 0, 0, 0, 0, 0, 0, 0, 0, 0, 0, 0, 0, 0, 0, 0, 0, 0, 0, 0, 0, 0, 0, 0, 0, 0, 0, 0, 0, 0, 0, 0, 0, 0, 0, 0, 0, 0, 0, 0, 0, 0, 0, 0, 0, 0, 0, 0, 0, 0, 0, 0, 0, 0, 0, 0, 0, 0, 0, 0, 0, 0, 0, 0, 0, 0, 0, 0, 0, 0, 0, 0, 0, 0, 0, 0, 0, 0, 0, 0, 0, 0, 0, 0, 0, 0, 0, 0, 0, 0, 0, 0, 0, 0, 0, 0, 0, 0, 0, 0, 0, 0, 0, 0, 0, 0, 0, 0, 0, 0, 0, 0, 0, 0, 0, 0, 0, 0, 0, 0, 0, 0, 0, 0, 0, 0, 0, 0, 0, 0, 0, 0, 0, 0, 0, 0, 0, 0, 0, 0, 0, 0, 0, 0, 0, 0, 0, 0, 0, 0, 0, 0, 0, 0, 0, 0, 0, 0, 0, 0, 0, 0, 0, 0, 0, 0, 0, 0, 0, 0, 0, 0, 0, 0, 0, 0, 0, 0, 85, 85, 85, 3, 115, 84, 84, 226, 116, 85, 85, 255, 116, 85, 85, 255, 116, 85, 85, 255, 116, 85, 85, 255, 116, 85, 85, 255, 112, 82, 82, 245, 62, 58, 55, 239, 63, 59, 56, 255, 64, 62, 59, 193, 84, 67, 58, 196, 144, 53, 1, 250, 147, 55, 0, 255, 148, 55, 0, 255, 149, 55, 0, 255, 149, 55, 0, 255, 150, 55, 0, 255, 151, 55, 0, 255, 151, 55, 0, 255, 152, 55, 0, 255, 152, 54, 0, 255, 140, 45, 0, 212, 116, 30, 0, 192, 102, 22, 0, 227, 102, 22, 0, 255, 102, 22, 0, 255, 102, 22, 0, 255, 102, 22, 0, 255, 102, 22, 0, 255, 102, 22, 0, 255, 102, 22, 0, 255, 102, 22, 0, 255, 102, 22, 0, 255, 102, 22, 0, 255, 102, 22, 0, 255, 102, 22, 0, 255, 102, 22, 0, 255, 102, 22, 0, 255, 102, 22, 0, 255, 102, 22, 0, 255, 102, 22, 0, 255, 102, 22, 0, 255, 102, 22, 0, 255, 102, 22, 0, 255, 102, 22, 0, 255, 102, 22, 0, 255, 135, 74, 53, 195, 166, 126, 108, 255, 166, 126, 108, 255, 166, 126, 108, 255, 166, 126, 108, 255, 166, 126, 108, 255, 166, 126, 108, 255, 166, 126, 108, 255, 166, 126, 108, 255, 166, 126, 108, 255, 166, 126, 108, 255, 166, 126, 108, 255, 166, 126, 108, 255, 166, 126, 108, 255, 166, 126, 108, 255, 166, 126, 108, 255, 166, 126, 108, 255, 166, 126, 108, 255, 166, 126, 108, 255, 166, 126, 108, 255, 166, 126, 108, 255, 166, 126, 108, 255, 166, 126, 108, 255, 166, 126, 108, 255, 166, 126, 108, 255, 166, 126, 108, 255, 166, 126, 108, 255, 166, 126, 108, 255, 166, 126, 108, 255, 165, 126, 108, 241, 165, 126, 108, 184, 165, 126, 108, 125, 166, 124, 108, 66, 170, 128, 106, 12, 0, 0, 0, 0, 0, 0, 0, 0, 0, 0, 0, 0, 0, 0, 0, 0, 0, 0, 0, 0, 0, 0, 0, 0, 0, 0, 0, 0, 0, 0, 0, 0, 0, 0, 0, 0, 0, 0, 0, 0, 0, 0, 0, 0, 0, 0, 0, 0, 0, 0, 0, 0, 0, 0, 0, 0, 0, 0, 0, 0, 0, 0, 0, 0, 0, 0, 0, 0, 0, 0, 0, 0, 0, 0, 0, 0, 0, 0, 0, 0, 0, 0, 0, 0, 0, 0, 0, 0, 0, 0, 0, 0, 0, 0, 0, 0, 0, 0, 0, 0, 0, 0, 0, 0, 0, 0, 0, 0, 0, 0, 0, 0, 0, 0, 0, 0, 0, 0, 0, 0, 0, 0, 0, 0, 0, 0, 0, 0, 0, 0, 0, 0, 0, 0, 0, 0, 0, 0, 0, 0, 0, 0, 0, 0, 0, 0, 0, 0, 0, 0, 0, 0, 0, 0, 0, 0, 0, 0, 0, 0, 0, 0, 0, 0, 0, 0, 0, 0, 0, 0, 0, 0, 0, 0, 0, 0, 0, 0, 0, 0, 0, 0, 0, 0, 0, 0, 0, 0, 0, 0, 0, 0, 0, 0, 0, 0, 0, 0, 0, 0, 0, 0, 0, 0, 0, 0, 0, 0, 0, 0, 0, 0, 0, 0, 0, 0, 0, 0, 0, 0, 0, 0, 0, 0, 0, 0, 0, 0, 0, 0, 0, 0, 0, 0, 0, 0, 0, 0, 0, 0, 0, 0, 0, 0, 0, 0, 0, 0, 0, 0, 0, 0, 0, 0, 0, 0, 0, 0, 0, 0, 0, 0, 0, 0, 0, 0, 0, 0, 0, 0, 0, 0, 0, 0, 0, 0, 0, 0, 0, 0, 0, 0, 0, 0, 0, 0, 0, 0, 0, 0, 0, 0, 0, 0, 0, 0, 0, 0, 0, 0, 0, 0, 0, 0, 0, 0, 0, 0, 0, 0, 0, 0, 0, 0, 0, 0, 0, 0, 0, 0, 0, 0, 0, 0, 0, 0, 0, 0, 0, 0, 0, 0, 0, 0, 0, 0, 0, 0, 0, 0, 0, 0, 0, 0, 0, 0, 0, 0, 0, 0, 0, 0, 0, 0, 0, 0, 0, 0, 0, 0, 0, 0, 0, 0, 0, 0, 0, 0, 0, 0, 0, 0, 0, 0, 0, 0, 0, 0, 0, 0, 0, 0, 0, 0, 0, 0, 0, 0, 0, 0, 0, 0, 0, 0, 0, 0, 0, 0, 0, 0, 0, 0, 0, 0, 0, 0, 0, 0, 0, 0, 0, 0, 0, 0, 0, 0, 0, 0, 0, 0, 0, 0, 0, 0, 0, 0, 0, 0, 0, 0, 0, 0, 0, 0, 0, 0, 0, 0, 0, 0, 0, 0, 0, 0, 115, 85, 85, 69, 116, 85, 85, 255, 116, 85, 85, 255, 116, 85, 85, 255, 116, 85, 85, 255, 116, 85, 85, 255, 116, 85, 85, 255, 85, 69, 66, 192, 63, 59, 56, 255, 62, 58, 55, 238, 70, 70, 69, 241, 72, 72, 72, 255, 77, 69, 64, 205, 143, 56, 4, 242, 148, 55, 0, 255, 149, 55, 0, 255, 150, 55, 0, 255, 150, 55, 0, 255, 151, 55, 0, 255, 152, 55, 0, 255, 152, 55, 0, 255, 153, 55, 0, 255, 154, 55, 0, 255, 154, 55, 0, 255, 154, 54, 0, 255, 147, 48, 0, 225, 135, 42, 0, 201, 123, 33, 0, 191, 111, 27, 0, 195, 105, 22, 0, 212, 101, 22, 0, 244, 102, 22, 0, 255, 102, 22, 0, 255, 102, 22, 0, 255, 102, 22, 0, 255, 102, 22, 0, 255, 102, 22, 0, 255, 102, 22, 0, 255, 102, 22, 0, 255, 102, 22, 0, 255, 102, 22, 0, 255, 102, 22, 0, 255, 102, 22, 0, 255, 102, 22, 0, 255, 102, 22, 0, 255, 102, 22, 0, 255, 114, 43, 21, 194, 166, 126, 108, 255, 166, 126, 108, 255, 166, 126, 108, 255, 166, 126, 108, 255, 166, 126, 108, 255, 166, 126, 108, 255, 166, 126, 108, 255, 166, 126, 108, 255, 166, 126, 108, 255, 166, 126, 108, 255, 166, 126, 108, 255, 166, 126, 108, 255, 166, 126, 108, 255, 166, 126, 108, 255, 166, 126, 108, 255, 166, 126, 108, 255, 166, 126, 108, 255, 166, 126, 108, 255, 166, 126, 108, 255, 166, 126, 108, 255, 166, 126, 108, 255, 166, 126, 108, 255, 166, 126, 108, 255, 166, 126, 108, 255, 166, 125, 107, 240, 166, 126, 107, 197, 166, 126, 108, 154, 165, 126, 107, 105, 166, 128, 105, 46, 170, 85, 85, 3, 0, 0, 0, 0, 0, 0, 0, 0, 0, 0, 0, 0, 0, 0, 0, 0, 0, 0, 0, 0, 0, 0, 0, 0, 0, 0, 0, 0, 0, 0, 0, 0, 0, 0, 0, 0, 0, 0, 0, 0, 0, 0, 0, 0, 0, 0, 0, 0, 0, 0, 0, 0, 0, 0, 0, 0, 0, 0, 0, 0, 0, 0, 0, 0, 0, 0, 0, 0, 0, 0, 0, 0, 0, 0, 0, 0, 0, 0, 0, 0, 0, 0, 0, 0, 0, 0, 0, 0, 0, 0, 0, 0, 0, 0, 0, 0, 0, 0, 0, 0, 0, 0, 0, 0, 0, 0, 0, 0, 0, 0, 0, 0, 0, 0, 0, 0, 0, 0, 0, 0, 0, 0, 0, 0, 0, 0, 0, 0, 0, 0, 0, 0, 0, 0, 0, 0, 0, 0, 0, 0, 0, 0, 0, 0, 0, 0, 0, 0, 0, 0, 0, 0, 0, 0, 0, 0, 0, 0, 0, 0, 0, 0, 0, 0, 0, 0, 0, 0, 0, 0, 0, 0, 0, 0, 0, 0, 0, 0, 0, 0, 0, 0, 0, 0, 0, 0, 0, 0, 0, 0, 0, 0, 0, 0, 0, 0, 0, 0, 0, 0, 0, 0, 0, 0, 0, 0, 0, 0, 0, 0, 0, 0, 0, 0, 0, 0, 0, 0, 0, 0, 0, 0, 0, 0, 0, 0, 0, 0, 0, 0, 0, 0, 0, 0, 0, 0, 0, 0, 0, 0, 0, 0, 0, 0, 0, 0, 0, 0, 0, 0, 0, 0, 0, 0, 0, 0, 0, 0, 0, 0, 0, 0, 0, 0, 0, 0, 0, 0, 0, 0, 0, 0, 0, 0, 0, 0, 0, 0, 0, 0, 0, 0, 0, 0, 0, 0, 0, 0, 0, 0, 0, 0, 0, 0, 0, 0, 0, 0, 0, 0, 0, 0, 0, 0, 0, 0, 0, 0, 0, 0, 0, 0, 0, 0, 0, 0, 0, 0, 0, 0, 0, 0, 0, 0, 0, 0, 0, 0, 0, 0, 0, 0, 0, 0, 0, 0, 0, 0, 0, 0, 0, 0, 0, 0, 0, 0, 0, 0, 0, 0, 0, 0, 0, 0, 0, 0, 0, 0, 0, 0, 0, 0, 0, 0, 0, 0, 0, 0, 0, 0, 0, 0, 0, 0, 0, 0, 0, 0, 0, 0, 0, 0, 0, 0, 0, 0, 0, 0, 0, 0, 0, 0, 0, 0, 0, 0, 0, 0, 0, 0, 0, 0, 0, 0, 0, 0, 0, 0, 0, 0, 0, 0, 0, 0, 0, 0, 0, 0, 0, 0, 0, 0, 0, 0, 0, 0, 0, 0, 0, 0, 0, 0, 0, 0, 0, 0, 0, 0, 0, 0, 0, 0, 0, 0, 0, 0, 0, 0, 0, 0, 0, 0, 0, 0, 0, 0, 0, 0, 0, 0, 116, 85, 85, 165, 116, 85, 85, 255, 116, 85, 85, 255, 116, 85, 85, 255, 116, 85, 85, 255, 116, 85, 85, 255, 114, 83, 83, 251, 63, 57, 55, 231, 63, 59, 56, 255, 66, 63, 62, 193, 72, 72, 72, 255, 72, 72, 72, 255, 72, 72, 72, 255, 79, 70, 65, 204, 146, 54, 1, 252, 149, 55, 0, 255, 150, 55, 0, 255, 150, 55, 0, 255, 151, 55, 0, 255, 152, 55, 0, 255, 152, 55, 0, 255, 153, 55, 0, 255, 154, 55, 0, 255, 154, 55, 0, 255, 155, 55, 0, 255, 156, 55, 0, 255, 156, 55, 0, 255, 157, 55, 0, 255, 158, 55, 0, 255, 158, 55, 0, 255, 158, 54, 0, 255, 152, 49, 0, 227, 138, 42, 0, 203, 125, 34, 0, 191, 113, 27, 0, 194, 105, 23, 0, 211, 101, 21, 0, 241, 102, 22, 0, 255, 102, 22, 0, 255, 102, 22, 0, 255, 102, 22, 0, 255, 102, 22, 0, 255, 102, 22, 0, 255, 102, 22, 0, 255, 102, 22, 0, 255, 106, 28, 7, 209, 164, 122, 103, 249, 166, 126, 108, 255, 166, 126, 108, 255, 166, 126, 108, 255, 166, 126, 108, 255, 166, 126, 108, 255, 166, 126, 108, 255, 166, 126, 108, 255, 166, 126, 108, 255, 166, 126, 108, 255, 166, 126, 108, 255, 166, 126, 108, 255, 166, 126, 108, 255, 166, 126, 108, 255, 166, 126, 108, 255, 166, 126, 108, 255, 166, 126, 108, 255, 166, 126, 108, 255, 166, 126, 108, 255, 166, 126, 107, 235, 165, 125, 108, 196, 166, 126, 108, 154, 166, 125, 107, 112, 166, 126, 107, 69, 167, 128, 108, 26, 255, 0, 0, 1, 0, 0, 0, 0, 0, 0, 0, 0, 0, 0, 0, 0, 0, 0, 0, 0, 0, 0, 0, 0, 0, 0, 0, 0, 0, 0, 0, 0, 0, 0, 0, 0, 0, 0, 0, 0, 0, 0, 0, 0, 0, 0, 0, 0, 0, 0, 0, 0, 0, 0, 0, 0, 0, 0, 0, 0, 0, 0, 0, 0, 0, 0, 0, 0, 0, 0, 0, 0, 0, 0, 0, 0, 0, 0, 0, 0, 0, 0, 0, 0, 0, 0, 0, 0, 0, 0, 0, 0, 0, 0, 0, 0, 0, 0, 0, 0, 0, 0, 0, 0, 0, 0, 0, 0, 0, 0, 0, 0, 0, 0, 0, 0, 0, 0, 0, 0, 0, 0, 0, 0, 0, 0, 0, 0, 0, 0, 0, 0, 0, 0, 0, 0, 0, 0, 0, 0, 0, 0, 0, 0, 0, 0, 0, 0, 0, 0, 0, 0, 0, 0, 0, 0, 0, 0, 0, 0, 0, 0, 0, 0, 0, 0, 0, 0, 0, 0, 0, 0, 0, 0, 0, 0, 0, 0, 0, 0, 0, 0, 0, 0, 0, 0, 0, 0, 0, 0, 0, 0, 0, 0, 0, 0, 0, 0, 0, 0, 0, 0, 0, 0, 0, 0, 0, 0, 0, 0, 0, 0, 0, 0, 0, 0, 0, 0, 0, 0, 0, 0, 0, 0, 0, 0, 0, 0, 0, 0, 0, 0, 0, 0, 0, 0, 0, 0, 0, 0, 0, 0, 0, 0, 0, 0, 0, 0, 0, 0, 0, 0, 0, 0, 0, 0, 0, 0, 0, 0, 0, 0, 0, 0, 0, 0, 0, 0, 0, 0, 0, 0, 0, 0, 0, 0, 0, 0, 0, 0, 0, 0, 0, 0, 0, 0, 0, 0, 0, 0, 0, 0, 0, 0, 0, 0, 0, 0, 0, 0, 0, 0, 0, 0, 0, 0, 0, 0, 0, 0, 0, 0, 0, 0, 0, 0, 0, 0, 0, 0, 0, 0, 0, 0, 0, 0, 0, 0, 0, 0, 0, 0, 0, 0, 0, 0, 0, 0, 0, 0, 0, 0, 0, 0, 0, 0, 0, 0, 0, 0, 0, 0, 0, 0, 0, 0, 0, 0, 0, 0, 0, 0, 0, 0, 0, 0, 0, 0, 0, 0, 0, 0, 0, 0, 0, 0, 0, 0, 0, 0, 0, 0, 0, 0, 0, 0, 0, 0, 0, 0, 0, 0, 0, 0, 0, 0, 0, 0, 0, 0, 0, 0, 0, 0, 0, 0, 0, 0, 0, 0, 0, 0, 0, 0, 0, 0, 0, 0, 0, 0, 0, 0, 0, 0, 0, 0, 0, 0, 0, 0, 0, 0, 0, 0, 0, 0, 0, 0, 0, 0, 0, 0, 0, 0, 0, 0, 0, 0, 0, 0, 0, 0, 0, 0, 0, 0, 0, 0, 0, 0, 0, 0, 0, 0, 0, 0, 0, 0, 0, 0, 0, 0, 0, 0, 0, 0, 0, 0, 0, 0, 119, 85, 85, 15, 116, 84, 84, 247, 116, 85, 85, 255, 116, 85, 85, 255, 116, 85, 85, 255, 116, 85, 85, 255, 116, 85, 85, 255, 89, 70, 69, 195, 63, 59, 56, 255, 62, 58, 55, 222, 71, 71, 71, 252, 72, 72, 72, 255, 72, 72, 72, 255, 72, 72, 72, 255, 72, 72, 72, 255, 90, 66, 53, 192, 149, 55, 0, 255, 150, 55, 0, 255, 151, 55, 0, 255, 151, 55, 0, 255, 152, 55, 0, 255, 153, 55, 0, 255, 153, 55, 0, 255, 154, 55, 0, 255, 155, 55, 0, 255, 155, 55, 0, 255, 156, 55, 0, 255, 157, 55, 0, 255, 157, 55, 0, 255, 158, 55, 0, 255, 159, 55, 0, 255, 159, 55, 0, 255, 160, 55, 0, 255, 161, 55, 0, 255, 161, 55, 0, 255, 162, 55, 0, 255, 163, 55, 0, 255, 162, 54, 0, 255, 156, 50, 0, 230, 144, 43, 0, 204, 132, 37, 0, 193, 121, 32, 0, 191, 114, 27, 0, 194, 107, 23, 0, 205, 106, 23, 0, 209, 113, 33, 8, 192, 162, 116, 95, 207, 165, 122, 104, 216, 166, 123, 105, 221, 166, 125, 105, 225, 165, 124, 106, 230, 166, 125, 107, 235, 165, 124, 106, 230, 165, 123, 104, 220, 166, 122, 101, 211, 166, 119, 97, 204, 166, 116, 93, 198, 167, 113, 87, 194, 168, 109, 80, 192, 170, 105, 72, 191, 170, 102, 64, 192, 172, 95, 50, 196, 174, 88, 37, 203, 174, 83, 26, 214, 177, 77, 14, 227, 177, 72, 5, 233, 255, 0, 0, 2, 0, 0, 0, 0, 0, 0, 0, 0, 0, 0, 0, 0, 0, 0, 0, 0, 0, 0, 0, 0, 0, 0, 0, 0, 0, 0, 0, 0, 0, 0, 0, 0, 0, 0, 0, 0, 0, 0, 0, 0, 0, 0, 0, 0, 0, 0, 0, 0, 0, 0, 0, 0, 0, 0, 0, 0, 0, 0, 0, 0, 0, 0, 0, 0, 0, 0, 0, 0, 0, 0, 0, 0, 0, 0, 0, 0, 0, 0, 0, 0, 0, 0, 0, 0, 0, 0, 0, 0, 0, 0, 0, 0, 0, 0, 0, 0, 0, 0, 0, 0, 0, 0, 0, 0, 0, 0, 0, 0, 255, 102, 0, 5, 220, 92, 0, 36, 219, 95, 0, 70, 216, 95, 0, 105, 217, 95, 0, 140, 217, 94, 0, 174, 218, 94, 0, 209, 217, 95, 0, 230, 242, 180, 122, 227, 243, 187, 132, 228, 244, 187, 132, 214, 243, 186, 133, 200, 243, 187, 133, 186, 244, 187, 132, 172, 243, 187, 132, 158, 243, 186, 133, 144, 244, 187, 133, 130, 244, 187, 132, 116, 243, 188, 133, 102, 244, 189, 133, 88, 245, 186, 131, 74, 243, 187, 132, 60, 244, 189, 133, 46, 248, 192, 136, 32, 255, 192, 128, 16, 0, 0, 0, 0, 0, 0, 0, 0, 0, 0, 0, 0, 0, 0, 0, 0, 0, 0, 0, 0, 0, 0, 0, 0, 0, 0, 0, 0, 0, 0, 0, 0, 0, 0, 0, 0, 0, 0, 0, 0, 0, 0, 0, 0, 0, 0, 0, 0, 0, 0, 0, 0, 0, 0, 0, 0, 0, 0, 0, 0, 0, 0, 0, 0, 0, 0, 0, 0, 0, 0, 0, 0, 0, 0, 0, 0, 0, 0, 0, 0, 0, 0, 0, 0, 0, 0, 0, 0, 0, 0, 0, 0, 0, 0, 0, 0, 0, 0, 0, 0, 0, 0, 0, 0, 0, 0, 0, 0, 0, 0, 0, 0, 0, 0, 0, 0, 0, 0, 0, 0, 0, 0, 0, 0, 0, 0, 0, 0, 0, 0, 0, 0, 0, 0, 0, 0, 0, 0, 0, 0, 0, 0, 0, 0, 0, 0, 0, 0, 0, 0, 0, 0, 0, 0, 0, 0, 0, 0, 0, 0, 0, 0, 0, 0, 0, 0, 0, 0, 0, 0, 0, 0, 0, 0, 0, 0, 0, 0, 0, 0, 0, 0, 0, 0, 0, 0, 0, 0, 0, 0, 0, 0, 0, 0, 0, 0, 0, 0, 0, 0, 0, 0, 0, 0, 0, 0, 0, 0, 0, 0, 0, 0, 0, 0, 0, 0, 0, 0, 0, 0, 0, 0, 0, 0, 0, 0, 0, 0, 0, 0, 0, 0, 0, 0, 0, 0, 0, 0, 0, 0, 0, 0, 0, 0, 0, 0, 0, 0, 0, 0, 0, 0, 0, 0, 0, 0, 0, 0, 0, 0, 0, 0, 0, 0, 0, 0, 0, 0, 0, 0, 0, 0, 0, 0, 0, 0, 0, 0, 0, 0, 0, 0, 0, 0, 0, 0, 0, 0, 0, 0, 0, 0, 115, 84, 84, 100, 116, 85, 85, 255, 116, 85, 85, 255, 116, 85, 85, 255, 116, 85, 85, 255, 116, 85, 85, 255, 115, 84, 84, 255, 63, 59, 56, 222, 63, 59, 56, 255, 67, 65, 64, 202, 72, 72, 72, 255, 72, 72, 72, 255, 72, 72, 72, 255, 72, 72, 72, 255, 72, 72, 72, 255, 72, 72, 72, 255, 111, 62, 33, 196, 150, 55, 0, 255, 151, 55, 0, 255, 151, 55, 0, 255, 152, 55, 0, 255, 153, 55, 0, 255, 153, 55, 0, 255, 154, 55, 0, 255, 155, 55, 0, 255, 155, 55, 0, 255, 156, 55, 0, 255, 157, 55, 0, 255, 157, 55, 0, 255, 158, 55, 0, 255, 159, 55, 0, 255, 159, 55, 0, 255, 160, 55, 0, 255, 161, 55, 0, 255, 161, 55, 0, 255, 162, 55, 0, 255, 163, 55, 0, 255, 163, 55, 0, 255, 164, 55, 0, 255, 165, 55, 0, 255, 165, 55, 0, 255, 166, 55, 0, 255, 167, 55, 0, 255, 167, 55, 0, 255, 168, 55, 0, 255, 169, 56, 0, 255, 169, 57, 0, 255, 170, 58, 0, 255, 170, 59, 0, 255, 171, 60, 0, 255, 171, 61, 0, 255, 172, 62, 0, 255, 173, 63, 0, 255, 173, 63, 0, 255, 174, 64, 0, 255, 174, 65, 0, 255, 175, 66, 0, 255, 175, 67, 0, 255, 176, 68, 0, 255, 176, 68, 0, 255, 177, 69, 0, 255, 177, 70, 0, 255, 177, 71, 0, 255, 178, 71, 0, 255, 178, 72, 0, 255, 178, 72, 0, 255, 177, 72, 0, 39, 0, 0, 0, 0, 0, 0, 0, 0, 0, 0, 0, 0, 0, 0, 0, 0, 0, 0, 0, 0, 0, 0, 0, 0, 0, 0, 0, 0, 0, 0, 0, 0, 0, 0, 0, 0, 0, 0, 0, 0, 0, 0, 0, 0, 0, 0, 0, 0, 0, 0, 0, 0, 0, 0, 0, 0, 0, 0, 0, 0, 0, 0, 0, 0, 0, 0, 0, 0, 0, 0, 0, 0, 0, 0, 0, 0, 0, 0, 0, 0, 221, 85, 0, 15, 219, 94, 0, 49, 219, 94, 0, 84, 217, 94, 0, 119, 217, 95, 0, 153, 217, 95, 0, 188, 216, 95, 0, 223, 217, 95, 0, 253, 217, 95, 0, 255, 217, 95, 0, 255, 217, 95, 0, 255, 217, 95, 0, 255, 217, 95, 0, 255, 217, 95, 0, 255, 217, 95, 0, 255, 226, 125, 42, 192, 243, 187, 133, 255, 243, 187, 133, 255, 243, 187, 133, 255, 243, 187, 133, 255, 243, 187, 133, 255, 243, 187, 133, 255, 243, 187, 133, 255, 243, 187, 133, 255, 243, 187, 133, 255, 243, 187, 133, 255, 243, 187, 133, 255, 243, 187, 133, 255, 243, 187, 133, 255, 243, 187, 133, 255, 243, 187, 133, 255, 243, 187, 133, 255, 243, 184, 126, 210, 237, 166, 106, 154, 227, 119, 38, 107, 216, 96, 0, 72, 222, 89, 0, 23, 0, 0, 0, 0, 0, 0, 0, 0, 0, 0, 0, 0, 0, 0, 0, 0, 0, 0, 0, 0, 0, 0, 0, 0, 0, 0, 0, 0, 0, 0, 0, 0, 0, 0, 0, 0, 0, 0, 0, 0, 0, 0, 0, 0, 0, 0, 0, 0, 0, 0, 0, 0, 0, 0, 0, 0, 0, 0, 0, 0, 0, 0, 0, 0, 0, 0, 0, 0, 0, 0, 0, 0, 0, 0, 0, 0, 0, 0, 0, 0, 0, 0, 0, 0, 0, 0, 0, 0, 0, 0, 0, 0, 0, 0, 0, 0, 0, 0, 0, 0, 0, 0, 0, 0, 0, 0, 0, 0, 0, 0, 0, 0, 0, 0, 0, 0, 0, 0, 0, 0, 0, 0, 0, 0, 0, 0, 0, 0, 0, 0, 0, 0, 0, 0, 0, 0, 0, 0, 0, 0, 0, 0, 0, 0, 0, 0, 0, 0, 0, 0, 0, 0, 0, 0, 0, 0, 0, 0, 0, 0, 0, 0, 0, 0, 0, 0, 0, 0, 0, 0, 0, 0, 0, 0, 0, 0, 0, 0, 0, 0, 0, 0, 0, 0, 0, 0, 0, 0, 0, 0, 0, 0, 0, 0, 0, 0, 0, 0, 0, 0, 0, 0, 0, 0, 0, 0, 0, 0, 0, 0, 0, 0, 0, 0, 0, 0, 0, 0, 0, 0, 0, 0, 0, 0, 0, 0, 0, 0, 0, 0, 0, 0, 0, 0, 0, 0, 0, 0, 0, 0, 0, 0, 0, 0, 0, 0, 0, 0, 0, 0, 0, 0, 0, 0, 0, 0, 0, 0, 0, 0, 0, 0, 0, 0, 0, 0, 0, 0, 0, 0, 0, 0, 115, 84, 84, 184, 116, 85, 85, 255, 116, 85, 85, 255, 116, 85, 85, 255, 116, 85, 85, 255, 116, 85, 85, 255, 93, 74, 72, 200, 63, 59, 56, 255, 61, 58, 55, 223, 71, 71, 71, 255, 72, 72, 72, 255, 72, 72, 72, 255, 72, 72, 72, 255, 72, 72, 72, 255, 72, 72, 72, 255, 72, 72, 72, 255, 72, 72, 72, 241, 140, 56, 8, 231, 151, 55, 0, 255, 151, 55, 0, 255, 152, 55, 0, 255, 153, 55, 0, 255, 153, 55, 0, 255, 154, 55, 0, 255, 155, 55, 0, 255, 155, 55, 0, 255, 156, 55, 0, 255, 157, 55, 0, 255, 157, 55, 0, 255, 158, 55, 0, 255, 159, 55, 0, 255, 160, 55, 0, 255, 160, 55, 0, 255, 161, 55, 0, 255, 162, 55, 0, 255, 162, 55, 0, 255, 163, 55, 0, 255, 164, 55, 0, 255, 164, 55, 0, 255, 165, 55, 0, 255, 166, 55, 0, 255, 166, 55, 0, 255, 167, 55, 0, 255, 168, 55, 0, 255, 168, 56, 0, 255, 169, 57, 0, 255, 169, 57, 0, 255, 170, 58, 0, 255, 170, 59, 0, 255, 171, 60, 0, 255, 172, 61, 0, 255, 172, 62, 0, 255, 173, 63, 0, 255, 173, 64, 0, 255, 174, 65, 0, 255, 174, 66, 0, 255, 175, 66, 0, 255, 175, 67, 0, 255, 176, 68, 0, 255, 176, 69, 0, 255, 177, 70, 0, 255, 177, 70, 0, 255, 178, 71, 0, 255, 178, 72, 0, 255, 179, 72, 0, 255, 179, 73, 0, 255, 178, 72, 0, 103, 0, 0, 0, 0, 0, 0, 0, 0, 0, 0, 0, 0, 0, 0, 0, 0, 0, 0, 0, 0, 0, 0, 0, 0, 0, 0, 0, 0, 0, 0, 0, 0, 0, 0, 0, 0, 0, 0, 0, 0, 0, 0, 0, 0, 0, 0, 0, 0, 0, 0, 0, 0, 255, 255, 255, 1, 239, 172, 111, 46, 219, 96, 0, 98, 217, 95, 0, 132, 217, 95, 0, 167, 217, 95, 0, 202, 216, 94, 0, 236, 217, 95, 0, 255, 217, 95, 0, 255, 217, 95, 0, 255, 217, 95, 0, 255, 217, 95, 0, 255, 217, 95, 0, 255, 217, 95, 0, 255, 217, 95, 0, 255, 217, 95, 0, 255, 217, 95, 0, 255, 217, 95, 0, 255, 217, 95, 0, 255, 217, 95, 0, 255, 217, 95, 0, 255, 217, 95, 0, 255, 217, 94, 0, 241, 241, 180, 123, 241, 243, 187, 133, 255, 243, 187, 133, 255, 243, 187, 133, 255, 243, 187, 133, 255, 243, 187, 133, 255, 243, 187, 133, 255, 243, 187, 133, 255, 243, 187, 133, 255, 243, 187, 133, 255, 243, 187, 133, 255, 243, 187, 133, 255, 243, 187, 133, 255, 243, 187, 133, 255, 243, 187, 133, 255, 243, 187, 133, 255, 243, 187, 133, 255, 243, 187, 133, 255, 243, 186, 131, 255, 233, 151, 80, 201, 218, 95, 1, 231, 217, 94, 0, 230, 217, 95, 0, 180, 216, 93, 0, 131, 218, 93, 0, 82, 217, 93, 0, 33, 255, 0, 0, 1, 0, 0, 0, 0, 0, 0, 0, 0, 0, 0, 0, 0, 0, 0, 0, 0, 0, 0, 0, 0, 0, 0, 0, 0, 0, 0, 0, 0, 0, 0, 0, 0, 0, 0, 0, 0, 0, 0, 0, 0, 0, 0, 0, 0, 0, 0, 0, 0, 0, 0, 0, 0, 0, 0, 0, 0, 0, 0, 0, 0, 0, 0, 0, 0, 0, 0, 0, 0, 0, 0, 0, 0, 0, 0, 0, 0, 0, 0, 0, 0, 0, 0, 0, 0, 0, 0, 0, 0, 0, 0, 0, 0, 0, 0, 0, 0, 0, 0, 0, 0, 0, 0, 0, 0, 0, 0, 0, 0, 0, 0, 0, 0, 0, 0, 0, 0, 0, 0, 0, 0, 0, 0, 0, 0, 0, 0, 0, 0, 0, 0, 0, 0, 0, 0, 0, 0, 0, 0, 0, 0, 0, 0, 0, 0, 0, 0, 0, 0, 0, 0, 0, 0, 0, 0, 0, 0, 0, 0, 0, 0, 0, 0, 0, 0, 0, 0, 0, 0, 0, 0, 0, 0, 0, 0, 0, 0, 0, 0, 0, 0, 0, 0, 0, 0, 0, 0, 0, 0, 0, 0, 0, 0, 0, 0, 0, 0, 0, 0, 0, 0, 0, 0, 0, 0, 0, 0, 0, 0, 0, 0, 0, 0, 0, 0, 0, 0, 0, 0, 0, 0, 0, 0, 0, 0, 0, 0, 0, 0, 0, 0, 0, 0, 0, 0, 0, 0, 0, 0, 0, 0, 0, 0, 0, 0, 102, 76, 76, 10, 115, 84, 84, 250, 116, 85, 85, 255, 116, 85, 85, 255, 116, 85, 85, 255, 116, 85, 85, 255, 115, 84, 84, 255, 64, 58, 56, 213, 63, 59, 56, 255, 65, 62, 60, 192, 72, 72, 72, 255, 72, 72, 72, 255, 72, 72, 72, 255, 72, 72, 72, 255, 72, 72, 72, 255, 72, 72, 72, 255, 72, 72, 72, 255, 72, 72, 72, 255, 83, 67, 59, 197, 151, 55, 0, 255, 151, 55, 0, 255, 143, 54, 5, 234, 127, 63, 33, 193, 128, 73, 56, 191, 122, 77, 67, 194, 120, 79, 74, 202, 123, 78, 68, 195, 130, 73, 54, 191, 137, 67, 38, 197, 150, 59, 13, 223, 158, 55, 0, 255, 159, 55, 0, 255, 160, 55, 0, 255, 160, 55, 0, 255, 161, 55, 0, 255, 162, 55, 0, 255, 162, 55, 0, 255, 163, 55, 0, 255, 164, 55, 0, 255, 164, 55, 0, 255, 165, 55, 0, 255, 166, 55, 0, 255, 166, 55, 0, 255, 167, 55, 0, 255, 168, 55, 0, 255, 168, 56, 0, 255, 169, 57, 0, 255, 170, 58, 0, 255, 170, 59, 0, 255, 171, 60, 0, 255, 171, 60, 0, 255, 172, 61, 0, 255, 172, 62, 0, 255, 173, 63, 0, 255, 173, 64, 0, 255, 174, 65, 0, 255, 175, 66, 0, 255, 175, 67, 0, 255, 176, 68, 0, 255, 176, 69, 0, 255, 177, 69, 0, 255, 177, 70, 0, 255, 178, 71, 0, 255, 178, 72, 0, 255, 179, 72, 0, 255, 179, 73, 0, 255, 179, 74, 0, 255, 179, 73, 0, 195, 0, 0, 0, 0, 0, 0, 0, 0, 0, 0, 0, 0, 0, 0, 0, 0, 0, 0, 0, 0, 0, 0, 0, 0, 0, 0, 0, 0, 0, 0, 0, 0, 0, 0, 0, 0, 0, 0, 0, 0, 255, 255, 255, 1, 246, 187, 132, 52, 244, 188, 133, 136, 243, 187, 132, 220, 243, 187, 133, 255, 231, 142, 70, 197, 217, 94, 0, 251, 217, 95, 0, 255, 217, 95, 0, 255, 217, 95, 0, 255, 217, 95, 0, 255, 217, 95, 0, 255, 217, 95, 0, 255, 217, 95, 0, 255, 217, 95, 0, 255, 217, 95, 0, 255, 217, 95, 0, 255, 217, 95, 0, 255, 217, 95, 0, 255, 217, 95, 0, 255, 217, 95, 0, 255, 217, 95, 0, 255, 217, 95, 0, 255, 217, 95, 0, 255, 217, 95, 0, 255, 217, 95, 0, 255, 226, 125, 42, 192, 243, 187, 133, 255, 243, 187, 133, 255, 243, 187, 133, 255, 243, 187, 133, 255, 243, 187, 133, 255, 243, 187, 133, 255, 243, 187, 133, 255, 243, 187, 133, 255, 243, 187, 133, 255, 243, 187, 133, 255, 243, 187, 133, 255, 243, 187, 133, 255, 243, 187, 133, 255, 243, 187, 133, 255, 243, 187, 133, 255, 243, 187, 133, 255, 243, 187, 133, 255, 243, 187, 133, 255, 243, 187, 133, 255, 242, 180, 122, 240, 219, 104, 12, 204, 217, 95, 0, 255, 217, 95, 0, 255, 217, 95, 0, 255, 217, 95, 0, 255, 217, 95, 0, 239, 217, 95, 0, 191, 218, 95, 0, 142, 218, 94, 0, 62, 0, 0, 0, 0, 0, 0, 0, 0, 0, 0, 0, 0, 0, 0, 0, 0, 0, 0, 0, 0, 0, 0, 0, 0, 0, 0, 0, 0, 0, 0, 0, 0, 0, 0, 0, 0, 0, 0, 0, 0, 0, 0, 0, 0, 0, 0, 0, 0, 0, 0, 0, 0, 0, 0, 0, 0, 0, 0, 0, 0, 0, 0, 0, 0, 0, 0, 0, 0, 0, 0, 0, 0, 0, 0, 0, 0, 0, 0, 0, 0, 0, 0, 0, 0, 0, 0, 0, 0, 0, 0, 0, 0, 0, 0, 0, 0, 0, 0, 0, 0, 0, 0, 0, 0, 0, 0, 0, 0, 0, 0, 0, 0, 0, 0, 0, 0, 0, 0, 0, 0, 0, 0, 0, 0, 0, 0, 0, 0, 0, 0, 0, 0, 0, 0, 0, 0, 0, 0, 0, 0, 0, 0, 0, 0, 0, 0, 0, 0, 0, 0, 0, 0, 0, 0, 0, 0, 0, 0, 0, 0, 0, 0, 0, 0, 0, 0, 0, 0, 0, 0, 0, 0, 0, 0, 0, 0, 0, 0, 0, 0, 0, 0, 0, 0, 0, 0, 0, 0, 0, 0, 0, 0, 0, 0, 0, 0, 0, 0, 0, 0, 0, 0, 0, 0, 0, 0, 0, 0, 0, 0, 0, 0, 0, 0, 0, 0, 0, 0, 0, 0, 0, 0, 0, 0, 0, 0, 0, 0, 0, 0, 0, 0, 114, 82, 82, 65, 116, 85, 85, 255, 116, 85, 85, 255, 116, 85, 85, 255, 116, 85, 85, 255, 116, 85, 85, 255, 97, 75, 74, 207, 63, 59, 56, 255, 63, 59, 56, 255, 69, 68, 68, 221, 72, 72, 72, 255, 72, 72, 72, 255, 72, 72, 72, 255, 72, 72, 72, 255, 72, 72, 72, 255, 72, 72, 72, 255, 72, 72, 72, 255, 72, 72, 72, 255, 71, 71, 71, 254, 96, 57, 35, 186, 69, 58, 51, 207, 62, 58, 55, 253, 107, 80, 80, 229, 116, 85, 85, 255, 116, 85, 85, 255, 116, 85, 85, 255, 116, 85, 85, 255, 116, 85, 85, 255, 116, 85, 85, 255, 116, 85, 85, 255, 116, 82, 81, 217, 132, 73, 53, 192, 152, 57, 12, 226, 160, 55, 0, 255, 161, 55, 0, 255, 162, 55, 0, 255, 162, 55, 0, 255, 163, 55, 0, 255, 164, 55, 0, 255, 164, 55, 0, 255, 165, 55, 0, 255, 166, 55, 0, 255, 167, 55, 0, 255, 167, 55, 0, 255, 168, 55, 0, 255, 169, 56, 0, 255, 169, 57, 0, 255, 170, 58, 0, 255, 170, 59, 0, 255, 171, 60, 0, 255, 171, 61, 0, 255, 172, 62, 0, 255, 173, 63, 0, 255, 173, 64, 0, 255, 174, 64, 0, 255, 174, 65, 0, 255, 175, 66, 0, 255, 175, 67, 0, 255, 176, 68, 0, 255, 176, 69, 0, 255, 177, 70, 0, 255, 177, 71, 0, 255, 178, 72, 0, 255, 179, 72, 0, 255, 179, 73, 0, 255, 179, 74, 0, 255, 180, 75, 0, 255, 180, 75, 0, 255, 182, 73, 0, 35, 0, 0, 0, 0, 0, 0, 0, 0, 0, 0, 0, 0, 0, 0, 0, 0, 0, 0, 0, 0, 0, 0, 0, 0, 0, 0, 0, 0, 249, 186, 131, 37, 243, 187, 132, 139, 243, 187, 132, 224, 243, 187, 133, 255, 243, 187, 133, 255, 243, 187, 133, 255, 243, 187, 133, 255, 243, 187, 133, 255, 236, 156, 87, 205, 217, 95, 0, 245, 217, 95, 0, 255, 217, 95, 0, 255, 217, 95, 0, 255, 217, 95, 0, 255, 217, 95, 0, 255, 217, 95, 0, 255, 217, 95, 0, 255, 217, 95, 0, 255, 217, 95, 0, 255, 217, 95, 0, 255, 217, 95, 0, 255, 217, 95, 0, 255, 217, 95, 0, 255, 217, 95, 0, 255, 217, 95, 0, 255, 217, 95, 0, 255, 217, 95, 0, 255, 217, 95, 0, 255, 217, 94, 0, 241, 241, 180, 123, 241, 243, 187, 133, 255, 243, 187, 133, 255, 243, 187, 133, 255, 243, 187, 133, 255, 243, 187, 133, 255, 243, 187, 133, 255, 243, 187, 133, 255, 243, 187, 133, 255, 243, 187, 133, 255, 243, 187, 133, 255, 243, 187, 133, 255, 243, 187, 133, 255, 243, 187, 133, 255, 243, 187, 133, 255, 243, 187, 133, 255, 243, 187, 133, 255, 243, 187, 133, 255, 243, 187, 133, 255, 243, 187, 133, 255, 242, 184, 127, 249, 220, 103, 13, 203, 217, 95, 0, 255, 217, 95, 0, 255, 217, 95, 0, 255, 217, 95, 0, 255, 217, 95, 0, 255, 217, 95, 0, 255, 216, 94, 0, 249, 220, 96, 0, 64, 0, 0, 0, 0, 0, 0, 0, 0, 0, 0, 0, 0, 0, 0, 0, 0, 0, 0, 0, 0, 0, 0, 0, 0, 0, 0, 0, 0, 0, 0, 0, 0, 0, 0, 0, 0, 0, 0, 0, 0, 0, 0, 0, 0, 0, 0, 0, 0, 0, 0, 0, 0, 0, 0, 0, 0, 0, 0, 0, 0, 0, 0, 0, 0, 0, 0, 0, 0, 0, 0, 0, 0, 0, 0, 0, 0, 0, 0, 0, 0, 0, 0, 0, 0, 0, 0, 0, 0, 0, 0, 0, 0, 0, 0, 0, 0, 0, 0, 0, 0, 0, 0, 0, 0, 0, 0, 0, 0, 0, 0, 0, 0, 0, 0, 0, 0, 0, 0, 0, 0, 0, 0, 0, 0, 0, 0, 0, 0, 0, 0, 0, 0, 0, 0, 0, 0, 0, 0, 0, 0, 0, 0, 0, 0, 0, 0, 0, 0, 0, 0, 0, 0, 0, 0, 0, 0, 0, 0, 0, 0, 0, 0, 0, 0, 0, 0, 0, 0, 0, 0, 0, 0, 0, 0, 0, 0, 0, 0, 0, 0, 0, 0, 0, 0, 0, 0, 0, 0, 0, 0, 0, 0, 0, 0, 0, 0, 0, 0, 0, 0, 0, 0, 0, 0, 0, 0, 0, 0, 0, 0, 0, 0, 0, 0, 0, 0, 0, 0, 0, 0, 0, 0, 0, 0, 0, 0, 0, 0, 115, 85, 85, 126, 114, 84, 84, 231, 59, 46, 44, 202, 90, 68, 66, 192, 111, 81, 80, 213, 116, 84, 84, 253, 67, 60, 57, 204, 63, 59, 56, 255, 62, 58, 55, 217, 72, 72, 72, 255, 72, 72, 72, 255, 72, 72, 72, 255, 72, 72, 72, 255, 72, 72, 72, 255, 72, 72, 72, 255, 72, 72, 72, 255, 72, 72, 72, 255, 72, 72, 72, 255, 70, 70, 70, 242, 62, 58, 55, 250, 63, 59, 56, 255, 64, 59, 57, 215, 116, 85, 85, 255, 116, 85, 85, 255, 116, 85, 85, 255, 116, 85, 85, 255, 116, 85, 85, 255, 116, 85, 85, 255, 116, 85, 85, 255, 116, 85, 85, 255, 116, 85, 85, 255, 116, 85, 85, 255, 116, 85, 85, 255, 122, 79, 73, 199, 152, 58, 14, 222, 162, 55, 0, 255, 162, 55, 0, 255, 163, 55, 0, 255, 164, 55, 0, 255, 165, 55, 0, 255, 165, 55, 0, 255, 166, 55, 0, 255, 167, 55, 0, 255, 167, 55, 0, 255, 168, 55, 0, 255, 169, 56, 0, 255, 169, 57, 0, 255, 170, 58, 0, 255, 170, 59, 0, 255, 171, 60, 0, 255, 171, 61, 0, 255, 172, 62, 0, 255, 173, 63, 0, 255, 173, 64, 0, 255, 174, 65, 0, 255, 174, 66, 0, 255, 175, 66, 0, 255, 176, 68, 0, 255, 176, 68, 0, 255, 177, 69, 0, 255, 177, 70, 0, 255, 178, 71, 0, 255, 178, 72, 0, 255, 179, 73, 0, 255, 179, 74, 0, 255, 180, 74, 0, 255, 180, 75, 0, 255, 181, 76, 0, 255, 182, 76, 0, 128, 0, 0, 0, 0, 0, 0, 0, 0, 0, 0, 0, 0, 0, 0, 0, 0, 255, 255, 128, 2, 245, 189, 133, 73, 243, 187, 133, 182, 243, 187, 133, 255, 243, 187, 133, 255, 243, 187, 133, 255, 243, 187, 133, 255, 243, 187, 133, 255, 243, 187, 133, 255, 243, 187, 133, 255, 243, 187, 133, 255, 243, 187, 133, 255, 236, 156, 88, 206, 216, 94, 0, 249, 217, 95, 0, 255, 217, 95, 0, 255, 217, 95, 0, 255, 217, 95, 0, 255, 217, 95, 0, 255, 217, 95, 0, 255, 217, 95, 0, 255, 217, 95, 0, 255, 217, 95, 0, 255, 217, 95, 0, 255, 217, 95, 0, 255, 217, 95, 0, 255, 217, 95, 0, 255, 217, 95, 0, 255, 217, 95, 0, 255, 217, 95, 0, 255, 217, 95, 0, 255, 217, 95, 0, 255, 226, 125, 42, 192, 243, 187, 133, 255, 243, 187, 133, 255, 243, 187, 133, 255, 243, 187, 133, 255, 243, 187, 133, 255, 243, 187, 133, 255, 243, 187, 133, 255, 243, 187, 133, 255, 243, 187, 133, 255, 243, 187, 133, 255, 243, 187, 133, 255, 243, 187, 133, 255, 243, 187, 133, 255, 243, 187, 133, 255, 243, 187, 133, 255, 243, 187, 133, 255, 243, 187, 133, 255, 243, 187, 133, 255, 243, 187, 133, 255, 243, 187, 133, 255, 242, 182, 125, 243, 218, 96, 2, 225, 217, 95, 0, 255, 217, 95, 0, 255, 217, 95, 0, 255, 217, 95, 0, 255, 217, 95, 0, 255, 217, 95, 0, 255, 216, 95, 0, 242, 219, 94, 0, 49, 0, 0, 0, 0, 0, 0, 0, 0, 0, 0, 0, 0, 0, 0, 0, 0, 0, 0, 0, 0, 0, 0, 0, 0, 0, 0, 0, 0, 0, 0, 0, 0, 0, 0, 0, 0, 0, 0, 0, 0, 0, 0, 0, 0, 0, 0, 0, 0, 0, 0, 0, 0, 0, 0, 0, 0, 0, 0, 0, 0, 0, 0, 0, 0, 0, 0, 0, 0, 0, 0, 0, 0, 0, 0, 0, 0, 0, 0, 0, 0, 0, 0, 0, 0, 0, 0, 0, 0, 0, 0, 0, 0, 0, 0, 0, 0, 0, 0, 0, 0, 0, 0, 0, 0, 0, 0, 0, 0, 0, 0, 0, 0, 0, 0, 0, 0, 0, 0, 0, 0, 0, 0, 0, 0, 0, 0, 0, 0, 0, 0, 0, 0, 0, 0, 0, 0, 0, 0, 0, 0, 0, 0, 0, 0, 0, 0, 0, 0, 0, 0, 0, 0, 0, 0, 0, 0, 0, 0, 0, 0, 0, 0, 0, 0, 0, 0, 0, 0, 0, 0, 0, 0, 0, 0, 0, 0, 0, 0, 0, 0, 0, 0, 0, 0, 0, 0, 0, 0, 0, 0, 0, 0, 0, 0, 0, 0, 0, 0, 0, 0, 0, 0, 0, 0, 0, 0, 0, 0, 0, 0, 0, 0, 0, 0, 0, 0, 0, 0, 0, 0, 0, 0, 0, 0, 116, 84, 84, 187, 116, 84, 84, 251, 28, 24, 21, 253, 28, 25, 22, 255, 28, 25, 22, 255, 32, 27, 24, 242, 37, 34, 31, 206, 48, 44, 41, 192, 56, 52, 51, 180, 70, 70, 70, 228, 72, 72, 72, 255, 72, 72, 72, 255, 72, 72, 72, 255, 72, 72, 72, 255, 72, 72, 72, 255, 72, 72, 72, 255, 72, 72, 72, 255, 72, 72, 72, 255, 67, 64, 63, 197, 63, 59, 56, 255, 63, 59, 56, 255, 80, 66, 64, 192, 116, 85, 85, 255, 116, 85, 85, 255, 116, 85, 85, 255, 116, 85, 85, 255, 116, 85, 85, 255, 116, 85, 85, 255, 116, 85, 85, 255, 116, 85, 85, 255, 116, 85, 85, 255, 116, 85, 85, 255, 116, 85, 85, 255, 116, 85, 85, 255, 116, 84, 84, 253, 124, 78, 68, 195, 157, 58, 11, 229, 163, 55, 0, 255, 164, 55, 0, 255, 165, 55, 0, 255, 165, 55, 0, 255, 166, 55, 0, 255, 167, 55, 0, 255, 167, 55, 0, 255, 168, 55, 0, 255, 169, 56, 0, 255, 169, 57, 0, 255, 170, 58, 0, 255, 170, 59, 0, 255, 171, 60, 0, 255, 172, 61, 0, 255, 172, 62, 0, 255, 173, 63, 0, 255, 173, 64, 0, 255, 174, 65, 0, 255, 174, 66, 0, 255, 175, 67, 0, 255, 176, 68, 0, 255, 176, 69, 0, 255, 177, 70, 0, 255, 177, 70, 0, 255, 178, 71, 0, 255, 178, 72, 0, 255, 179, 73, 0, 255, 180, 74, 0, 255, 180, 75, 0, 255, 181, 76, 0, 255, 181, 77, 0, 255, 182, 77, 0, 222, 255, 0, 0, 1, 0, 0, 0, 0, 255, 0, 0, 1, 167, 124, 108, 78, 214, 164, 122, 173, 243, 187, 133, 255, 243, 187, 133, 255, 243, 187, 133, 255, 243, 187, 133, 255, 243, 187, 133, 255, 243, 187, 133, 255, 243, 187, 133, 255, 243, 187, 133, 255, 243, 187, 133, 255, 243, 187, 133, 255, 243, 187, 133, 255, 243, 187, 133, 255, 233, 150, 78, 201, 217, 95, 0, 253, 217, 95, 0, 255, 217, 95, 0, 255, 217, 95, 0, 255, 217, 95, 0, 255, 217, 95, 0, 255, 217, 95, 0, 255, 217, 95, 0, 255, 217, 95, 0, 255, 217, 95, 0, 255, 217, 95, 0, 255, 217, 95, 0, 255, 217, 95, 0, 255, 217, 95, 0, 255, 217, 95, 0, 255, 217, 95, 0, 255, 217, 95, 0, 255, 217, 95, 0, 255, 217, 94, 0, 241, 241, 180, 123, 241, 243, 187, 133, 255, 243, 187, 133, 255, 243, 187, 133, 255, 243, 187, 133, 255, 243, 187, 133, 255, 243, 187, 133, 255, 243, 187, 133, 255, 243, 187, 133, 255, 243, 187, 133, 255, 243, 187, 133, 255, 243, 187, 133, 255, 243, 187, 133, 255, 243, 187, 133, 255, 243, 187, 133, 255, 243, 187, 133, 255, 243, 187, 133, 255, 243, 187, 133, 255, 243, 187, 133, 255, 243, 187, 133, 255, 243, 187, 133, 255, 236, 162, 97, 213, 217, 95, 0, 255, 217, 95, 0, 255, 217, 95, 0, 255, 217, 95, 0, 255, 217, 95, 0, 255, 217, 95, 0, 255, 217, 95, 0, 255, 217, 94, 0, 232, 219, 95, 0, 35, 0, 0, 0, 0, 0, 0, 0, 0, 0, 0, 0, 0, 0, 0, 0, 0, 0, 0, 0, 0, 0, 0, 0, 0, 0, 0, 0, 0, 0, 0, 0, 0, 0, 0, 0, 0, 0, 0, 0, 0, 0, 0, 0, 0, 0, 0, 0, 0, 0, 0, 0, 0, 0, 0, 0, 0, 0, 0, 0, 0, 0, 0, 0, 0, 0, 0, 0, 0, 0, 0, 0, 0, 0, 0, 0, 0, 0, 0, 0, 0, 0, 0, 0, 0, 0, 0, 0, 0, 0, 0, 0, 0, 0, 0, 0, 0, 0, 0, 0, 0, 0, 0, 0, 0, 0, 0, 0, 0, 0, 0, 0, 0, 0, 0, 0, 0, 0, 0, 0, 0, 0, 0, 0, 0, 0, 0, 0, 0, 0, 0, 0, 0, 0, 0, 0, 0, 0, 0, 0, 0, 0, 0, 0, 0, 0, 0, 0, 0, 0, 0, 0, 0, 0, 0, 0, 0, 0, 0, 0, 0, 0, 0, 0, 0, 0, 0, 0, 0, 0, 0, 0, 0, 0, 0, 0, 0, 0, 0, 0, 0, 0, 0, 0, 0, 0, 0, 0, 0, 0, 0, 0, 0, 0, 0, 0, 0, 0, 0, 0, 0, 0, 0, 0, 0, 0, 0, 0, 0, 0, 0, 0, 0, 0, 0, 0, 0, 128, 64, 64, 4, 116, 84, 84, 244, 116, 85, 85, 255, 39, 32, 29, 228, 28, 25, 22, 255, 28, 25, 22, 255, 28, 25, 22, 255, 28, 25, 22, 255, 28, 25, 22, 255, 28, 25, 22, 255, 28, 25, 22, 255, 64, 64, 64, 199, 72, 72, 72, 255, 72, 72, 72, 255, 72, 72, 72, 255, 72, 72, 72, 255, 72, 72, 72, 255, 72, 72, 72, 255, 72, 72, 72, 255, 63, 59, 56, 199, 63, 59, 56, 255, 63, 59, 56, 255, 103, 78, 78, 218, 116, 85, 85, 255, 116, 85, 85, 255, 116, 85, 85, 255, 116, 85, 85, 255, 116, 85, 85, 255, 116, 85, 85, 255, 116, 85, 85, 255, 116, 85, 85, 255, 116, 85, 85, 255, 116, 85, 85, 255, 116, 85, 85, 255, 116, 85, 85, 255, 116, 85, 85, 255, 116, 85, 85, 255, 114, 83, 83, 248, 120, 63, 41, 185, 161, 54, 1, 251, 165, 55, 0, 255, 165, 55, 0, 255, 166, 55, 0, 255, 167, 55, 0, 255, 167, 55, 0, 255, 168, 55, 0, 255, 169, 56, 0, 255, 169, 57, 0, 255, 170, 58, 0, 255, 170, 59, 0, 255, 171, 60, 0, 255, 172, 61, 0, 255, 172, 62, 0, 255, 173, 63, 0, 255, 173, 64, 0, 255, 174, 65, 0, 255, 175, 66, 0, 255, 175, 67, 0, 255, 176, 68, 0, 255, 176, 69, 0, 255, 177, 70, 0, 255, 177, 71, 0, 255, 178, 72, 0, 255, 179, 72, 0, 255, 179, 73, 0, 255, 180, 74, 0, 255, 180, 75, 0, 255, 181, 76, 0, 255, 181, 77, 0, 255, 182, 78, 0, 255, 184, 79, 0, 61, 165, 128, 107, 62, 165, 126, 108, 199, 174, 131, 109, 204, 243, 186, 132, 255, 243, 187, 133, 255, 243, 187, 133, 255, 243, 187, 133, 255, 243, 187, 133, 255, 243, 187, 133, 255, 243, 187, 133, 255, 243, 187, 133, 255, 243, 187, 133, 255, 243, 187, 133, 255, 243, 187, 133, 255, 243, 187, 133, 255, 243, 187, 133, 255, 243, 187, 133, 255, 228, 130, 52, 192, 217, 95, 0, 255, 217, 95, 0, 255, 217, 95, 0, 255, 217, 95, 0, 255, 217, 95, 0, 255, 217, 95, 0, 255, 217, 95, 0, 255, 217, 95, 0, 255, 217, 95, 0, 255, 217, 95, 0, 255, 217, 95, 0, 255, 217, 95, 0, 255, 217, 95, 0, 255, 217, 95, 0, 255, 217, 95, 0, 255, 217, 95, 0, 255, 217, 95, 0, 255, 217, 95, 0, 255, 226, 125, 42, 192, 243, 187, 133, 255, 243, 187, 133, 255, 243, 187, 133, 255, 243, 187, 133, 255, 243, 187, 133, 255, 243, 187, 133, 255, 243, 187, 133, 255, 243, 187, 133, 255, 243, 187, 133, 255, 243, 187, 133, 255, 243, 187, 133, 255, 243, 187, 133, 255, 243, 187, 133, 255, 243, 187, 133, 255, 243, 187, 133, 255, 243, 187, 133, 255, 243, 187, 133, 255, 243, 187, 133, 255, 243, 187, 133, 255, 243, 187, 133, 255, 243, 187, 133, 255, 221, 108, 19, 198, 217, 95, 0, 255, 217, 95, 0, 255, 217, 95, 0, 255, 217, 95, 0, 255, 217, 95, 0, 255, 217, 95, 0, 255, 217, 95, 0, 255, 217, 95, 0, 220, 222, 89, 0, 23, 0, 0, 0, 0, 0, 0, 0, 0, 0, 0, 0, 0, 0, 0, 0, 0, 0, 0, 0, 0, 0, 0, 0, 0, 0, 0, 0, 0, 0, 0, 0, 0, 0, 0, 0, 0, 0, 0, 0, 0, 0, 0, 0, 0, 0, 0, 0, 0, 0, 0, 0, 0, 0, 0, 0, 0, 0, 0, 0, 0, 0, 0, 0, 0, 0, 0, 0, 0, 0, 0, 0, 0, 0, 0, 0, 0, 0, 0, 0, 0, 0, 0, 0, 0, 0, 0, 0, 0, 0, 0, 0, 0, 0, 0, 0, 0, 0, 0, 0, 0, 0, 0, 0, 0, 0, 0, 0, 0, 0, 0, 0, 0, 0, 0, 0, 0, 0, 0, 0, 0, 0, 0, 0, 0, 0, 0, 0, 0, 0, 0, 0, 0, 0, 0, 0, 0, 0, 0, 0, 0, 0, 0, 0, 0, 0, 0, 0, 0, 0, 0, 0, 0, 0, 0, 0, 0, 0, 0, 0, 0, 0, 0, 0, 0, 0, 0, 0, 0, 0, 0, 0, 0, 0, 0, 0, 0, 0, 0, 0, 0, 0, 0, 0, 0, 0, 0, 0, 0, 0, 0, 0, 0, 0, 0, 0, 0, 0, 0, 0, 0, 0, 0, 0, 0, 0, 0, 0, 0, 0, 0, 0, 0, 118, 83, 83, 52, 116, 85, 85, 255, 116, 85, 85, 255, 81, 61, 60, 192, 30, 26, 23, 247, 28, 25, 22, 255, 28, 25, 22, 255, 28, 25, 22, 255, 28, 25, 22, 255, 28, 25, 22, 255, 28, 25, 22, 255, 66, 66, 66, 205, 72, 72, 72, 255, 72, 72, 72, 255, 72, 72, 72, 255, 72, 72, 72, 255, 72, 72, 72, 255, 72, 72, 72, 255, 70, 70, 69, 249, 62, 58, 55, 244, 63, 59, 56, 255, 63, 58, 55, 226, 115, 84, 84, 255, 116, 85, 85, 255, 116, 85, 85, 255, 116, 85, 85, 255, 116, 85, 85, 255, 116, 85, 85, 255, 116, 85, 85, 255, 116, 85, 85, 255, 116, 85, 85, 255, 116, 85, 85, 255, 116, 85, 85, 255, 116, 85, 85, 255, 116, 85, 85, 255, 116, 85, 85, 255, 106, 81, 81, 218, 70, 65, 63, 181, 63, 59, 56, 255, 67, 56, 53, 216, 142, 54, 11, 216, 165, 55, 0, 255, 166, 55, 0, 255, 167, 55, 0, 255, 167, 55, 0, 255, 168, 56, 0, 255, 169, 56, 0, 255, 169, 57, 0, 255, 170, 58, 0, 255, 170, 59, 0, 255, 171, 60, 0, 255, 172, 61, 0, 255, 172, 62, 0, 255, 173, 63, 0, 255, 173, 64, 0, 255, 174, 65, 0, 255, 175, 66, 0, 255, 175, 67, 0, 255, 176, 68, 0, 255, 176, 69, 0, 255, 177, 70, 0, 255, 178, 71, 0, 255, 178, 72, 0, 255, 179, 73, 0, 255, 179, 74, 0, 255, 180, 75, 0, 255, 180, 76, 0, 255, 181, 76, 0, 255, 182, 77, 0, 255, 182, 78, 0, 255, 178, 93, 33, 224, 166, 126, 108, 255, 166, 126, 108, 235, 236, 180, 129, 235, 243, 187, 133, 255, 243, 187, 133, 255, 243, 187, 133, 255, 243, 187, 133, 255, 243, 187, 133, 255, 243, 187, 133, 255, 243, 187, 133, 255, 243, 187, 133, 255, 243, 187, 133, 255, 243, 187, 133, 255, 243, 187, 133, 255, 243, 187, 133, 255, 243, 187, 133, 255, 243, 187, 133, 255, 243, 186, 132, 255, 221, 106, 16, 200, 217, 95, 0, 255, 217, 95, 0, 255, 217, 95, 0, 255, 217, 95, 0, 255, 217, 95, 0, 255, 217, 95, 0, 255, 217, 95, 0, 255, 217, 95, 0, 255, 217, 95, 0, 255, 217, 95, 0, 255, 215, 92, 0, 241, 198, 81, 0, 197, 182, 71, 0, 196, 185, 72, 0, 193, 195, 80, 0, 195, 206, 87, 0, 213, 215, 94, 0, 247, 217, 94, 0, 241, 241, 180, 123, 241, 243, 187, 133, 255, 243, 187, 133, 255, 243, 187, 133, 255, 243, 187, 133, 255, 243, 187, 133, 255, 243, 187, 133, 255, 243, 187, 133, 255, 243, 187, 133, 255, 243, 187, 133, 255, 243, 187, 133, 255, 243, 187, 133, 255, 243, 187, 133, 255, 243, 187, 133, 255, 243, 187, 133, 255, 243, 187, 133, 255, 243, 187, 133, 255, 243, 187, 133, 255, 243, 187, 133, 255, 243, 187, 133, 255, 243, 187, 133, 255, 237, 171, 109, 223, 217, 95, 0, 255, 217, 95, 0, 255, 217, 95, 0, 255, 217, 95, 0, 255, 217, 95, 0, 255, 217, 95, 0, 255, 217, 95, 0, 255, 217, 95, 0, 255, 217, 94, 0, 206, 219, 91, 0, 14, 0, 0, 0, 0, 0, 0, 0, 0, 0, 0, 0, 0, 0, 0, 0, 0, 0, 0, 0, 0, 0, 0, 0, 0, 0, 0, 0, 0, 0, 0, 0, 0, 0, 0, 0, 0, 0, 0, 0, 0, 0, 0, 0, 0, 0, 0, 0, 0, 0, 0, 0, 0, 0, 0, 0, 0, 0, 0, 0, 0, 0, 0, 0, 0, 0, 0, 0, 0, 0, 0, 0, 0, 0, 0, 0, 0, 0, 0, 0, 0, 0, 0, 0, 0, 0, 0, 0, 0, 0, 0, 0, 0, 0, 0, 0, 0, 0, 0, 0, 0, 0, 0, 0, 0, 0, 0, 0, 0, 0, 0, 0, 0, 0, 0, 0, 0, 0, 0, 0, 0, 0, 0, 0, 0, 0, 0, 0, 0, 0, 0, 0, 0, 0, 0, 0, 0, 0, 0, 0, 0, 0, 0, 0, 0, 0, 0, 0, 0, 0, 0, 0, 0, 0, 0, 0, 0, 0, 0, 0, 0, 0, 0, 0, 0, 0, 0, 0, 0, 0, 0, 0, 0, 0, 0, 0, 0, 0, 0, 0, 0, 0, 0, 0, 0, 0, 0, 0, 0, 0, 0, 0, 0, 0, 0, 0, 0, 0, 0, 0, 0, 0, 0, 0, 0, 0, 0, 0, 0, 116, 84, 84, 112, 116, 85, 85, 255, 116, 85, 85, 255, 116, 85, 85, 255, 115, 85, 85, 243, 87, 65, 65, 185, 40, 37, 34, 200, 28, 25, 23, 244, 28, 25, 22, 255, 28, 25, 22, 255, 28, 25, 22, 255, 69, 69, 69, 215, 72, 72, 72, 255, 72, 72, 72, 255, 72, 72, 72, 255, 72, 72, 72, 255, 72, 72, 72, 255, 72, 72, 72, 255, 67, 64, 64, 202, 63, 59, 56, 255, 63, 59, 56, 255, 77, 64, 62, 192, 116, 85, 85, 255, 116, 85, 85, 255, 116, 85, 85, 255, 116, 85, 85, 255, 116, 85, 85, 255, 116, 85, 85, 255, 116, 85, 85, 255, 116, 85, 85, 255, 116, 85, 85, 255, 116, 85, 85, 255, 116, 85, 85, 255, 116, 85, 85, 255, 113, 84, 84, 246, 84, 74, 74, 192, 72, 72, 72, 252, 64, 60, 59, 194, 63, 59, 56, 255, 63, 59, 56, 255, 64, 58, 55, 207, 122, 56, 23, 195, 165, 54, 0, 255, 167, 55, 0, 255, 167, 55, 0, 255, 168, 56, 0, 255, 169, 56, 0, 255, 169, 57, 0, 255, 170, 58, 0, 255, 170, 59, 0, 255, 171, 60, 0, 255, 172, 61, 0, 255, 172, 62, 0, 255, 173, 63, 0, 255, 173, 64, 0, 255, 174, 65, 0, 255, 175, 66, 0, 255, 175, 67, 0, 255, 176, 68, 0, 255, 176, 69, 0, 255, 177, 70, 0, 255, 178, 71, 0, 255, 178, 72, 0, 255, 179, 73, 0, 255, 179, 74, 0, 255, 180, 75, 0, 255, 180, 76, 0, 255, 181, 76, 0, 255, 182, 77, 0, 255, 182, 78, 0, 255, 182, 81, 5, 255, 166, 124, 103, 255, 172, 130, 109, 208, 243, 186, 132, 255, 243, 187, 133, 255, 243, 187, 133, 255, 243, 187, 133, 255, 243, 187, 133, 255, 243, 187, 133, 255, 243, 187, 133, 255, 243, 187, 133, 255, 243, 187, 133, 255, 243, 187, 133, 255, 243, 187, 133, 255, 243, 187, 133, 255, 243, 187, 133, 255, 243, 187, 133, 255, 243, 187, 133, 255, 243, 187, 133, 255, 242, 181, 124, 241, 217, 96, 1, 231, 217, 95, 0, 255, 217, 95, 0, 255, 217, 95, 0, 255, 217, 95, 0, 255, 217, 95, 0, 255, 217, 95, 0, 255, 211, 89, 0, 228, 193, 78, 0, 193, 178, 68, 0, 205, 175, 66, 0, 250, 176, 68, 0, 255, 176, 68, 0, 255, 176, 68, 0, 255, 176, 69, 0, 255, 176, 69, 0, 255, 176, 69, 0, 252, 178, 69, 0, 221, 206, 137, 75, 177, 225, 186, 132, 192, 231, 186, 131, 200, 238, 187, 132, 223, 243, 187, 131, 253, 243, 187, 133, 255, 243, 187, 133, 255, 243, 187, 133, 255, 243, 187, 133, 255, 243, 187, 133, 255, 243, 187, 133, 255, 243, 187, 133, 255, 243, 187, 133, 255, 243, 187, 133, 255, 243, 187, 133, 255, 243, 187, 133, 255, 243, 187, 133, 255, 243, 187, 133, 255, 243, 187, 133, 255, 243, 187, 133, 255, 243, 187, 133, 255, 243, 187, 133, 255, 219, 99, 4, 216, 217, 95, 0, 255, 217, 95, 0, 255, 217, 95, 0, 255, 217, 95, 0, 255, 217, 95, 0, 255, 217, 95, 0, 255, 217, 95, 0, 255, 217, 95, 0, 255, 216, 94, 0, 190, 224, 96, 0, 8, 0, 0, 0, 0, 0, 0, 0, 0, 0, 0, 0, 0, 0, 0, 0, 0, 0, 0, 0, 0, 0, 0, 0, 0, 0, 0, 0, 0, 0, 0, 0, 0, 0, 0, 0, 0, 0, 0, 0, 0, 0, 0, 0, 0, 0, 0, 0, 0, 0, 0, 0, 0, 0, 0, 0, 0, 0, 0, 0, 0, 0, 0, 0, 0, 0, 0, 0, 0, 0, 0, 0, 0, 0, 0, 0, 0, 0, 0, 0, 0, 0, 0, 0, 0, 0, 0, 0, 0, 0, 0, 0, 0, 0, 0, 0, 0, 0, 0, 0, 0, 0, 0, 0, 0, 0, 0, 0, 0, 0, 0, 0, 0, 0, 0, 0, 0, 0, 0, 0, 0, 0, 0, 0, 0, 0, 0, 0, 0, 0, 0, 0, 0, 0, 0, 0, 0, 0, 0, 0, 0, 0, 0, 0, 0, 0, 0, 0, 0, 0, 0, 0, 0, 0, 0, 0, 0, 0, 0, 0, 0, 0, 0, 0, 0, 0, 0, 0, 0, 0, 0, 0, 0, 0, 0, 0, 0, 0, 0, 0, 0, 0, 0, 0, 0, 0, 0, 0, 0, 0, 0, 0, 0, 0, 0, 0, 0, 0, 0, 0, 0, 0, 0, 0, 0, 116, 84, 84, 172, 116, 85, 85, 255, 116, 85, 85, 255, 116, 85, 85, 255, 116, 85, 85, 255, 77, 65, 62, 192, 63, 59, 56, 255, 62, 58, 55, 250, 60, 59, 57, 182, 49, 48, 45, 195, 31, 27, 24, 239, 70, 70, 70, 228, 72, 72, 72, 255, 72, 72, 72, 255, 72, 72, 72, 255, 72, 72, 72, 255, 72, 72, 72, 255, 72, 72, 72, 255, 64, 60, 57, 195, 63, 59, 56, 255, 63, 59, 56, 255, 99, 75, 75, 209, 116, 85, 85, 255, 116, 85, 85, 255, 116, 85, 85, 255, 116, 85, 85, 255, 116, 85, 85, 255, 116, 85, 85, 255, 116, 85, 85, 255, 116, 85, 85, 255, 116, 85, 85, 255, 116, 85, 85, 255, 116, 85, 85, 255, 99, 79, 79, 204, 71, 71, 71, 228, 72, 72, 72, 255, 72, 72, 72, 255, 63, 60, 56, 213, 63, 59, 56, 255, 63, 59, 56, 255, 64, 61, 59, 193, 65, 64, 63, 198, 77, 58, 47, 198, 158, 54, 4, 239, 167, 55, 0, 255, 168, 55, 0, 255, 169, 56, 0, 255, 169, 57, 0, 255, 170, 58, 0, 255, 170, 59, 0, 255, 171, 60, 0, 255, 172, 61, 0, 255, 172, 62, 0, 255, 173, 63, 0, 255, 173, 64, 0, 255, 174, 65, 0, 255, 175, 66, 0, 255, 175, 67, 0, 255, 176, 68, 0, 255, 176, 69, 0, 255, 177, 70, 0, 255, 177, 71, 0, 255, 178, 72, 0, 255, 179, 72, 0, 255, 179, 73, 0, 255, 180, 74, 0, 255, 180, 75, 0, 255, 181, 76, 0, 255, 181, 77, 0, 255, 182, 78, 0, 255, 182, 79, 0, 255, 171, 109, 70, 255, 166, 126, 108, 255, 203, 154, 118, 194, 243, 187, 133, 255, 243, 187, 133, 255, 243, 187, 133, 255, 243, 187, 133, 255, 243, 187, 133, 255, 243, 187, 133, 255, 243, 187, 133, 255, 243, 187, 133, 255, 243, 187, 133, 255, 243, 187, 133, 255, 243, 187, 133, 255, 243, 187, 133, 255, 243, 187, 133, 255, 243, 187, 133, 255, 243, 187, 133, 255, 243, 187, 133, 255, 234, 148, 76, 200, 217, 95, 0, 255, 217, 95, 0, 255, 216, 94, 0, 255, 207, 86, 0, 215, 188, 75, 0, 191, 177, 67, 0, 216, 175, 67, 0, 255, 175, 67, 0, 255, 176, 68, 0, 255, 176, 69, 0, 255, 176, 69, 0, 255, 177, 69, 0, 255, 177, 70, 0, 255, 177, 70, 0, 255, 177, 70, 0, 255, 177, 71, 0, 255, 178, 71, 0, 255, 190, 106, 42, 206, 215, 186, 132, 255, 215, 186, 132, 255, 215, 186, 132, 255, 215, 185, 132, 248, 215, 185, 130, 217, 219, 185, 132, 197, 226, 186, 132, 192, 231, 186, 133, 202, 239, 187, 133, 227, 243, 187, 132, 255, 243, 187, 133, 255, 243, 187, 133, 255, 243, 187, 133, 255, 243, 187, 133, 255, 243, 187, 133, 255, 243, 187, 133, 255, 243, 187, 133, 255, 243, 187, 133, 255, 243, 187, 133, 255, 243, 187, 133, 255, 243, 187, 133, 255, 226, 128, 46, 192, 217, 95, 0, 255, 217, 95, 0, 255, 217, 95, 0, 255, 217, 95, 0, 255, 217, 95, 0, 255, 217, 95, 0, 255, 217, 95, 0, 255, 217, 95, 0, 255, 212, 91, 0, 233, 184, 67, 0, 136, 0, 0, 0, 0, 0, 0, 0, 0, 0, 0, 0, 0, 0, 0, 0, 0, 0, 0, 0, 0, 0, 0, 0, 0, 0, 0, 0, 0, 0, 0, 0, 0, 0, 0, 0, 0, 0, 0, 0, 0, 0, 0, 0, 0, 0, 0, 0, 0, 0, 0, 0, 0, 0, 0, 0, 0, 0, 0, 0, 0, 0, 0, 0, 0, 0, 0, 0, 0, 0, 0, 0, 0, 0, 0, 0, 0, 0, 0, 0, 0, 0, 0, 0, 0, 0, 0, 0, 0, 0, 0, 0, 0, 0, 0, 0, 0, 0, 0, 0, 0, 0, 0, 0, 0, 0, 0, 0, 0, 0, 0, 0, 0, 0, 0, 0, 0, 0, 0, 0, 0, 0, 0, 0, 0, 0, 0, 0, 0, 0, 0, 0, 0, 0, 0, 0, 0, 0, 0, 0, 0, 0, 0, 0, 0, 0, 0, 0, 0, 0, 0, 0, 0, 0, 0, 0, 0, 0, 0, 0, 0, 0, 0, 0, 0, 0, 0, 0, 0, 0, 0, 0, 0, 0, 0, 0, 0, 0, 0, 0, 0, 0, 0, 0, 0, 0, 0, 0, 0, 0, 0, 0, 0, 0, 0, 0, 0, 0, 0, 0, 0, 0, 0, 0, 0, 115, 84, 84, 215, 116, 85, 85, 255, 116, 85, 85, 255, 116, 85, 85, 255, 116, 85, 85, 255, 66, 60, 57, 208, 63, 59, 56, 255, 63, 59, 56, 255, 69, 68, 68, 227, 72, 72, 72, 255, 72, 72, 72, 252, 71, 71, 71, 254, 72, 72, 72, 255, 72, 72, 72, 255, 72, 72, 72, 255, 72, 72, 72, 255, 72, 72, 72, 255, 71, 71, 71, 255, 61, 58, 55, 232, 63, 59, 56, 255, 62, 58, 55, 239, 115, 83, 83, 253, 116, 85, 85, 255, 116, 85, 85, 255, 116, 85, 85, 255, 116, 85, 85, 255, 116, 85, 85, 255, 116, 85, 85, 255, 116, 85, 85, 255, 116, 85, 85, 255, 116, 85, 85, 255, 115, 84, 84, 255, 85, 74, 74, 192, 72, 72, 72, 255, 72, 72, 72, 255, 72, 72, 72, 255, 70, 70, 70, 253, 62, 58, 55, 248, 63, 59, 56, 255, 63, 59, 56, 255, 65, 64, 62, 194, 71, 71, 71, 255, 61, 58, 55, 211, 69, 58, 52, 211, 165, 54, 0, 255, 168, 55, 0, 255, 169, 56, 0, 255, 169, 57, 0, 255, 170, 58, 0, 255, 170, 59, 0, 255, 171, 60, 0, 255, 172, 61, 0, 255, 172, 62, 0, 255, 173, 63, 0, 255, 173, 64, 0, 255, 174, 65, 0, 255, 174, 66, 0, 255, 175, 67, 0, 255, 176, 68, 0, 255, 176, 69, 0, 255, 177, 70, 0, 255, 177, 70, 0, 255, 178, 71, 0, 255, 178, 72, 0, 255, 179, 73, 0, 255, 180, 74, 0, 255, 180, 75, 0, 255, 181, 76, 0, 255, 181, 77, 0, 255, 182, 77, 0, 255, 182, 78, 0, 255, 178, 89, 26, 255, 166, 126, 108, 255, 165, 125, 108, 244, 231, 178, 128, 227, 243, 187, 133, 255, 243, 187, 133, 255, 243, 187, 133, 255, 243, 187, 133, 255, 243, 187, 133, 255, 243, 187, 133, 255, 243, 187, 133, 255, 243, 187, 133, 255, 243, 187, 133, 255, 243, 187, 133, 255, 243, 187, 133, 255, 243, 187, 133, 255, 243, 187, 133, 255, 243, 187, 133, 255, 243, 187, 133, 255, 242, 186, 132, 250, 210, 109, 30, 184, 184, 71, 0, 193, 175, 65, 0, 231, 175, 66, 0, 255, 175, 67, 0, 255, 176, 68, 0, 255, 176, 68, 0, 255, 176, 69, 0, 255, 177, 69, 0, 255, 177, 70, 0, 255, 177, 70, 0, 255, 178, 71, 0, 255, 178, 71, 0, 255, 178, 72, 0, 255, 178, 72, 0, 255, 178, 72, 0, 255, 178, 72, 0, 255, 178, 75, 4, 249, 215, 185, 131, 245, 215, 186, 132, 255, 215, 186, 132, 255, 215, 186, 132, 255, 215, 186, 132, 255, 215, 186, 132, 255, 215, 186, 132, 255, 215, 186, 132, 255, 215, 186, 132, 255, 215, 185, 131, 245, 216, 186, 131, 214, 221, 186, 131, 195, 226, 187, 131, 193, 233, 188, 133, 204, 240, 187, 131, 231, 243, 187, 133, 255, 243, 187, 133, 255, 243, 187, 133, 255, 243, 187, 133, 255, 243, 187, 133, 255, 243, 187, 133, 255, 238, 169, 108, 222, 217, 95, 0, 255, 217, 95, 0, 255, 217, 95, 0, 255, 217, 95, 0, 255, 217, 95, 0, 255, 217, 95, 0, 255, 213, 91, 0, 235, 185, 70, 0, 192, 172, 60, 0, 246, 171, 60, 0, 255, 171, 59, 0, 73, 0, 0, 0, 0, 0, 0, 0, 0, 0, 0, 0, 0, 0, 0, 0, 0, 0, 0, 0, 0, 0, 0, 0, 0, 0, 0, 0, 0, 0, 0, 0, 0, 0, 0, 0, 0, 0, 0, 0, 0, 0, 0, 0, 0, 0, 0, 0, 0, 0, 0, 0, 0, 0, 0, 0, 0, 0, 0, 0, 0, 0, 0, 0, 0, 0, 0, 0, 0, 0, 0, 0, 0, 0, 0, 0, 0, 0, 0, 0, 0, 0, 0, 0, 0, 0, 0, 0, 0, 0, 0, 0, 0, 0, 0, 0, 0, 0, 0, 0, 0, 0, 0, 0, 0, 0, 0, 0, 0, 0, 0, 0, 0, 0, 0, 0, 0, 0, 0, 0, 0, 0, 0, 0, 0, 0, 0, 0, 0, 0, 0, 0, 0, 0, 0, 0, 0, 0, 0, 0, 0, 0, 0, 0, 0, 0, 0, 0, 0, 0, 0, 0, 0, 0, 0, 0, 0, 0, 0, 0, 0, 0, 0, 0, 0, 0, 0, 0, 0, 0, 0, 0, 0, 0, 0, 0, 0, 0, 0, 0, 0, 0, 0, 0, 0, 0, 0, 0, 0, 0, 0, 0, 0, 0, 0, 0, 0, 128, 0, 0, 2, 115, 84, 84, 248, 116, 85, 85, 255, 116, 85, 85, 255, 116, 85, 85, 255, 116, 85, 85, 255, 62, 58, 55, 235, 63, 59, 56, 255, 62, 58, 55, 241, 71, 71, 71, 255, 72, 72, 72, 255, 72, 72, 72, 255, 72, 72, 72, 255, 72, 72, 72, 255, 72, 72, 72, 255, 72, 72, 72, 255, 72, 72, 72, 255, 72, 72, 72, 255, 69, 68, 67, 220, 63, 59, 56, 255, 63, 59, 56, 255, 71, 62, 59, 197, 116, 85, 85, 255, 116, 85, 85, 255, 116, 85, 85, 255, 116, 85, 85, 255, 116, 85, 85, 255, 116, 85, 85, 255, 116, 85, 85, 255, 116, 85, 85, 255, 116, 85, 85, 255, 113, 83, 83, 248, 77, 72, 72, 197, 72, 72, 72, 255, 72, 72, 72, 255, 72, 72, 72, 255, 72, 72, 72, 255, 68, 68, 67, 220, 63, 59, 56, 255, 63, 59, 56, 255, 63, 59, 56, 255, 67, 66, 64, 209, 72, 72, 72, 255, 67, 66, 66, 208, 63, 59, 56, 255, 114, 55, 27, 194, 168, 55, 0, 255, 169, 56, 0, 255, 169, 57, 0, 255, 170, 58, 0, 255, 170, 59, 0, 255, 171, 60, 0, 255, 171, 61, 0, 255, 172, 62, 0, 255, 173, 63, 0, 255, 173, 64, 0, 255, 174, 65, 0, 255, 174, 66, 0, 255, 175, 67, 0, 255, 176, 68, 0, 255, 176, 68, 0, 255, 177, 69, 0, 255, 177, 70, 0, 255, 178, 71, 0, 255, 178, 72, 0, 255, 179, 73, 0, 255, 179, 74, 0, 255, 180, 75, 0, 255, 180, 75, 0, 255, 181, 76, 0, 255, 181, 77, 0, 255, 181, 77, 0, 255, 181, 77, 0, 255, 168, 117, 88, 255, 166, 126, 108, 255, 172, 130, 109, 208, 242, 186, 132, 255, 243, 187, 133, 255, 243, 187, 133, 255, 243, 187, 133, 255, 243, 187, 133, 255, 243, 187, 133, 255, 243, 187, 133, 255, 243, 187, 133, 255, 243, 187, 133, 255, 243, 187, 133, 255, 243, 187, 133, 255, 243, 187, 133, 255, 241, 187, 132, 239, 229, 186, 133, 196, 219, 186, 132, 199, 214, 186, 131, 243, 213, 177, 124, 210, 174, 66, 0, 255, 175, 67, 0, 255, 175, 67, 0, 255, 176, 68, 0, 255, 176, 69, 0, 255, 177, 69, 0, 255, 177, 70, 0, 255, 177, 71, 0, 255, 178, 71, 0, 255, 178, 72, 0, 255, 178, 72, 0, 255, 179, 73, 0, 255, 179, 73, 0, 255, 179, 73, 0, 255, 179, 74, 0, 255, 179, 74, 0, 255, 179, 74, 0, 255, 211, 174, 117, 202, 215, 186, 132, 255, 215, 186, 132, 255, 215, 186, 132, 255, 215, 186, 132, 255, 215, 186, 132, 255, 215, 186, 132, 255, 215, 186, 132, 255, 215, 186, 132, 255, 215, 186, 132, 255, 215, 186, 132, 255, 215, 186, 132, 255, 215, 186, 132, 255, 215, 186, 132, 255, 215, 186, 132, 255, 215, 185, 131, 241, 217, 185, 132, 211, 221, 186, 131, 194, 228, 187, 132, 193, 234, 186, 132, 206, 240, 187, 131, 235, 243, 187, 133, 255, 217, 97, 3, 221, 217, 95, 0, 255, 217, 95, 0, 255, 217, 95, 0, 255, 212, 92, 0, 238, 186, 73, 0, 192, 174, 64, 0, 244, 173, 63, 0, 255, 172, 62, 0, 255, 172, 62, 0, 255, 171, 60, 0, 224, 186, 46, 0, 11, 0, 0, 0, 0, 0, 0, 0, 0, 0, 0, 0, 0, 0, 0, 0, 0, 0, 0, 0, 0, 0, 0, 0, 0, 0, 0, 0, 0, 0, 0, 0, 0, 0, 0, 0, 0, 0, 0, 0, 0, 0, 0, 0, 0, 0, 0, 0, 0, 0, 0, 0, 0, 0, 0, 0, 0, 0, 0, 0, 0, 0, 0, 0, 0, 0, 0, 0, 0, 0, 0, 0, 0, 0, 0, 0, 0, 0, 0, 0, 0, 0, 0, 0, 0, 0, 0, 0, 0, 0, 0, 0, 0, 0, 0, 0, 0, 0, 0, 0, 0, 0, 0, 0, 0, 0, 0, 0, 0, 0, 0, 0, 0, 0, 0, 0, 0, 0, 0, 0, 0, 0, 0, 0, 0, 0, 0, 0, 0, 0, 0, 0, 0, 0, 0, 0, 0, 0, 0, 0, 0, 0, 0, 0, 0, 0, 0, 0, 0, 0, 0, 0, 0, 0, 0, 0, 0, 0, 0, 0, 0, 0, 0, 0, 0, 0, 0, 0, 0, 0, 0, 0, 0, 0, 0, 0, 0, 0, 0, 0, 0, 0, 0, 0, 0, 0, 0, 0, 0, 0, 0, 0, 0, 118, 78, 78, 26, 116, 85, 85, 255, 116, 85, 85, 255, 116, 85, 85, 255, 116, 85, 85, 255, 110, 82, 82, 239, 63, 59, 56, 255, 63, 59, 56, 255, 63, 59, 55, 207, 72, 72, 72, 255, 72, 72, 72, 255, 72, 72, 72, 255, 72, 72, 72, 255, 72, 72, 72, 255, 72, 72, 72, 255, 72, 72, 72, 255, 72, 72, 72, 255, 72, 72, 72, 255, 66, 63, 61, 193, 63, 59, 56, 255, 63, 59, 56, 255, 90, 72, 71, 198, 116, 85, 85, 255, 116, 85, 85, 255, 116, 85, 85, 255, 116, 85, 85, 255, 116, 85, 85, 255, 116, 85, 85, 255, 116, 85, 85, 255, 116, 85, 85, 255, 114, 83, 83, 247, 74, 71, 71, 207, 72, 72, 72, 255, 72, 72, 72, 255, 72, 72, 72, 255, 72, 72, 72, 255, 72, 72, 72, 255, 66, 64, 63, 197, 63, 59, 56, 255, 63, 59, 56, 255, 63, 59, 56, 255, 70, 70, 69, 237, 72, 72, 72, 255, 72, 72, 72, 255, 63, 59, 57, 206, 63, 58, 55, 235, 161, 53, 3, 241, 169, 56, 0, 255, 169, 57, 0, 255, 170, 58, 0, 255, 170, 59, 0, 255, 171, 60, 0, 255, 171, 61, 0, 255, 172, 62, 0, 255, 173, 63, 0, 255, 173, 64, 0, 255, 174, 64, 0, 255, 174, 65, 0, 255, 175, 66, 0, 255, 175, 67, 0, 255, 176, 68, 0, 255, 176, 69, 0, 255, 177, 70, 0, 255, 178, 71, 0, 255, 178, 72, 0, 255, 179, 72, 0, 255, 179, 73, 0, 255, 179, 74, 0, 255, 180, 75, 0, 255, 180, 75, 0, 255, 181, 76, 0, 255, 181, 76, 0, 255, 181, 76, 0, 255, 175, 95, 42, 255, 166, 126, 108, 255, 166, 126, 108, 255, 197, 150, 116, 189, 237, 187, 132, 216, 236, 187, 131, 209, 234, 186, 133, 204, 231, 186, 131, 200, 229, 186, 131, 196, 228, 187, 131, 194, 226, 185, 131, 193, 225, 186, 132, 192, 222, 185, 131, 193, 221, 186, 131, 194, 217, 187, 131, 208, 215, 185, 132, 252, 215, 186, 132, 255, 215, 186, 132, 255, 215, 186, 132, 255, 215, 186, 132, 255, 184, 92, 28, 217, 176, 68, 0, 255, 176, 68, 0, 255, 177, 69, 0, 255, 177, 70, 0, 255, 177, 71, 0, 255, 178, 71, 0, 255, 178, 72, 0, 255, 179, 73, 0, 255, 179, 73, 0, 255, 179, 74, 0, 255, 180, 74, 0, 255, 180, 75, 0, 255, 180, 75, 0, 255, 180, 75, 0, 255, 180, 75, 0, 255, 180, 75, 0, 255, 200, 137, 75, 193, 215, 186, 132, 255, 215, 186, 132, 255, 215, 186, 132, 255, 215, 186, 132, 255, 215, 186, 132, 255, 215, 186, 132, 255, 215, 186, 132, 255, 215, 186, 132, 255, 215, 186, 132, 255, 215, 186, 132, 255, 215, 186, 132, 255, 215, 186, 132, 255, 215, 186, 132, 255, 215, 186, 132, 255, 215, 186, 132, 255, 215, 186, 132, 255, 215, 186, 132, 255, 215, 186, 132, 255, 215, 186, 132, 255, 215, 186, 132, 255, 216, 186, 131, 237, 194, 111, 42, 179, 187, 74, 0, 193, 194, 80, 0, 193, 188, 76, 0, 192, 175, 66, 0, 242, 175, 66, 0, 255, 174, 65, 0, 255, 174, 64, 0, 255, 173, 63, 0, 255, 172, 62, 0, 255, 172, 62, 0, 255, 171, 59, 0, 142, 0, 0, 0, 0, 0, 0, 0, 0, 0, 0, 0, 0, 0, 0, 0, 0, 0, 0, 0, 0, 0, 0, 0, 0, 0, 0, 0, 0, 0, 0, 0, 0, 0, 0, 0, 0, 0, 0, 0, 0, 0, 0, 0, 0, 0, 0, 0, 0, 0, 0, 0, 0, 0, 0, 0, 0, 0, 0, 0, 0, 0, 0, 0, 0, 0, 0, 0, 0, 0, 0, 0, 0, 0, 0, 0, 0, 0, 0, 0, 0, 0, 0, 0, 0, 0, 0, 0, 0, 0, 0, 0, 0, 0, 0, 0, 0, 0, 0, 0, 0, 0, 0, 0, 0, 0, 0, 0, 0, 0, 0, 0, 0, 0, 0, 0, 0, 0, 0, 0, 0, 0, 0, 0, 0, 0, 0, 0, 0, 0, 0, 0, 0, 0, 0, 0, 0, 0, 0, 0, 0, 0, 0, 0, 0, 0, 0, 0, 0, 0, 0, 0, 0, 0, 0, 0, 0, 0, 0, 0, 0, 0, 0, 0, 0, 0, 0, 0, 0, 0, 0, 0, 0, 0, 0, 0, 0, 0, 0, 0, 0, 0, 0, 0, 0, 73, 64, 54, 28, 78, 61, 56, 95, 93, 69, 67, 148, 116, 85, 85, 255, 116, 85, 85, 255, 116, 85, 85, 255, 116, 85, 85, 255, 99, 76, 75, 210, 63, 59, 56, 255, 63, 59, 56, 255, 63, 61, 59, 193, 72, 72, 72, 255, 72, 72, 72, 255, 72, 72, 72, 255, 72, 72, 72, 255, 72, 72, 72, 255, 72, 72, 72, 255, 72, 72, 72, 255, 72, 72, 72, 255, 72, 72, 72, 255, 64, 60, 58, 203, 63, 59, 56, 255, 62, 58, 55, 252, 111, 82, 81, 241, 116, 85, 85, 255, 116, 85, 85, 255, 116, 85, 85, 255, 116, 85, 85, 255, 116, 85, 85, 255, 116, 85, 85, 255, 116, 85, 85, 255, 113, 83, 83, 250, 76, 72, 72, 204, 72, 72, 72, 255, 72, 72, 72, 255, 72, 72, 72, 255, 72, 72, 72, 255, 72, 72, 72, 255, 72, 72, 72, 255, 64, 61, 58, 192, 63, 59, 56, 255, 63, 59, 56, 255, 62, 58, 55, 236, 72, 72, 72, 255, 72, 72, 72, 255, 72, 72, 72, 255, 67, 64, 64, 202, 63, 59, 56, 255, 94, 56, 38, 192, 168, 56, 0, 255, 169, 57, 0, 255, 170, 58, 0, 255, 170, 59, 0, 255, 171, 60, 0, 255, 171, 60, 0, 255, 172, 61, 0, 255, 172, 62, 0, 255, 173, 63, 0, 255, 173, 64, 0, 255, 174, 65, 0, 255, 175, 66, 0, 255, 175, 67, 0, 255, 176, 68, 0, 255, 176, 69, 0, 255, 177, 69, 0, 255, 177, 70, 0, 255, 178, 71, 0, 255, 178, 72, 0, 255, 179, 73, 0, 255, 179, 73, 0, 255, 179, 74, 0, 255, 180, 74, 0, 255, 180, 75, 0, 255, 180, 75, 0, 255, 180, 75, 0, 255, 179, 76, 2, 255, 167, 119, 93, 255, 166, 126, 108, 255, 166, 126, 107, 245, 207, 177, 128, 229, 215, 186, 132, 255, 215, 186, 132, 255, 215, 186, 132, 255, 215, 186, 132, 255, 215, 186, 132, 255, 215, 186, 132, 255, 215, 186, 132, 255, 215, 186, 132, 255, 215, 186, 132, 255, 215, 186, 132, 255, 215, 186, 132, 255, 215, 186, 132, 255, 215, 186, 132, 255, 215, 186, 132, 255, 215, 186, 132, 255, 206, 160, 103, 193, 176, 69, 0, 255, 177, 69, 0, 255, 177, 70, 0, 255, 178, 71, 0, 255, 178, 72, 0, 255, 179, 72, 0, 255, 179, 73, 0, 255, 179, 74, 0, 255, 180, 74, 0, 255, 180, 75, 0, 255, 181, 76, 0, 255, 181, 76, 0, 255, 181, 76, 0, 255, 181, 77, 0, 255, 181, 76, 0, 255, 181, 76, 0, 255, 189, 96, 25, 220, 215, 186, 132, 255, 215, 186, 132, 255, 215, 186, 132, 255, 215, 186, 132, 255, 215, 186, 132, 255, 215, 186, 132, 255, 215, 186, 132, 255, 215, 186, 132, 255, 215, 186, 132, 255, 215, 186, 132, 255, 215, 186, 132, 255, 215, 186, 132, 255, 215, 186, 132, 255, 215, 186, 132, 255, 215, 186, 132, 255, 215, 186, 132, 255, 215, 186, 132, 255, 215, 186, 132, 255, 215, 186, 132, 255, 215, 186, 132, 255, 215, 186, 132, 255, 190, 110, 45, 192, 177, 71, 0, 255, 177, 70, 0, 255, 176, 69, 0, 255, 176, 68, 0, 255, 175, 67, 0, 255, 175, 66, 0, 255, 174, 65, 0, 255, 174, 64, 0, 255, 173, 63, 0, 255, 172, 62, 0, 255, 171, 60, 0, 252, 173, 57, 0, 53, 0, 0, 0, 0, 0, 0, 0, 0, 0, 0, 0, 0, 0, 0, 0, 0, 0, 0, 0, 0, 0, 0, 0, 0, 0, 0, 0, 0, 0, 0, 0, 0, 0, 0, 0, 0, 0, 0, 0, 0, 0, 0, 0, 0, 0, 0, 0, 0, 0, 0, 0, 0, 0, 0, 0, 0, 0, 0, 0, 0, 0, 0, 0, 0, 0, 0, 0, 0, 0, 0, 0, 0, 0, 0, 0, 0, 0, 0, 0, 0, 0, 0, 0, 0, 0, 0, 0, 0, 0, 0, 0, 0, 0, 0, 0, 0, 0, 0, 0, 0, 0, 0, 0, 0, 0, 0, 0, 0, 0, 0, 0, 0, 0, 0, 0, 0, 0, 0, 0, 0, 0, 0, 0, 0, 0, 0, 0, 0, 0, 0, 0, 0, 0, 0, 0, 0, 0, 0, 0, 0, 0, 0, 0, 0, 0, 0, 0, 0, 0, 0, 0, 0, 0, 0, 0, 0, 0, 0, 0, 0, 0, 0, 0, 0, 73, 60, 48, 21, 78, 60, 57, 85, 79, 62, 57, 152, 78, 62, 57, 218, 79, 62, 58, 255, 79, 62, 58, 255, 91, 68, 66, 205, 116, 85, 85, 255, 116, 85, 85, 255, 116, 85, 85, 255, 116, 85, 85, 255, 87, 69, 68, 195, 63, 59, 56, 255, 63, 59, 56, 255, 66, 64, 63, 197, 72, 72, 72, 255, 72, 72, 72, 255, 72, 72, 72, 255, 72, 72, 72, 255, 72, 72, 72, 255, 72, 72, 72, 255, 72, 72, 72, 255, 72, 72, 72, 255, 70, 70, 70, 250, 62, 58, 55, 245, 63, 59, 56, 255, 66, 60, 58, 207, 116, 85, 85, 255, 116, 85, 85, 255, 116, 85, 85, 255, 116, 85, 85, 255, 116, 85, 85, 255, 116, 85, 85, 255, 116, 85, 85, 255, 115, 83, 83, 253, 76, 72, 72, 202, 72, 72, 72, 255, 72, 72, 72, 255, 72, 72, 72, 255, 72, 72, 72, 255, 71, 71, 71, 241, 72, 72, 72, 255, 72, 72, 72, 255, 63, 59, 57, 206, 63, 59, 56, 255, 63, 59, 56, 255, 62, 59, 56, 208, 72, 72, 72, 255, 72, 72, 72, 255, 72, 72, 72, 255, 70, 70, 70, 254, 62, 59, 56, 228, 62, 58, 55, 241, 161, 56, 3, 242, 169, 57, 0, 255, 169, 58, 0, 255, 170, 58, 0, 255, 171, 59, 0, 255, 171, 60, 0, 255, 172, 61, 0, 255, 172, 62, 0, 255, 173, 63, 0, 255, 173, 64, 0, 255, 174, 65, 0, 255, 174, 66, 0, 255, 175, 66, 0, 255, 175, 67, 0, 255, 176, 68, 0, 255, 176, 69, 0, 255, 177, 70, 0, 255, 177, 71, 0, 255, 178, 71, 0, 255, 178, 72, 0, 255, 179, 73, 0, 255, 179, 73, 0, 255, 179, 74, 0, 255, 179, 74, 0, 255, 180, 74, 0, 255, 180, 74, 0, 255, 180, 74, 0, 255, 175, 90, 35, 255, 166, 126, 108, 255, 166, 126, 108, 255, 172, 133, 110, 202, 215, 186, 132, 255, 215, 186, 132, 255, 215, 186, 132, 255, 215, 186, 132, 255, 215, 186, 132, 255, 215, 186, 132, 255, 215, 186, 132, 255, 215, 186, 132, 255, 215, 186, 132, 255, 215, 186, 132, 255, 215, 186, 132, 255, 215, 186, 132, 255, 215, 186, 132, 255, 215, 186, 132, 255, 215, 186, 132, 255, 215, 186, 132, 244, 180, 76, 8, 241, 177, 70, 0, 255, 178, 71, 0, 255, 178, 72, 0, 255, 179, 73, 0, 255, 179, 73, 0, 255, 180, 74, 0, 255, 180, 75, 0, 255, 181, 76, 0, 255, 181, 76, 0, 255, 181, 77, 0, 255, 182, 78, 0, 255, 182, 78, 0, 255, 182, 78, 0, 255, 182, 78, 0, 255, 182, 77, 0, 255, 181, 78, 2, 252, 215, 186, 132, 250, 215, 186, 132, 255, 215, 186, 132, 255, 215, 186, 132, 255, 215, 186, 132, 255, 215, 186, 132, 255, 215, 186, 132, 255, 215, 186, 132, 255, 215, 186, 132, 255, 215, 186, 132, 255, 215, 186, 132, 255, 215, 186, 132, 255, 215, 186, 132, 255, 215, 186, 132, 255, 215, 186, 132, 255, 215, 186, 132, 255, 215, 186, 132, 255, 215, 186, 132, 255, 215, 186, 132, 255, 215, 186, 132, 255, 215, 186, 132, 255, 196, 126, 61, 193, 178, 72, 0, 255, 178, 71, 0, 255, 177, 70, 0, 255, 177, 69, 0, 255, 176, 68, 0, 255, 175, 67, 0, 255, 175, 66, 0, 255, 174, 65, 0, 255, 173, 64, 0, 255, 173, 63, 0, 255, 172, 62, 0, 255, 172, 60, 0, 208, 192, 64, 0, 4, 0, 0, 0, 0, 0, 0, 0, 0, 0, 0, 0, 0, 0, 0, 0, 0, 0, 0, 0, 0, 0, 0, 0, 0, 0, 0, 0, 0, 0, 0, 0, 0, 0, 0, 0, 0, 0, 0, 0, 0, 0, 0, 0, 0, 0, 0, 0, 0, 0, 0, 0, 0, 0, 0, 0, 0, 0, 0, 0, 0, 0, 0, 0, 0, 0, 0, 0, 0, 0, 0, 0, 0, 0, 0, 0, 0, 0, 0, 0, 0, 0, 0, 0, 0, 0, 0, 0, 0, 0, 0, 0, 0, 0, 0, 0, 0, 0, 0, 0, 0, 0, 0, 0, 0, 0, 0, 0, 0, 0, 0, 0, 0, 0, 0, 0, 0, 0, 0, 0, 0, 0, 0, 0, 0, 0, 0, 0, 0, 0, 0, 0, 0, 0, 0, 0, 0, 0, 0, 0, 0, 0, 0, 0, 0, 73, 54, 54, 14, 77, 60, 57, 76, 79, 61, 57, 142, 78, 61, 57, 209, 79, 62, 58, 255, 79, 62, 58, 255, 79, 62, 58, 255, 79, 62, 58, 255, 79, 62, 58, 255, 79, 62, 58, 255, 95, 70, 68, 199, 116, 85, 85, 255, 116, 85, 85, 255, 116, 85, 85, 255, 116, 85, 85, 255, 76, 65, 62, 192, 63, 59, 56, 255, 63, 59, 56, 255, 69, 68, 68, 221, 72, 72, 72, 255, 72, 72, 72, 255, 72, 72, 72, 255, 72, 72, 72, 255, 72, 72, 72, 255, 72, 72, 72, 255, 72, 72, 72, 255, 72, 72, 72, 255, 68, 67, 66, 208, 63, 59, 56, 255, 63, 59, 56, 255, 84, 68, 66, 192, 116, 85, 85, 255, 116, 85, 85, 255, 116, 85, 85, 255, 116, 85, 85, 255, 116, 85, 85, 255, 116, 85, 85, 255, 116, 85, 85, 255, 84, 74, 74, 192, 72, 72, 72, 255, 72, 72, 72, 255, 72, 72, 72, 255, 72, 72, 72, 255, 70, 70, 70, 229, 29, 26, 23, 246, 40, 38, 35, 207, 63, 63, 62, 197, 62, 57, 55, 231, 63, 59, 56, 255, 63, 59, 56, 255, 63, 60, 58, 194, 72, 72, 72, 255, 72, 72, 72, 255, 72, 72, 72, 255, 72, 72, 72, 255, 65, 62, 61, 192, 63, 59, 56, 255, 104, 56, 34, 192, 169, 56, 0, 255, 169, 57, 0, 255, 170, 58, 0, 255, 170, 59, 0, 255, 171, 60, 0, 255, 171, 61, 0, 255, 172, 62, 0, 255, 173, 63, 0, 255, 173, 63, 0, 255, 174, 64, 0, 255, 174, 65, 0, 255, 175, 66, 0, 255, 175, 67, 0, 255, 176, 68, 0, 255, 176, 68, 0, 255, 177, 69, 0, 255, 177, 70, 0, 255, 177, 71, 0, 255, 178, 71, 0, 255, 178, 72, 0, 255, 178, 72, 0, 255, 179, 73, 0, 255, 179, 73, 0, 255, 179, 73, 0, 255, 179, 73, 0, 255, 179, 73, 0, 255, 179, 73, 0, 255, 169, 112, 81, 255, 166, 126, 108, 255, 166, 126, 108, 255, 196, 163, 120, 201, 215, 186, 132, 255, 215, 186, 132, 255, 215, 186, 132, 255, 215, 186, 132, 255, 215, 186, 132, 255, 215, 186, 132, 255, 215, 186, 132, 255, 215, 186, 132, 255, 215, 186, 132, 255, 215, 186, 132, 255, 215, 186, 132, 255, 215, 186, 132, 255, 215, 186, 132, 255, 215, 186, 132, 255, 215, 186, 132, 255, 198, 133, 74, 193, 178, 71, 0, 255, 178, 72, 0, 255, 179, 73, 0, 255, 179, 73, 0, 255, 180, 74, 0, 255, 180, 75, 0, 255, 181, 76, 0, 255, 181, 77, 0, 255, 182, 77, 0, 255, 182, 78, 0, 255, 183, 79, 0, 255, 183, 79, 0, 255, 183, 79, 0, 255, 182, 79, 0, 255, 182, 78, 0, 255, 181, 77, 0, 255, 214, 182, 128, 222, 215, 186, 132, 255, 215, 186, 132, 255, 215, 186, 132, 255, 215, 186, 132, 255, 215, 186, 132, 255, 215, 186, 132, 255, 215, 186, 132, 255, 215, 186, 132, 255, 215, 186, 132, 255, 215, 186, 132, 255, 215, 186, 132, 255, 215, 186, 132, 255, 215, 186, 132, 255, 215, 186, 132, 255, 215, 186, 132, 255, 215, 186, 132, 255, 215, 186, 132, 255, 215, 186, 132, 255, 215, 186, 132, 255, 215, 186, 132, 255, 199, 139, 76, 200, 179, 73, 0, 255, 178, 72, 0, 255, 178, 71, 0, 255, 177, 70, 0, 255, 176, 69, 0, 255, 176, 68, 0, 255, 175, 67, 0, 255, 175, 66, 0, 255, 174, 65, 0, 255, 173, 64, 0, 255, 173, 63, 0, 255, 172, 62, 0, 255, 170, 59, 0, 120, 0, 0, 0, 0, 0, 0, 0, 0, 0, 0, 0, 0, 0, 0, 0, 0, 0, 0, 0, 0, 0, 0, 0, 0, 0, 0, 0, 0, 0, 0, 0, 0, 0, 0, 0, 0, 0, 0, 0, 0, 0, 0, 0, 0, 0, 0, 0, 0, 0, 0, 0, 0, 0, 0, 0, 0, 0, 0, 0, 0, 0, 0, 0, 0, 0, 0, 0, 0, 0, 0, 0, 0, 0, 0, 0, 0, 0, 0, 0, 0, 0, 0, 0, 0, 0, 0, 0, 0, 0, 0, 0, 0, 0, 0, 0, 0, 0, 0, 0, 0, 0, 0, 0, 0, 0, 0, 0, 0, 0, 0, 0, 0, 0, 0, 0, 0, 0, 0, 0, 0, 0, 0, 0, 0, 0, 0, 0, 0, 85, 56, 56, 9, 76, 61, 57, 67, 78, 61, 57, 133, 78, 61, 57, 199, 79, 61, 57, 252, 79, 62, 58, 255, 79, 62, 58, 255, 79, 62, 58, 255, 79, 62, 58, 255, 79, 62, 58, 255, 79, 62, 58, 255, 79, 62, 58, 255, 79, 62, 58, 255, 79, 62, 58, 255, 98, 73, 70, 195, 116, 85, 85, 255, 116, 85, 85, 255, 116, 85, 85, 255, 116, 85, 85, 255, 67, 60, 57, 204, 63, 59, 56, 255, 62, 58, 56, 246, 70, 70, 70, 254, 72, 72, 72, 255, 72, 72, 72, 255, 72, 72, 72, 255, 72, 72, 72, 255, 72, 72, 72, 255, 72, 72, 72, 255, 72, 72, 72, 255, 72, 72, 72, 255, 65, 62, 60, 192, 63, 59, 56, 255, 63, 59, 56, 255, 106, 80, 79, 222, 116, 85, 85, 255, 116, 85, 85, 255, 116, 85, 85, 255, 116, 85, 85, 255, 116, 85, 85, 255, 116, 85, 85, 255, 95, 77, 77, 198, 72, 72, 72, 255, 72, 72, 72, 255, 72, 72, 72, 255, 72, 72, 72, 255, 72, 72, 72, 255, 46, 45, 44, 197, 28, 25, 22, 255, 28, 25, 22, 255, 28, 25, 22, 255, 30, 26, 23, 238, 48, 44, 41, 192, 61, 58, 54, 225, 66, 63, 62, 193, 72, 72, 72, 255, 72, 72, 72, 255, 72, 72, 72, 255, 72, 72, 72, 255, 69, 68, 68, 218, 63, 59, 56, 255, 64, 57, 55, 227, 167, 55, 0, 255, 169, 57, 0, 255, 170, 58, 0, 255, 170, 59, 0, 255, 171, 60, 0, 255, 171, 60, 0, 255, 172, 61, 0, 255, 172, 62, 0, 255, 173, 63, 0, 255, 173, 64, 0, 255, 174, 65, 0, 255, 174, 66, 0, 255, 175, 66, 0, 255, 175, 67, 0, 255, 176, 68, 0, 255, 176, 69, 0, 255, 177, 69, 0, 255, 177, 70, 0, 255, 177, 70, 0, 255, 178, 71, 0, 255, 178, 71, 0, 255, 178, 72, 0, 255, 178, 72, 0, 255, 178, 72, 0, 255, 179, 72, 0, 255, 178, 72, 0, 255, 178, 72, 0, 255, 175, 82, 20, 255, 166, 125, 106, 255, 166, 126, 108, 255, 167, 126, 107, 229, 213, 182, 130, 245, 215, 186, 132, 255, 215, 186, 132, 255, 215, 186, 132, 255, 215, 186, 132, 255, 215, 186, 132, 255, 215, 186, 132, 255, 215, 186, 132, 255, 215, 186, 132, 255, 215, 186, 132, 255, 215, 186, 132, 255, 215, 186, 132, 255, 215, 186, 132, 255, 215, 186, 132, 255, 215, 186, 132, 255, 213, 178, 122, 207, 178, 71, 0, 255, 178, 72, 0, 255, 179, 73, 0, 255, 179, 74, 0, 255, 180, 75, 0, 255, 181, 76, 0, 255, 181, 76, 0, 255, 182, 77, 0, 255, 182, 78, 0, 255, 183, 79, 0, 255, 183, 80, 0, 255, 183, 80, 0, 255, 183, 79, 0, 255, 182, 78, 0, 255, 182, 78, 0, 255, 181, 77, 0, 255, 211, 172, 116, 202, 215, 186, 132, 255, 215, 186, 132, 255, 215, 186, 132, 255, 215, 186, 132, 255, 215, 186, 132, 255, 215, 186, 132, 255, 215, 186, 132, 255, 215, 186, 132, 255, 215, 186, 132, 255, 215, 186, 132, 255, 215, 186, 132, 255, 215, 186, 132, 255, 215, 186, 132, 255, 215, 186, 132, 255, 215, 186, 132, 255, 215, 186, 132, 255, 215, 186, 132, 255, 215, 186, 132, 255, 215, 186, 132, 255, 215, 186, 132, 255, 204, 154, 93, 209, 179, 74, 0, 255, 179, 73, 0, 255, 178, 72, 0, 255, 178, 71, 0, 255, 177, 70, 0, 255, 176, 69, 0, 255, 176, 68, 0, 255, 175, 66, 0, 255, 174, 65, 0, 255, 174, 64, 0, 255, 173, 63, 0, 255, 172, 62, 0, 255, 172, 61, 0, 247, 170, 56, 0, 36, 0, 0, 0, 0, 0, 0, 0, 0, 0, 0, 0, 0, 0, 0, 0, 0, 0, 0, 0, 0, 0, 0, 0, 0, 0, 0, 0, 0, 0, 0, 0, 0, 0, 0, 0, 0, 0, 0, 0, 0, 0, 0, 0, 0, 0, 0, 0, 0, 0, 0, 0, 0, 0, 0, 0, 0, 0, 0, 0, 0, 0, 0, 0, 0, 0, 0, 0, 0, 0, 0, 0, 0, 0, 0, 0, 0, 0, 0, 0, 0, 0, 0, 0, 0, 0, 0, 0, 0, 0, 0, 0, 0, 0, 0, 0, 0, 0, 0, 0, 0, 0, 0, 0, 0, 0, 0, 0, 0, 0, 0, 0, 0, 0, 0, 0, 0, 56, 48, 48, 63, 78, 61, 57, 190, 78, 61, 57, 248, 79, 62, 58, 255, 79, 62, 58, 255, 79, 62, 58, 255, 79, 62, 58, 255, 79, 62, 58, 255, 79, 62, 58, 255, 79, 62, 58, 255, 79, 62, 58, 255, 79, 62, 58, 255, 79, 62, 58, 255, 79, 62, 58, 255, 79, 62, 58, 255, 79, 62, 58, 255, 100, 74, 72, 193, 116, 85, 85, 255, 116, 85, 85, 255, 116, 85, 85, 255, 116, 85, 85, 255, 62, 59, 55, 229, 63, 59, 56, 255, 63, 59, 55, 211, 72, 72, 72, 255, 72, 72, 72, 255, 72, 72, 72, 255, 72, 72, 72, 255, 72, 72, 72, 255, 72, 72, 72, 255, 72, 72, 72, 255, 72, 72, 72, 255, 72, 72, 72, 255, 63, 59, 56, 214, 63, 59, 56, 255, 63, 58, 55, 225, 115, 84, 84, 255, 116, 85, 85, 255, 116, 85, 85, 255, 116, 85, 85, 255, 116, 85, 85, 255, 116, 85, 85, 255, 106, 81, 81, 219, 71, 71, 71, 246, 72, 72, 72, 255, 72, 72, 72, 255, 72, 72, 72, 255, 72, 72, 72, 255, 71, 71, 71, 244, 32, 30, 28, 228, 28, 25, 22, 255, 28, 25, 22, 255, 28, 25, 22, 255, 28, 25, 22, 255, 28, 25, 22, 255, 27, 24, 21, 255, 39, 36, 34, 205, 62, 62, 62, 196, 71, 71, 71, 243, 72, 72, 72, 255, 72, 72, 72, 255, 71, 71, 71, 255, 62, 58, 56, 228, 63, 59, 56, 255, 137, 56, 15, 210, 169, 57, 0, 255, 169, 57, 0, 255, 170, 58, 0, 255, 170, 59, 0, 255, 171, 60, 0, 255, 171, 61, 0, 255, 172, 62, 0, 255, 173, 63, 0, 255, 173, 63, 0, 255, 173, 64, 0, 255, 174, 65, 0, 255, 174, 66, 0, 255, 175, 66, 0, 255, 175, 67, 0, 255, 176, 68, 0, 255, 176, 69, 0, 255, 177, 69, 0, 255, 177, 70, 0, 255, 177, 70, 0, 255, 177, 71, 0, 255, 178, 71, 0, 255, 178, 71, 0, 255, 178, 71, 0, 255, 178, 71, 0, 255, 178, 71, 0, 255, 178, 71, 0, 255, 178, 71, 0, 255, 170, 102, 62, 255, 166, 126, 108, 255, 166, 126, 108, 255, 179, 141, 114, 193, 215, 186, 132, 255, 215, 186, 132, 255, 215, 186, 132, 255, 215, 186, 132, 255, 215, 186, 132, 255, 215, 186, 132, 255, 215, 186, 132, 255, 215, 186, 132, 255, 215, 186, 132, 255, 215, 186, 132, 255, 215, 186, 132, 255, 215, 186, 132, 255, 215, 186, 132, 255, 215, 186, 132, 255, 215, 185, 132, 248, 178, 75, 4, 249, 179, 72, 0, 255, 179, 73, 0, 255, 180, 74, 0, 255, 180, 75, 0, 255, 181, 76, 0, 255, 181, 77, 0, 255, 182, 77, 0, 255, 182, 78, 0, 255, 182, 78, 0, 255, 182, 79, 0, 255, 182, 79, 0, 255, 182, 78, 0, 255, 182, 77, 0, 255, 181, 77, 0, 255, 181, 76, 0, 255, 206, 156, 97, 192, 215, 186, 132, 255, 215, 186, 132, 255, 215, 186, 132, 255, 215, 186, 132, 255, 215, 186, 132, 255, 215, 186, 132, 255, 215, 186, 132, 255, 215, 186, 132, 255, 215, 186, 132, 255, 215, 186, 132, 255, 215, 186, 132, 255, 215, 186, 132, 255, 215, 186, 132, 255, 215, 186, 132, 255, 215, 186, 132, 255, 215, 186, 132, 255, 215, 186, 132, 255, 215, 186, 132, 255, 215, 186, 132, 255, 215, 186, 132, 255, 209, 167, 108, 222, 180, 75, 0, 255, 179, 73, 0, 255, 179, 72, 0, 255, 178, 71, 0, 255, 177, 70, 0, 255, 177, 69, 0, 255, 176, 68, 0, 255, 175, 67, 0, 255, 174, 66, 0, 255, 174, 65, 0, 255, 173, 64, 0, 255, 172, 63, 0, 255, 172, 61, 0, 255, 170, 59, 0, 189, 0, 0, 0, 0, 0, 0, 0, 0, 0, 0, 0, 0, 0, 0, 0, 0, 0, 0, 0, 0, 0, 0, 0, 0, 0, 0, 0, 0, 0, 0, 0, 0, 0, 0, 0, 0, 0, 0, 0, 0, 0, 0, 0, 0, 0, 0, 0, 0, 0, 0, 0, 0, 0, 0, 0, 0, 0, 0, 0, 0, 0, 0, 0, 0, 0, 0, 0, 0, 0, 0, 0, 0, 0, 0, 0, 0, 0, 0, 0, 0, 0, 0, 0, 0, 0, 0, 0, 0, 0, 0, 0, 0, 0, 0, 0, 0, 0, 0, 0, 0, 0, 0, 0, 0, 0, 0, 0, 0, 0, 0, 0, 0, 0, 0, 0, 0, 43, 43, 43, 164, 59, 51, 50, 194, 79, 62, 58, 255, 79, 62, 58, 255, 79, 62, 58, 255, 79, 62, 58, 255, 79, 62, 58, 255, 79, 62, 58, 255, 79, 62, 58, 255, 79, 62, 58, 255, 79, 62, 58, 255, 79, 62, 58, 255, 79, 62, 58, 255, 79, 62, 58, 255, 79, 62, 58, 255, 79, 62, 58, 255, 104, 76, 74, 192, 116, 85, 85, 255, 116, 85, 85, 255, 116, 85, 85, 255, 113, 82, 82, 244, 63, 59, 56, 255, 63, 59, 56, 255, 63, 61, 58, 193, 72, 72, 72, 255, 72, 72, 72, 255, 72, 72, 72, 255, 72, 72, 72, 255, 72, 72, 72, 255, 72, 72, 72, 255, 72, 72, 72, 255, 72, 72, 72, 255, 70, 70, 70, 240, 62, 58, 55, 254, 63, 59, 56, 255, 75, 64, 62, 193, 116, 85, 85, 255, 116, 85, 85, 255, 116, 85, 85, 255, 116, 85, 85, 255, 116, 85, 85, 255, 113, 84, 84, 252, 73, 71, 71, 217, 72, 72, 72, 255, 72, 72, 72, 255, 72, 72, 72, 255, 72, 72, 72, 255, 72, 72, 72, 255, 72, 72, 72, 255, 71, 71, 71, 247, 57, 56, 54, 192, 28, 25, 22, 248, 28, 25, 22, 255, 28, 25, 22, 255, 28, 25, 22, 255, 28, 25, 22, 255, 28, 25, 22, 255, 28, 25, 22, 255, 29, 26, 23, 247, 46, 45, 43, 198, 71, 71, 71, 254, 72, 72, 72, 255, 64, 62, 59, 194, 63, 59, 56, 255, 86, 57, 43, 193, 169, 56, 0, 255, 169, 57, 0, 255, 170, 58, 0, 255, 170, 59, 0, 255, 171, 60, 0, 255, 171, 60, 0, 255, 172, 61, 0, 255, 172, 62, 0, 255, 173, 63, 0, 255, 173, 64, 0, 255, 174, 64, 0, 255, 174, 65, 0, 255, 175, 66, 0, 255, 175, 66, 0, 255, 175, 67, 0, 255, 176, 68, 0, 255, 176, 68, 0, 255, 176, 69, 0, 255, 177, 69, 0, 255, 177, 70, 0, 255, 177, 70, 0, 255, 177, 70, 0, 255, 177, 70, 0, 255, 177, 70, 0, 255, 177, 70, 0, 255, 177, 70, 0, 255, 177, 70, 0, 255, 176, 72, 4, 255, 167, 118, 93, 255, 166, 126, 108, 255, 166, 125, 107, 252, 205, 172, 126, 218, 215, 186, 132, 255, 215, 186, 132, 255, 215, 186, 132, 255, 215, 186, 132, 255, 215, 186, 132, 255, 215, 186, 132, 255, 215, 186, 132, 255, 215, 186, 132, 255, 215, 186, 132, 255, 215, 186, 132, 255, 215, 186, 132, 255, 215, 186, 132, 255, 215, 186, 132, 255, 215, 186, 132, 255, 188, 104, 37, 210, 179, 73, 0, 255, 179, 73, 0, 255, 180, 74, 0, 255, 180, 75, 0, 255, 180, 76, 0, 255, 181, 76, 0, 255, 181, 77, 0, 255, 181, 77, 0, 255, 182, 77, 0, 255, 182, 77, 0, 255, 181, 77, 0, 255, 181, 77, 0, 255, 181, 76, 0, 255, 181, 76, 0, 255, 180, 75, 0, 255, 199, 134, 71, 194, 215, 186, 132, 255, 215, 186, 132, 255, 215, 186, 132, 255, 215, 186, 132, 255, 215, 186, 132, 255, 215, 186, 132, 255, 215, 186, 132, 255, 215, 186, 132, 255, 215, 186, 132, 255, 215, 186, 132, 255, 215, 186, 132, 255, 215, 186, 132, 255, 215, 186, 132, 255, 215, 186, 132, 255, 215, 186, 132, 255, 215, 186, 132, 255, 215, 186, 132, 255, 215, 186, 132, 255, 215, 186, 132, 255, 215, 186, 132, 255, 212, 176, 121, 239, 180, 75, 0, 255, 179, 74, 0, 255, 179, 73, 0, 255, 178, 72, 0, 255, 177, 71, 0, 255, 177, 69, 0, 255, 176, 68, 0, 255, 175, 67, 0, 255, 175, 66, 0, 255, 174, 65, 0, 255, 173, 64, 0, 255, 173, 63, 0, 255, 172, 62, 0, 255, 171, 61, 0, 255, 171, 58, 0, 97, 0, 0, 0, 0, 0, 0, 0, 0, 0, 0, 0, 0, 0, 0, 0, 0, 0, 0, 0, 0, 0, 0, 0, 0, 0, 0, 0, 0, 0, 0, 0, 0, 0, 0, 0, 0, 0, 0, 0, 0, 0, 0, 0, 0, 0, 0, 0, 0, 0, 0, 0, 0, 0, 0, 0, 0, 0, 0, 0, 0, 0, 0, 0, 0, 0, 0, 0, 0, 0, 0, 0, 0, 0, 0, 0, 0, 0, 0, 0, 0, 0, 0, 0, 0, 0, 0, 0, 0, 0, 0, 0, 0, 0, 0, 0, 0, 0, 0, 0, 0, 0, 0, 0, 0, 0, 0, 0, 0, 0, 0, 0, 0, 43, 43, 43, 220, 43, 43, 43, 251, 67, 55, 52, 208, 79, 62, 58, 255, 79, 62, 58, 255, 79, 62, 58, 255, 79, 62, 58, 255, 79, 62, 58, 255, 79, 62, 58, 255, 79, 62, 58, 255, 79, 62, 58, 255, 79, 62, 58, 255, 79, 62, 58, 255, 79, 62, 58, 255, 79, 62, 58, 255, 79, 62, 58, 255, 106, 78, 76, 193, 116, 85, 85, 255, 116, 85, 85, 255, 116, 85, 85, 255, 101, 77, 76, 214, 63, 59, 56, 255, 63, 59, 56, 255, 65, 64, 63, 195, 72, 72, 72, 255, 72, 72, 72, 255, 72, 72, 72, 255, 72, 72, 72, 255, 72, 72, 72, 255, 72, 72, 72, 255, 72, 72, 72, 255, 72, 72, 72, 255, 68, 65, 64, 199, 63, 59, 56, 255, 63, 59, 56, 255, 97, 75, 74, 207, 116, 85, 85, 255, 116, 85, 85, 255, 116, 85, 85, 255, 116, 85, 85, 255, 116, 85, 85, 255, 85, 74, 74, 192, 72, 72, 72, 255, 72, 72, 72, 255, 72, 72, 72, 255, 72, 72, 72, 255, 72, 72, 72, 255, 72, 72, 72, 255, 72, 72, 72, 255, 72, 72, 72, 255, 72, 72, 72, 255, 70, 70, 70, 224, 41, 36, 33, 198, 27, 24, 21, 255, 28, 25, 22, 255, 28, 25, 22, 255, 28, 25, 22, 255, 28, 25, 22, 255, 28, 25, 22, 255, 39, 37, 35, 209, 72, 72, 72, 255, 72, 72, 72, 255, 66, 64, 62, 196, 63, 59, 56, 255, 63, 57, 54, 226, 168, 56, 0, 255, 169, 57, 0, 255, 169, 57, 0, 255, 170, 58, 0, 255, 170, 59, 0, 255, 171, 60, 0, 255, 171, 61, 0, 255, 172, 62, 0, 255, 172, 62, 0, 255, 173, 63, 0, 255, 173, 64, 0, 255, 174, 65, 0, 255, 174, 65, 0, 255, 174, 66, 0, 255, 175, 66, 0, 255, 175, 67, 0, 255, 176, 68, 0, 255, 176, 68, 0, 255, 176, 68, 0, 255, 176, 69, 0, 255, 177, 69, 0, 255, 177, 69, 0, 255, 177, 69, 0, 255, 177, 70, 0, 255, 177, 69, 0, 255, 177, 69, 0, 255, 177, 69, 0, 255, 176, 69, 0, 255, 173, 83, 26, 255, 166, 125, 107, 255, 166, 126, 108, 255, 168, 129, 109, 211, 214, 185, 131, 255, 215, 186, 132, 255, 215, 186, 132, 255, 215, 186, 132, 255, 215, 186, 132, 255, 215, 186, 132, 255, 215, 186, 132, 255, 215, 186, 132, 255, 215, 186, 132, 255, 215, 186, 132, 255, 215, 186, 132, 255, 215, 186, 132, 255, 215, 186, 132, 255, 215, 186, 132, 255, 202, 143, 83, 191, 178, 72, 0, 255, 179, 73, 0, 255, 179, 74, 0, 255, 180, 74, 0, 255, 180, 75, 0, 255, 180, 75, 0, 255, 181, 76, 0, 255, 160, 71, 5, 226, 160, 69, 5, 225, 181, 76, 0, 255, 181, 76, 0, 255, 180, 75, 0, 255, 180, 75, 0, 255, 180, 74, 0, 255, 179, 74, 0, 255, 191, 113, 47, 203, 215, 186, 132, 255, 215, 186, 132, 255, 215, 186, 132, 255, 215, 186, 132, 255, 215, 186, 132, 255, 215, 186, 132, 255, 215, 186, 132, 255, 215, 186, 132, 255, 215, 186, 132, 255, 215, 186, 132, 255, 215, 186, 132, 255, 215, 186, 132, 255, 215, 186, 132, 255, 215, 186, 132, 255, 215, 186, 132, 255, 215, 186, 132, 255, 215, 186, 132, 255, 215, 186, 132, 255, 215, 186, 132, 255, 215, 186, 132, 255, 214, 185, 130, 255, 180, 74, 0, 251, 179, 74, 0, 255, 179, 73, 0, 255, 178, 72, 0, 255, 177, 71, 0, 255, 177, 70, 0, 255, 176, 69, 0, 255, 175, 67, 0, 255, 175, 66, 0, 255, 174, 65, 0, 255, 173, 64, 0, 255, 173, 63, 0, 255, 172, 62, 0, 255, 171, 61, 0, 255, 171, 59, 0, 236, 182, 36, 0, 7, 0, 0, 0, 0, 0, 0, 0, 0, 0, 0, 0, 0, 0, 0, 0, 0, 0, 0, 0, 0, 0, 0, 0, 0, 0, 0, 0, 0, 0, 0, 0, 0, 0, 0, 0, 0, 0, 0, 0, 0, 0, 0, 0, 0, 0, 0, 0, 0, 0, 0, 0, 0, 0, 0, 0, 0, 0, 0, 0, 0, 0, 0, 0, 0, 0, 0, 0, 0, 0, 0, 0, 0, 0, 0, 0, 0, 0, 0, 0, 0, 0, 0, 0, 0, 0, 0, 0, 0, 0, 0, 0, 0, 0, 0, 0, 0, 0, 0, 0, 0, 0, 0, 0, 0, 38, 38, 38, 20, 44, 44, 44, 255, 44, 44, 44, 255, 43, 43, 43, 238, 72, 58, 54, 225, 79, 62, 58, 255, 79, 62, 58, 255, 79, 62, 58, 255, 79, 62, 58, 255, 78, 61, 57, 255, 76, 60, 56, 248, 75, 59, 56, 242, 75, 59, 55, 237, 73, 58, 55, 232, 72, 58, 55, 228, 72, 58, 53, 224, 70, 57, 53, 220, 106, 79, 79, 194, 116, 85, 85, 255, 116, 85, 85, 255, 116, 85, 85, 255, 89, 71, 70, 197, 63, 59, 56, 255, 63, 59, 56, 255, 69, 67, 67, 215, 72, 72, 72, 255, 72, 72, 72, 255, 72, 72, 72, 255, 72, 72, 72, 255, 72, 72, 72, 255, 72, 72, 72, 255, 72, 72, 72, 255, 72, 72, 72, 255, 64, 60, 57, 195, 63, 59, 56, 255, 62, 59, 56, 242, 114, 83, 83, 251, 116, 85, 85, 255, 116, 85, 85, 255, 116, 85, 85, 255, 116, 85, 85, 255, 106, 81, 81, 219, 71, 71, 71, 251, 72, 72, 72, 255, 72, 72, 72, 255, 72, 72, 72, 255, 72, 72, 72, 255, 72, 72, 72, 255, 72, 72, 72, 255, 72, 72, 72, 255, 72, 72, 72, 255, 72, 72, 72, 255, 67, 65, 64, 202, 63, 59, 56, 255, 60, 57, 53, 211, 36, 32, 31, 211, 28, 25, 22, 255, 28, 25, 22, 255, 28, 25, 22, 255, 28, 25, 22, 255, 59, 59, 58, 193, 72, 72, 72, 255, 72, 72, 72, 255, 69, 68, 67, 220, 63, 59, 56, 255, 63, 59, 56, 255, 154, 53, 6, 230, 169, 56, 0, 255, 169, 57, 0, 255, 170, 58, 0, 255, 170, 59, 0, 255, 171, 59, 0, 255, 171, 60, 0, 255, 172, 61, 0, 255, 172, 62, 0, 255, 172, 62, 0, 255, 173, 63, 0, 255, 173, 64, 0, 255, 174, 64, 0, 255, 174, 65, 0, 255, 174, 66, 0, 255, 175, 66, 0, 255, 175, 67, 0, 255, 175, 67, 0, 255, 176, 68, 0, 255, 176, 68, 0, 255, 176, 68, 0, 255, 176, 68, 0, 255, 176, 69, 0, 255, 176, 69, 0, 255, 176, 69, 0, 255, 176, 68, 0, 255, 176, 68, 0, 255, 176, 68, 0, 255, 176, 68, 0, 255, 171, 93, 47, 255, 166, 126, 108, 255, 166, 126, 108, 255, 190, 154, 118, 194, 215, 186, 132, 255, 215, 186, 132, 255, 215, 186, 132, 255, 215, 186, 132, 255, 215, 186, 132, 255, 215, 186, 132, 255, 215, 186, 132, 255, 215, 186, 132, 255, 215, 186, 132, 255, 215, 186, 132, 255, 215, 186, 132, 255, 215, 186, 132, 255, 215, 186, 132, 255, 211, 174, 118, 203, 178, 72, 0, 255, 179, 72, 0, 255, 179, 73, 0, 255, 167, 69, 3, 238, 124, 60, 16, 198, 76, 51, 31, 194, 53, 46, 39, 226, 51, 47, 41, 255, 128, 63, 15, 201, 180, 74, 0, 255, 180, 74, 0, 255, 179, 74, 0, 255, 179, 73, 0, 255, 179, 73, 0, 255, 179, 72, 0, 255, 189, 107, 42, 207, 215, 186, 132, 255, 215, 186, 132, 255, 215, 186, 132, 255, 215, 186, 132, 255, 215, 186, 132, 255, 215, 186, 132, 255, 215, 186, 132, 255, 215, 186, 132, 255, 215, 186, 132, 255, 215, 186, 132, 255, 215, 186, 132, 255, 215, 186, 132, 255, 215, 186, 132, 255, 215, 186, 132, 255, 215, 186, 132, 255, 215, 186, 132, 255, 215, 186, 132, 255, 215, 186, 132, 255, 215, 186, 132, 255, 215, 186, 132, 255, 215, 186, 132, 255, 181, 75, 1, 233, 179, 74, 0, 255, 179, 73, 0, 255, 178, 72, 0, 255, 177, 71, 0, 255, 177, 70, 0, 255, 176, 69, 0, 255, 175, 67, 0, 255, 175, 66, 0, 255, 174, 65, 0, 255, 173, 64, 0, 255, 173, 63, 0, 255, 172, 62, 0, 255, 171, 61, 0, 255, 171, 60, 0, 255, 171, 59, 0, 82, 0, 0, 0, 0, 0, 0, 0, 0, 0, 0, 0, 0, 0, 0, 0, 0, 0, 0, 0, 0, 0, 0, 0, 0, 0, 0, 0, 0, 0, 0, 0, 0, 0, 0, 0, 0, 0, 0, 0, 0, 0, 0, 0, 0, 0, 0, 0, 0, 0, 0, 0, 0, 0, 0, 0, 0, 0, 0, 0, 0, 0, 0, 0, 0, 0, 0, 0, 0, 0, 0, 0, 0, 0, 0, 0, 0, 0, 0, 0, 0, 0, 0, 0, 0, 0, 0, 0, 0, 0, 0, 0, 0, 0, 0, 0, 0, 0, 0, 0, 0, 0, 0, 0, 0, 41, 41, 41, 55, 44, 44, 44, 255, 44, 44, 44, 255, 44, 44, 44, 255, 44, 44, 44, 244, 43, 43, 43, 235, 43, 43, 43, 241, 43, 43, 43, 246, 43, 43, 43, 252, 44, 44, 44, 255, 44, 44, 44, 255, 44, 44, 44, 255, 44, 44, 44, 255, 44, 44, 44, 255, 44, 44, 44, 255, 44, 44, 44, 255, 44, 44, 44, 255, 101, 75, 75, 196, 116, 85, 85, 255, 116, 85, 85, 255, 116, 85, 85, 255, 84, 68, 66, 192, 63, 59, 56, 255, 63, 59, 56, 255, 70, 70, 70, 240, 72, 72, 72, 255, 72, 72, 72, 255, 72, 72, 72, 255, 72, 72, 72, 255, 72, 72, 72, 255, 72, 72, 72, 255, 72, 72, 72, 255, 72, 72, 72, 255, 63, 58, 56, 218, 63, 59, 56, 255, 68, 61, 58, 201, 116, 85, 85, 255, 116, 85, 85, 255, 116, 85, 85, 255, 116, 85, 85, 255, 115, 84, 84, 255, 75, 72, 72, 208, 72, 72, 72, 255, 72, 72, 72, 255, 72, 72, 72, 255, 72, 72, 72, 255, 72, 72, 72, 255, 72, 72, 72, 255, 72, 72, 72, 255, 72, 72, 72, 255, 72, 72, 72, 255, 72, 72, 72, 255, 62, 58, 56, 201, 63, 59, 56, 255, 63, 59, 56, 255, 62, 58, 55, 237, 64, 63, 63, 198, 33, 31, 29, 226, 28, 25, 22, 255, 27, 24, 21, 254, 71, 71, 71, 234, 72, 72, 72, 255, 72, 72, 72, 255, 70, 70, 70, 254, 63, 59, 55, 247, 63, 59, 56, 255, 120, 55, 24, 197, 168, 56, 0, 255, 169, 57, 0, 255, 169, 57, 0, 255, 170, 58, 0, 255, 170, 59, 0, 255, 171, 60, 0, 255, 171, 60, 0, 255, 172, 61, 0, 255, 172, 62, 0, 255, 172, 62, 0, 255, 173, 63, 0, 255, 173, 64, 0, 255, 174, 64, 0, 255, 174, 65, 0, 255, 174, 65, 0, 255, 175, 66, 0, 255, 175, 66, 0, 255, 175, 67, 0, 255, 175, 67, 0, 255, 175, 67, 0, 255, 175, 67, 0, 255, 176, 68, 0, 255, 176, 68, 0, 255, 176, 68, 0, 255, 176, 68, 0, 255, 175, 67, 0, 255, 175, 67, 0, 255, 175, 67, 0, 255, 175, 66, 0, 255, 170, 99, 59, 255, 166, 126, 108, 255, 165, 125, 107, 240, 210, 181, 129, 236, 215, 186, 132, 255, 215, 186, 132, 255, 215, 186, 132, 255, 215, 186, 132, 255, 215, 186, 132, 255, 215, 186, 132, 255, 215, 186, 132, 255, 215, 186, 132, 255, 215, 186, 132, 255, 215, 186, 132, 255, 215, 186, 132, 255, 215, 186, 132, 255, 208, 179, 127, 235, 134, 62, 13, 205, 87, 53, 28, 191, 56, 46, 38, 214, 50, 46, 40, 254, 51, 47, 41, 255, 51, 47, 41, 255, 51, 47, 41, 255, 51, 47, 41, 255, 160, 69, 5, 228, 179, 73, 0, 255, 179, 73, 0, 255, 179, 72, 0, 255, 178, 72, 0, 255, 178, 72, 0, 255, 178, 71, 0, 255, 188, 101, 36, 209, 215, 186, 132, 255, 215, 186, 132, 255, 215, 186, 132, 255, 215, 186, 132, 255, 215, 186, 132, 255, 215, 186, 132, 255, 215, 186, 132, 255, 215, 186, 132, 255, 215, 186, 132, 255, 215, 186, 132, 255, 215, 186, 132, 255, 215, 186, 132, 255, 215, 186, 132, 255, 215, 186, 132, 255, 215, 186, 132, 255, 215, 186, 132, 255, 215, 186, 132, 255, 215, 186, 132, 255, 215, 186, 132, 255, 215, 186, 132, 255, 215, 186, 132, 255, 181, 77, 4, 217, 179, 73, 0, 255, 178, 72, 0, 255, 178, 71, 0, 255, 177, 70, 0, 255, 177, 69, 0, 255, 176, 68, 0, 255, 175, 67, 0, 255, 175, 66, 0, 255, 174, 65, 0, 255, 173, 64, 0, 255, 173, 63, 0, 255, 172, 62, 0, 255, 171, 61, 0, 255, 171, 60, 0, 255, 170, 59, 0, 186, 0, 0, 0, 0, 0, 0, 0, 0, 0, 0, 0, 0, 0, 0, 0, 0, 0, 0, 0, 0, 0, 0, 0, 0, 0, 0, 0, 0, 0, 0, 0, 0, 0, 0, 0, 0, 0, 0, 0, 0, 0, 0, 0, 0, 0, 0, 0, 0, 0, 0, 0, 0, 0, 0, 0, 0, 0, 0, 0, 0, 0, 0, 0, 0, 0, 0, 0, 0, 0, 0, 0, 0, 0, 0, 0, 0, 0, 0, 0, 0, 0, 0, 0, 0, 0, 0, 0, 0, 0, 0, 0, 0, 0, 0, 0, 0, 0, 0, 0, 0, 0, 0, 0, 0, 44, 44, 44, 75, 44, 44, 44, 255, 44, 44, 44, 255, 44, 44, 44, 255, 44, 44, 44, 255, 44, 44, 44, 255, 44, 44, 44, 255, 44, 44, 44, 255, 44, 44, 44, 255, 44, 44, 44, 255, 44, 44, 44, 255, 44, 44, 44, 255, 44, 44, 44, 255, 44, 44, 44, 255, 44, 44, 44, 255, 44, 44, 44, 255, 44, 44, 44, 255, 100, 75, 75, 194, 116, 85, 85, 255, 116, 85, 85, 255, 116, 85, 85, 255, 81, 66, 65, 192, 63, 59, 56, 255, 62, 58, 55, 253, 71, 71, 71, 255, 72, 72, 72, 255, 72, 72, 72, 255, 72, 72, 72, 255, 72, 72, 72, 255, 72, 72, 72, 255, 72, 72, 72, 255, 72, 72, 72, 255, 70, 70, 69, 249, 62, 58, 55, 252, 63, 59, 56, 255, 82, 68, 66, 192, 116, 85, 85, 255, 116, 85, 85, 255, 116, 85, 85, 255, 116, 85, 85, 255, 100, 80, 80, 204, 72, 72, 72, 255, 72, 72, 72, 255, 72, 72, 72, 255, 72, 72, 72, 255, 72, 72, 72, 255, 72, 72, 72, 255, 72, 72, 72, 255, 72, 72, 72, 255, 72, 72, 72, 255, 72, 72, 72, 255, 69, 68, 68, 238, 63, 59, 56, 251, 63, 59, 56, 255, 63, 59, 56, 255, 64, 61, 60, 192, 72, 72, 72, 255, 71, 71, 71, 249, 58, 58, 57, 192, 44, 41, 40, 202, 72, 72, 72, 255, 72, 72, 72, 255, 72, 72, 72, 255, 72, 72, 72, 255, 61, 58, 55, 223, 63, 59, 56, 255, 96, 56, 37, 191, 168, 55, 0, 255, 168, 56, 0, 255, 169, 57, 0, 255, 169, 58, 0, 255, 170, 58, 0, 255, 170, 59, 0, 255, 171, 60, 0, 255, 171, 60, 0, 255, 172, 61, 0, 255, 172, 62, 0, 255, 172, 62, 0, 255, 173, 63, 0, 255, 173, 64, 0, 255, 173, 64, 0, 255, 174, 65, 0, 255, 174, 65, 0, 255, 174, 65, 0, 255, 174, 66, 0, 255, 175, 66, 0, 255, 175, 66, 0, 255, 175, 66, 0, 255, 175, 67, 0, 255, 175, 67, 0, 255, 175, 67, 0, 255, 175, 66, 0, 255, 175, 66, 0, 255, 175, 66, 0, 255, 175, 66, 0, 255, 174, 66, 0, 255, 174, 65, 0, 255, 168, 105, 71, 255, 166, 126, 108, 255, 175, 137, 111, 196, 215, 186, 132, 255, 215, 186, 132, 255, 215, 186, 132, 255, 215, 186, 132, 255, 215, 186, 132, 255, 215, 186, 132, 255, 215, 186, 132, 255, 215, 186, 132, 255, 211, 182, 128, 251, 168, 146, 104, 210, 106, 94, 72, 192, 63, 56, 46, 207, 50, 46, 41, 249, 51, 47, 41, 255, 51, 47, 41, 255, 51, 47, 41, 255, 51, 47, 41, 255, 51, 47, 41, 255, 51, 47, 41, 255, 51, 47, 41, 255, 50, 46, 40, 241, 177, 71, 0, 255, 178, 71, 0, 255, 178, 71, 0, 255, 178, 71, 0, 255, 177, 71, 0, 255, 177, 70, 0, 255, 177, 70, 0, 255, 187, 97, 32, 213, 215, 186, 132, 255, 215, 186, 132, 255, 215, 186, 132, 255, 215, 186, 132, 255, 215, 186, 132, 255, 215, 186, 132, 255, 215, 186, 132, 255, 215, 186, 132, 255, 215, 186, 132, 255, 215, 186, 132, 255, 215, 186, 132, 255, 215, 186, 132, 255, 215, 186, 132, 255, 215, 186, 132, 255, 215, 186, 132, 255, 215, 186, 132, 255, 215, 186, 132, 255, 215, 186, 132, 255, 215, 186, 132, 255, 215, 186, 132, 255, 215, 186, 132, 255, 182, 82, 11, 206, 179, 72, 0, 255, 178, 72, 0, 255, 178, 71, 0, 255, 177, 70, 0, 255, 176, 69, 0, 255, 176, 68, 0, 255, 175, 67, 0, 255, 175, 66, 0, 255, 174, 65, 0, 255, 173, 64, 0, 255, 173, 63, 0, 255, 172, 62, 0, 255, 171, 61, 0, 255, 171, 60, 0, 255, 170, 59, 0, 255, 168, 58, 0, 44, 0, 0, 0, 0, 0, 0, 0, 0, 0, 0, 0, 0, 0, 0, 0, 0, 0, 0, 0, 0, 0, 0, 0, 0, 0, 0, 0, 0, 0, 0, 0, 0, 0, 0, 0, 0, 0, 0, 0, 0, 0, 0, 0, 0, 0, 0, 0, 0, 0, 0, 0, 0, 0, 0, 0, 0, 0, 0, 0, 0, 0, 0, 0, 0, 0, 0, 0, 0, 0, 0, 0, 0, 0, 0, 0, 0, 0, 0, 0, 0, 0, 0, 0, 0, 0, 0, 0, 0, 0, 0, 0, 0, 0, 0, 0, 0, 0, 0, 0, 0, 44, 44, 44, 93, 44, 44, 44, 255, 44, 44, 44, 255, 44, 44, 44, 255, 44, 44, 44, 255, 44, 44, 44, 255, 44, 44, 44, 255, 44, 44, 44, 255, 44, 44, 44, 255, 44, 44, 44, 255, 44, 44, 44, 255, 44, 44, 44, 255, 44, 44, 44, 255, 44, 44, 44, 255, 44, 44, 44, 255, 44, 44, 44, 255, 44, 44, 44, 255, 98, 74, 74, 193, 116, 85, 85, 255, 116, 85, 85, 255, 116, 85, 85, 255, 81, 68, 65, 192, 63, 59, 56, 255, 62, 58, 55, 237, 72, 72, 72, 255, 72, 72, 72, 255, 72, 72, 72, 255, 72, 72, 72, 255, 72, 72, 72, 255, 72, 72, 72, 255, 72, 72, 72, 255, 72, 72, 72, 255, 69, 68, 66, 214, 63, 59, 56, 255, 63, 59, 56, 255, 100, 76, 76, 213, 116, 85, 85, 255, 116, 85, 85, 255, 116, 85, 85, 255, 114, 84, 84, 254, 74, 71, 71, 217, 72, 72, 72, 255, 72, 72, 72, 255, 72, 72, 72, 255, 72, 72, 72, 255, 72, 72, 72, 255, 72, 72, 72, 255, 72, 72, 72, 255, 72, 72, 72, 255, 72, 72, 72, 255, 72, 72, 72, 255, 66, 63, 62, 193, 63, 59, 56, 255, 63, 59, 56, 255, 63, 59, 56, 255, 70, 68, 67, 223, 72, 72, 72, 255, 72, 72, 72, 255, 72, 72, 72, 255, 72, 72, 72, 255, 72, 72, 72, 255, 72, 72, 72, 255, 72, 72, 72, 255, 72, 72, 72, 255, 62, 58, 55, 206, 63, 59, 56, 255, 81, 57, 45, 195, 168, 55, 0, 255, 168, 55, 0, 255, 169, 56, 0, 255, 169, 57, 0, 255, 169, 58, 0, 255, 170, 58, 0, 255, 170, 59, 0, 255, 171, 60, 0, 255, 171, 60, 0, 255, 172, 61, 0, 255, 172, 62, 0, 255, 172, 62, 0, 255, 173, 63, 0, 255, 173, 63, 0, 255, 173, 64, 0, 255, 173, 64, 0, 255, 174, 65, 0, 255, 174, 65, 0, 255, 174, 65, 0, 255, 174, 65, 0, 255, 174, 66, 0, 255, 174, 66, 0, 255, 174, 66, 0, 255, 174, 66, 0, 255, 174, 66, 0, 255, 174, 65, 0, 255, 174, 65, 0, 255, 174, 65, 0, 255, 174, 65, 0, 255, 174, 64, 0, 255, 172, 65, 2, 255, 167, 110, 81, 255, 166, 126, 108, 255, 200, 166, 124, 207, 215, 186, 132, 255, 215, 186, 132, 255, 215, 186, 132, 255, 215, 186, 132, 255, 215, 186, 132, 255, 215, 186, 132, 255, 84, 73, 59, 195, 51, 47, 40, 245, 51, 47, 41, 255, 51, 47, 41, 255, 51, 47, 41, 255, 51, 47, 41, 255, 51, 47, 41, 255, 51, 47, 41, 255, 51, 47, 41, 255, 51, 47, 41, 255, 51, 47, 41, 255, 51, 47, 41, 255, 51, 47, 41, 255, 60, 46, 37, 209, 177, 70, 0, 255, 177, 70, 0, 255, 177, 70, 0, 255, 177, 69, 0, 255, 177, 69, 0, 255, 176, 69, 0, 255, 176, 68, 0, 255, 184, 92, 28, 218, 215, 186, 132, 255, 215, 186, 132, 255, 215, 186, 132, 255, 215, 186, 132, 255, 215, 186, 132, 255, 215, 186, 132, 255, 215, 186, 132, 255, 215, 186, 132, 255, 215, 186, 132, 255, 215, 186, 132, 255, 215, 186, 132, 255, 215, 186, 132, 255, 215, 186, 132, 255, 215, 186, 132, 255, 215, 186, 132, 255, 215, 186, 132, 255, 215, 186, 132, 255, 215, 186, 132, 255, 215, 186, 132, 255, 215, 186, 132, 255, 215, 186, 132, 255, 182, 82, 11, 205, 178, 71, 0, 255, 178, 71, 0, 255, 177, 70, 0, 255, 177, 69, 0, 255, 176, 68, 0, 255, 175, 67, 0, 255, 175, 66, 0, 255, 174, 66, 0, 255, 174, 65, 0, 255, 173, 64, 0, 255, 173, 63, 0, 255, 172, 62, 0, 255, 171, 60, 0, 255, 171, 59, 0, 255, 170, 58, 0, 255, 168, 55, 0, 129, 0, 0, 0, 0, 0, 0, 0, 0, 0, 0, 0, 0, 0, 0, 0, 0, 0, 0, 0, 0, 0, 0, 0, 0, 0, 0, 0, 0, 0, 0, 0, 0, 0, 0, 0, 0, 0, 0, 0, 0, 0, 0, 0, 0, 0, 0, 0, 0, 0, 0, 0, 0, 0, 0, 0, 0, 0, 0, 0, 0, 0, 0, 0, 0, 0, 0, 0, 0, 0, 0, 0, 0, 0, 0, 0, 0, 0, 0, 0, 0, 0, 0, 0, 0, 0, 0, 0, 0, 0, 0, 0, 0, 0, 0, 0, 0, 0, 0, 0, 0, 44, 44, 44, 87, 44, 44, 44, 255, 44, 44, 44, 255, 44, 44, 44, 255, 44, 44, 44, 255, 44, 44, 44, 255, 44, 44, 44, 255, 44, 44, 44, 255, 44, 44, 44, 255, 44, 44, 44, 255, 44, 44, 44, 255, 44, 44, 44, 255, 44, 44, 44, 255, 44, 44, 44, 255, 44, 44, 44, 255, 44, 44, 44, 255, 44, 44, 44, 255, 95, 72, 72, 193, 116, 85, 85, 255, 116, 85, 85, 255, 116, 85, 85, 255, 78, 65, 64, 192, 63, 59, 56, 255, 61, 58, 55, 223, 72, 72, 72, 255, 72, 72, 72, 255, 72, 72, 72, 255, 72, 72, 72, 255, 72, 72, 72, 255, 72, 72, 72, 255, 72, 72, 72, 255, 72, 72, 72, 255, 66, 64, 63, 195, 63, 59, 56, 255, 62, 58, 55, 245, 113, 84, 84, 252, 116, 85, 85, 255, 116, 85, 85, 255, 116, 85, 85, 255, 95, 78, 78, 196, 72, 72, 72, 255, 72, 72, 72, 255, 72, 72, 72, 255, 72, 72, 72, 255, 72, 72, 72, 255, 72, 72, 72, 255, 72, 72, 72, 255, 72, 72, 72, 255, 72, 72, 72, 255, 72, 72, 72, 255, 72, 72, 72, 255, 62, 59, 56, 212, 63, 59, 56, 255, 63, 59, 56, 255, 62, 59, 56, 208, 72, 72, 72, 255, 72, 72, 72, 255, 72, 72, 72, 255, 72, 72, 72, 255, 72, 72, 72, 255, 72, 72, 72, 255, 72, 72, 72, 255, 72, 72, 72, 255, 72, 72, 72, 255, 64, 61, 58, 196, 63, 59, 56, 255, 71, 58, 50, 207, 167, 55, 0, 255, 168, 55, 0, 255, 168, 56, 0, 255, 169, 56, 0, 255, 169, 57, 0, 255, 170, 58, 0, 255, 170, 58, 0, 255, 170, 59, 0, 255, 171, 60, 0, 255, 171, 60, 0, 255, 171, 61, 0, 255, 172, 61, 0, 255, 172, 62, 0, 255, 172, 62, 0, 255, 173, 63, 0, 255, 173, 63, 0, 255, 173, 64, 0, 255, 173, 64, 0, 255, 174, 64, 0, 255, 174, 64, 0, 255, 174, 65, 0, 255, 174, 65, 0, 255, 174, 65, 0, 255, 174, 65, 0, 255, 174, 65, 0, 255, 174, 64, 0, 255, 174, 64, 0, 255, 173, 64, 0, 255, 173, 64, 0, 255, 173, 63, 0, 255, 173, 63, 0, 255, 172, 66, 6, 255, 167, 115, 89, 255, 167, 126, 108, 222, 214, 184, 131, 250, 215, 186, 132, 255, 215, 186, 132, 255, 215, 186, 132, 255, 215, 186, 132, 255, 215, 186, 132, 255, 56, 51, 43, 217, 51, 47, 41, 255, 51, 47, 41, 255, 51, 47, 41, 255, 51, 47, 41, 255, 51, 47, 41, 255, 51, 47, 41, 255, 51, 47, 41, 255, 51, 47, 41, 255, 51, 47, 41, 255, 51, 47, 41, 255, 51, 47, 41, 255, 51, 47, 41, 255, 78, 51, 31, 193, 176, 69, 0, 255, 176, 69, 0, 255, 176, 68, 0, 255, 176, 68, 0, 255, 176, 68, 0, 255, 175, 67, 0, 255, 175, 67, 0, 255, 182, 86, 23, 222, 215, 186, 132, 255, 215, 186, 132, 255, 215, 186, 132, 255, 215, 186, 132, 255, 215, 186, 132, 255, 215, 186, 132, 255, 215, 186, 132, 255, 215, 186, 132, 255, 215, 186, 132, 255, 215, 186, 132, 255, 215, 186, 132, 255, 215, 186, 132, 255, 215, 186, 132, 255, 215, 186, 132, 255, 215, 186, 132, 255, 215, 186, 132, 255, 215, 186, 132, 255, 215, 186, 132, 255, 215, 186, 132, 255, 215, 186, 132, 255, 215, 186, 132, 255, 179, 75, 3, 218, 177, 70, 0, 255, 177, 70, 0, 255, 177, 69, 0, 255, 176, 68, 0, 255, 176, 68, 0, 255, 175, 67, 0, 255, 175, 66, 0, 255, 174, 65, 0, 255, 173, 64, 0, 255, 173, 63, 0, 255, 172, 62, 0, 255, 172, 61, 0, 255, 171, 60, 0, 255, 170, 59, 0, 255, 170, 58, 0, 255, 169, 56, 0, 209, 0, 0, 0, 0, 0, 0, 0, 0, 0, 0, 0, 0, 0, 0, 0, 0, 0, 0, 0, 0, 0, 0, 0, 0, 0, 0, 0, 0, 0, 0, 0, 0, 0, 0, 0, 0, 0, 0, 0, 0, 0, 0, 0, 0, 0, 0, 0, 0, 0, 0, 0, 0, 0, 0, 0, 0, 0, 0, 0, 0, 0, 0, 0, 0, 0, 0, 0, 0, 0, 0, 0, 0, 0, 0, 0, 0, 0, 0, 0, 0, 0, 0, 0, 0, 0, 0, 0, 0, 0, 0, 0, 0, 0, 0, 0, 0, 0, 0, 0, 0, 41, 41, 41, 74, 44, 44, 44, 255, 44, 44, 44, 250, 40, 39, 39, 207, 43, 43, 43, 247, 44, 44, 44, 255, 44, 44, 44, 255, 44, 44, 44, 255, 44, 44, 44, 255, 44, 44, 44, 255, 44, 44, 44, 255, 44, 44, 44, 255, 44, 44, 44, 255, 44, 44, 44, 255, 44, 44, 44, 255, 44, 44, 44, 255, 44, 44, 44, 255, 94, 72, 72, 192, 116, 85, 85, 255, 116, 85, 85, 255, 116, 85, 85, 255, 78, 66, 64, 192, 63, 59, 56, 255, 61, 58, 55, 211, 72, 72, 72, 255, 72, 72, 72, 255, 72, 72, 72, 255, 72, 72, 72, 255, 72, 72, 72, 255, 72, 72, 72, 255, 72, 72, 72, 255, 72, 72, 72, 255, 63, 61, 58, 193, 63, 59, 56, 255, 67, 61, 58, 205, 116, 85, 85, 255, 116, 85, 85, 255, 116, 85, 85, 255, 113, 84, 84, 252, 71, 71, 71, 228, 72, 72, 72, 255, 72, 72, 72, 255, 72, 72, 72, 255, 72, 72, 72, 255, 72, 72, 72, 255, 72, 72, 72, 255, 72, 72, 72, 255, 72, 72, 72, 255, 72, 72, 72, 255, 72, 72, 72, 255, 68, 68, 67, 223, 63, 59, 56, 255, 63, 59, 56, 255, 63, 59, 56, 255, 66, 63, 62, 197, 72, 72, 72, 255, 72, 72, 72, 255, 72, 72, 72, 255, 72, 72, 72, 255, 72, 72, 72, 255, 72, 72, 72, 255, 72, 72, 72, 255, 72, 72, 72, 255, 72, 72, 72, 255, 63, 61, 58, 193, 63, 59, 56, 255, 68, 57, 52, 210, 167, 55, 0, 255, 167, 55, 0, 255, 168, 55, 0, 255, 168, 56, 0, 255, 169, 56, 0, 255, 169, 57, 0, 255, 170, 58, 0, 255, 170, 58, 0, 255, 170, 59, 0, 255, 171, 60, 0, 255, 171, 60, 0, 255, 171, 61, 0, 255, 172, 61, 0, 255, 172, 62, 0, 255, 172, 62, 0, 255, 172, 62, 0, 255, 173, 63, 0, 255, 173, 63, 0, 255, 173, 63, 0, 255, 173, 64, 0, 255, 173, 64, 0, 255, 173, 64, 0, 255, 173, 64, 0, 255, 173, 64, 0, 255, 173, 64, 0, 255, 173, 64, 0, 255, 173, 63, 0, 255, 173, 63, 0, 255, 173, 63, 0, 255, 172, 63, 0, 255, 172, 62, 0, 255, 172, 62, 0, 255, 167, 77, 30, 255, 166, 126, 108, 255, 209, 178, 129, 230, 215, 186, 132, 255, 215, 186, 132, 255, 215, 186, 132, 255, 215, 186, 132, 255, 215, 186, 132, 255, 56, 51, 43, 217, 51, 47, 41, 255, 51, 47, 41, 255, 51, 47, 41, 255, 51, 47, 41, 255, 51, 47, 41, 255, 51, 47, 41, 255, 51, 47, 41, 255, 51, 47, 41, 255, 51, 47, 41, 255, 51, 47, 41, 255, 51, 47, 41, 255, 51, 47, 41, 255, 109, 55, 21, 194, 175, 67, 0, 255, 175, 67, 0, 255, 175, 67, 0, 255, 175, 67, 0, 255, 175, 66, 0, 255, 174, 66, 0, 255, 174, 65, 0, 255, 182, 86, 23, 222, 215, 186, 132, 255, 215, 186, 132, 255, 215, 186, 132, 255, 215, 186, 132, 255, 215, 186, 132, 255, 215, 186, 132, 255, 215, 186, 132, 255, 215, 186, 132, 255, 215, 186, 132, 255, 215, 186, 132, 255, 215, 186, 132, 255, 215, 186, 132, 255, 215, 186, 132, 255, 215, 186, 132, 255, 215, 186, 132, 255, 215, 186, 132, 255, 215, 186, 132, 255, 215, 186, 132, 255, 215, 186, 132, 255, 215, 186, 132, 255, 215, 186, 132, 255, 178, 70, 0, 237, 177, 69, 0, 255, 176, 69, 0, 255, 176, 68, 0, 255, 176, 68, 0, 255, 175, 67, 0, 255, 175, 66, 0, 255, 174, 65, 0, 255, 174, 64, 0, 255, 173, 64, 0, 255, 173, 63, 0, 255, 172, 62, 0, 255, 171, 61, 0, 255, 171, 60, 0, 255, 170, 59, 0, 255, 170, 58, 0, 255, 169, 57, 0, 255, 170, 54, 0, 33, 0, 0, 0, 0, 0, 0, 0, 0, 0, 0, 0, 0, 0, 0, 0, 0, 0, 0, 0, 0, 0, 0, 0, 0, 0, 0, 0, 0, 0, 0, 0, 0, 0, 0, 0, 0, 0, 0, 0, 0, 0, 0, 0, 0, 0, 0, 0, 0, 0, 0, 0, 0, 0, 0, 0, 0, 0, 0, 0, 0, 0, 0, 0, 0, 0, 0, 0, 0, 0, 0, 0, 0, 0, 0, 0, 0, 0, 0, 0, 0, 0, 0, 0, 0, 0, 0, 0, 0, 0, 0, 0, 0, 0, 0, 0, 0, 42, 42, 42, 54, 44, 44, 44, 255, 43, 43, 43, 241, 16, 15, 13, 255, 15, 14, 12, 251, 23, 21, 20, 211, 32, 32, 30, 192, 40, 40, 39, 203, 43, 43, 43, 241, 44, 44, 44, 255, 44, 44, 44, 255, 44, 44, 44, 255, 44, 44, 44, 255, 44, 44, 44, 255, 44, 44, 44, 255, 44, 44, 44, 255, 44, 44, 44, 255, 89, 69, 69, 192, 116, 85, 85, 255, 116, 85, 85, 255, 116, 85, 85, 255, 77, 65, 62, 192, 63, 59, 56, 255, 63, 59, 57, 202, 72, 72, 72, 255, 72, 72, 72, 255, 72, 72, 72, 255, 72, 72, 72, 255, 72, 72, 72, 255, 72, 72, 72, 255, 72, 72, 72, 255, 72, 72, 72, 255, 61, 58, 55, 211, 63, 59, 56, 255, 81, 68, 65, 192, 116, 85, 85, 255, 116, 85, 85, 255, 116, 85, 85, 255, 96, 78, 78, 198, 72, 72, 72, 255, 72, 72, 72, 255, 72, 72, 72, 255, 72, 72, 72, 255, 72, 72, 72, 255, 72, 72, 72, 255, 72, 72, 72, 255, 72, 72, 72, 255, 72, 72, 72, 255, 72, 72, 72, 255, 72, 72, 72, 255, 64, 61, 60, 192, 63, 59, 56, 255, 63, 59, 56, 255, 62, 58, 55, 238, 70, 70, 69, 249, 72, 72, 72, 255, 72, 72, 72, 255, 72, 72, 72, 255, 72, 72, 72, 255, 72, 72, 72, 255, 72, 72, 72, 255, 72, 72, 72, 255, 72, 72, 72, 255, 72, 72, 72, 255, 65, 62, 60, 192, 63, 59, 56, 255, 67, 57, 51, 212, 166, 55, 0, 255, 167, 55, 0, 255, 167, 55, 0, 255, 168, 55, 0, 255, 168, 56, 0, 255, 169, 56, 0, 255, 169, 57, 0, 255, 169, 58, 0, 255, 170, 58, 0, 255, 170, 59, 0, 255, 171, 59, 0, 255, 171, 60, 0, 255, 171, 60, 0, 255, 171, 61, 0, 255, 172, 61, 0, 255, 172, 62, 0, 255, 172, 62, 0, 255, 172, 62, 0, 255, 172, 62, 0, 255, 173, 63, 0, 255, 173, 63, 0, 255, 173, 63, 0, 255, 173, 63, 0, 255, 173, 63, 0, 255, 173, 63, 0, 255, 173, 63, 0, 255, 172, 62, 0, 255, 172, 62, 0, 255, 172, 62, 0, 255, 172, 62, 0, 255, 172, 61, 0, 255, 171, 61, 0, 255, 154, 83, 51, 255, 166, 125, 108, 246, 214, 185, 131, 255, 215, 186, 132, 255, 215, 186, 132, 255, 215, 186, 132, 255, 215, 186, 132, 255, 215, 186, 132, 255, 56, 51, 43, 217, 51, 47, 41, 255, 51, 47, 41, 255, 51, 47, 41, 255, 51, 47, 41, 255, 51, 47, 41, 255, 51, 47, 41, 255, 51, 47, 41, 255, 51, 47, 41, 255, 51, 47, 41, 255, 51, 47, 41, 255, 51, 47, 41, 255, 51, 47, 41, 255, 142, 59, 10, 212, 174, 66, 0, 255, 174, 66, 0, 255, 174, 65, 0, 255, 174, 65, 0, 255, 174, 65, 0, 255, 174, 64, 0, 255, 173, 64, 0, 255, 185, 97, 35, 210, 215, 186, 132, 255, 215, 186, 132, 255, 215, 186, 132, 255, 215, 186, 132, 255, 215, 186, 132, 255, 215, 186, 132, 255, 215, 186, 132, 255, 215, 186, 132, 255, 215, 186, 132, 255, 215, 186, 132, 255, 215, 186, 132, 255, 215, 186, 132, 255, 215, 186, 132, 255, 215, 186, 132, 255, 215, 186, 132, 255, 215, 186, 132, 255, 215, 186, 132, 255, 215, 186, 132, 255, 215, 186, 132, 255, 215, 186, 132, 255, 214, 183, 127, 251, 176, 68, 0, 255, 176, 68, 0, 255, 176, 68, 0, 255, 175, 67, 0, 255, 175, 66, 0, 255, 174, 66, 0, 255, 174, 65, 0, 255, 174, 64, 0, 255, 173, 64, 0, 255, 173, 63, 0, 255, 172, 62, 0, 255, 172, 61, 0, 255, 171, 60, 0, 255, 170, 59, 0, 255, 170, 58, 0, 255, 169, 57, 0, 255, 169, 56, 0, 255, 168, 55, 0, 111, 0, 0, 0, 0, 0, 0, 0, 0, 0, 0, 0, 0, 0, 0, 0, 0, 0, 0, 0, 0, 0, 0, 0, 0, 0, 0, 0, 0, 0, 0, 0, 0, 0, 0, 0, 0, 0, 0, 0, 0, 0, 0, 0, 0, 0, 0, 0, 0, 0, 0, 0, 0, 0, 0, 0, 0, 0, 0, 0, 0, 0, 0, 0, 0, 0, 0, 0, 0, 0, 0, 0, 0, 0, 0, 0, 0, 0, 0, 0, 0, 0, 0, 0, 0, 0, 0, 0, 0, 0, 0, 0, 0, 0, 0, 0, 0, 42, 42, 42, 12, 44, 44, 44, 255, 43, 43, 43, 241, 16, 15, 13, 255, 16, 15, 13, 255, 16, 15, 13, 255, 16, 15, 13, 255, 16, 15, 13, 255, 14, 13, 11, 254, 43, 43, 43, 232, 44, 44, 44, 255, 44, 44, 44, 255, 44, 44, 44, 255, 44, 44, 44, 255, 44, 44, 44, 255, 44, 44, 44, 255, 44, 44, 44, 255, 83, 65, 65, 194, 116, 85, 85, 255, 116, 85, 85, 255, 116, 85, 85, 255, 76, 65, 62, 192, 63, 59, 56, 255, 64, 60, 57, 200, 72, 72, 72, 255, 72, 72, 72, 255, 72, 72, 72, 255, 72, 72, 72, 255, 72, 72, 72, 255, 72, 72, 72, 255, 72, 72, 72, 255, 71, 71, 71, 255, 62, 58, 55, 244, 63, 59, 56, 255, 98, 76, 76, 208, 116, 85, 85, 255, 116, 85, 85, 255, 116, 85, 85, 255, 74, 72, 72, 209, 72, 72, 72, 255, 72, 72, 72, 255, 72, 72, 72, 255, 72, 72, 72, 255, 72, 72, 72, 255, 72, 72, 72, 255, 72, 72, 72, 255, 72, 72, 72, 255, 72, 72, 72, 255, 72, 72, 72, 255, 71, 71, 71, 255, 62, 59, 56, 228, 63, 59, 56, 255, 63, 59, 56, 255, 64, 61, 60, 192, 72, 72, 72, 255, 72, 72, 72, 255, 72, 72, 72, 255, 72, 72, 72, 255, 72, 72, 72, 255, 72, 72, 72, 255, 72, 72, 72, 255, 72, 72, 72, 255, 72, 72, 72, 255, 72, 72, 72, 255, 65, 62, 60, 192, 63, 59, 56, 255, 67, 57, 52, 211, 166, 55, 0, 255, 166, 55, 0, 255, 167, 55, 0, 255, 167, 55, 0, 255, 168, 55, 0, 255, 168, 56, 0, 255, 169, 56, 0, 255, 169, 57, 0, 255, 169, 57, 0, 255, 170, 58, 0, 255, 170, 59, 0, 255, 170, 59, 0, 255, 171, 59, 0, 255, 171, 60, 0, 255, 171, 60, 0, 255, 171, 61, 0, 255, 172, 61, 0, 255, 172, 61, 0, 255, 172, 61, 0, 255, 172, 62, 0, 255, 172, 62, 0, 255, 172, 62, 0, 255, 172, 62, 0, 255, 172, 62, 0, 255, 172, 62, 0, 255, 172, 62, 0, 255, 172, 62, 0, 255, 172, 61, 0, 255, 172, 61, 0, 255, 171, 61, 0, 255, 171, 60, 0, 255, 167, 60, 2, 255, 145, 88, 67, 255, 167, 128, 109, 218, 215, 186, 132, 255, 215, 186, 132, 255, 215, 186, 132, 255, 215, 186, 132, 255, 215, 186, 132, 255, 215, 186, 132, 255, 66, 60, 49, 203, 52, 48, 42, 228, 52, 48, 42, 228, 52, 48, 42, 228, 52, 48, 42, 228, 52, 48, 42, 228, 53, 48, 41, 227, 51, 47, 40, 227, 51, 47, 40, 227, 51, 47, 40, 227, 51, 47, 40, 227, 51, 47, 40, 227, 51, 47, 40, 228, 167, 64, 2, 244, 174, 64, 0, 255, 173, 64, 0, 255, 173, 64, 0, 255, 173, 64, 0, 255, 173, 63, 0, 255, 173, 63, 0, 255, 172, 63, 0, 255, 188, 109, 50, 201, 215, 186, 132, 255, 215, 186, 132, 255, 215, 186, 132, 255, 215, 186, 132, 255, 215, 186, 132, 255, 215, 186, 132, 255, 215, 186, 132, 255, 215, 186, 132, 255, 215, 186, 132, 255, 215, 186, 132, 255, 215, 186, 132, 255, 215, 186, 132, 255, 215, 186, 132, 255, 215, 186, 132, 255, 215, 186, 132, 255, 215, 186, 132, 255, 215, 186, 132, 255, 215, 186, 132, 255, 215, 186, 132, 255, 215, 186, 132, 255, 210, 170, 114, 230, 175, 67, 0, 255, 175, 67, 0, 255, 175, 66, 0, 255, 175, 66, 0, 255, 174, 65, 0, 255, 174, 65, 0, 255, 173, 64, 0, 255, 173, 64, 0, 255, 173, 63, 0, 255, 172, 62, 0, 255, 172, 61, 0, 255, 171, 60, 0, 255, 171, 59, 0, 255, 170, 59, 0, 255, 170, 58, 0, 255, 169, 57, 0, 255, 168, 56, 0, 255, 168, 55, 0, 190, 0, 0, 0, 0, 0, 0, 0, 0, 0, 0, 0, 0, 0, 0, 0, 0, 0, 0, 0, 0, 0, 0, 0, 0, 0, 0, 0, 0, 0, 0, 0, 0, 0, 0, 0, 0, 0, 0, 0, 0, 0, 0, 0, 0, 0, 0, 0, 0, 0, 0, 0, 0, 0, 0, 0, 0, 0, 0, 0, 0, 0, 0, 0, 0, 0, 0, 0, 0, 0, 0, 0, 0, 0, 0, 0, 0, 0, 0, 0, 0, 0, 0, 0, 0, 0, 0, 0, 0, 0, 0, 0, 0, 0, 0, 0, 0, 0, 0, 0, 0, 43, 43, 43, 222, 43, 43, 43, 241, 16, 15, 13, 255, 16, 15, 13, 255, 16, 15, 13, 255, 16, 15, 13, 255, 16, 15, 13, 255, 19, 19, 17, 220, 44, 44, 44, 255, 44, 44, 44, 255, 44, 44, 44, 255, 44, 44, 44, 255, 44, 44, 44, 255, 44, 44, 44, 255, 44, 44, 44, 255, 44, 44, 44, 255, 76, 62, 62, 198, 116, 85, 85, 255, 116, 85, 85, 255, 116, 85, 85, 255, 74, 64, 62, 193, 63, 59, 56, 255, 63, 59, 57, 205, 72, 72, 72, 255, 72, 72, 72, 255, 72, 72, 72, 255, 72, 72, 72, 255, 72, 72, 72, 255, 72, 72, 72, 255, 72, 72, 72, 255, 68, 68, 67, 223, 63, 59, 56, 255, 62, 58, 55, 250, 113, 83, 83, 248, 116, 85, 85, 255, 116, 85, 85, 255, 105, 82, 82, 218, 72, 72, 72, 255, 72, 72, 72, 255, 72, 72, 72, 255, 72, 72, 72, 255, 72, 72, 72, 255, 72, 72, 72, 255, 72, 72, 72, 255, 72, 72, 72, 255, 72, 72, 72, 255, 72, 72, 72, 255, 72, 72, 72, 255, 68, 67, 66, 208, 63, 59, 56, 255, 63, 59, 56, 255, 62, 59, 56, 242, 70, 70, 70, 240, 72, 72, 72, 255, 72, 72, 72, 255, 72, 72, 72, 255, 72, 72, 72, 255, 72, 72, 72, 255, 72, 72, 72, 255, 72, 72, 72, 255, 72, 72, 72, 255, 72, 72, 72, 255, 72, 72, 72, 255, 65, 62, 60, 192, 63, 59, 56, 255, 75, 57, 48, 200, 165, 55, 0, 255, 166, 55, 0, 255, 166, 55, 0, 255, 167, 55, 0, 255, 167, 55, 0, 255, 168, 55, 0, 255, 168, 56, 0, 255, 169, 56, 0, 255, 169, 57, 0, 255, 169, 57, 0, 255, 170, 58, 0, 255, 170, 58, 0, 255, 170, 59, 0, 255, 170, 59, 0, 255, 171, 59, 0, 255, 171, 60, 0, 255, 171, 60, 0, 255, 171, 60, 0, 255, 171, 60, 0, 255, 171, 61, 0, 255, 171, 61, 0, 255, 171, 61, 0, 255, 171, 61, 0, 255, 171, 61, 0, 255, 171, 61, 0, 255, 171, 61, 0, 255, 171, 60, 0, 255, 171, 60, 0, 255, 171, 60, 0, 255, 171, 60, 0, 255, 171, 59, 0, 255, 148, 64, 23, 255, 153, 105, 86, 255, 173, 135, 110, 199, 215, 186, 132, 255, 215, 186, 132, 255, 215, 186, 132, 255, 215, 186, 132, 255, 215, 186, 132, 255, 215, 186, 132, 255, 215, 186, 132, 255, 215, 186, 132, 255, 215, 186, 132, 255, 215, 186, 132, 255, 215, 186, 132, 255, 215, 186, 132, 255, 209, 167, 113, 197, 173, 63, 0, 255, 173, 63, 0, 255, 173, 63, 0, 255, 173, 63, 0, 255, 173, 63, 0, 255, 173, 63, 0, 255, 173, 63, 0, 255, 173, 63, 0, 255, 173, 63, 0, 255, 172, 62, 0, 255, 172, 62, 0, 255, 172, 62, 0, 255, 172, 61, 0, 255, 172, 61, 0, 255, 194, 122, 66, 195, 215, 186, 132, 255, 215, 186, 132, 255, 215, 186, 132, 255, 215, 186, 132, 255, 215, 186, 132, 255, 215, 186, 132, 255, 215, 186, 132, 255, 215, 186, 132, 255, 215, 186, 132, 255, 215, 186, 132, 255, 215, 186, 132, 255, 215, 186, 132, 255, 215, 186, 132, 255, 215, 186, 132, 255, 215, 186, 132, 255, 215, 186, 132, 255, 215, 186, 132, 255, 215, 186, 132, 255, 215, 186, 132, 255, 215, 186, 132, 255, 205, 155, 98, 213, 174, 66, 0, 255, 174, 65, 0, 255, 174, 65, 0, 255, 174, 65, 0, 255, 174, 64, 0, 255, 173, 64, 0, 255, 173, 63, 0, 255, 172, 63, 0, 255, 172, 62, 0, 255, 172, 61, 0, 255, 171, 60, 0, 255, 171, 60, 0, 255, 170, 59, 0, 255, 170, 58, 0, 255, 169, 57, 0, 255, 169, 56, 0, 255, 168, 55, 0, 255, 167, 54, 0, 236, 255, 0, 0, 1, 0, 0, 0, 0, 0, 0, 0, 0, 0, 0, 0, 0, 0, 0, 0, 0, 0, 0, 0, 0, 0, 0, 0, 0, 0, 0, 0, 0, 0, 0, 0, 0, 0, 0, 0, 0, 0, 0, 0, 0, 0, 0, 0, 0, 0, 0, 0, 0, 0, 0, 0, 0, 0, 0, 0, 0, 0, 0, 0, 0, 0, 0, 0, 0, 0, 0, 0, 0, 0, 0, 0, 0, 0, 0, 0, 0, 0, 0, 0, 0, 0, 0, 0, 0, 0, 0, 0, 0, 0, 0, 0, 0, 0, 0, 0, 0, 43, 43, 43, 160, 44, 44, 44, 255, 38, 36, 36, 195, 17, 16, 14, 231, 16, 15, 13, 255, 16, 15, 13, 255, 16, 15, 13, 255, 32, 32, 30, 192, 44, 44, 44, 255, 44, 44, 44, 255, 44, 44, 44, 255, 44, 44, 44, 255, 44, 44, 44, 255, 44, 44, 44, 255, 44, 44, 44, 255, 44, 44, 44, 255, 64, 54, 54, 210, 116, 85, 85, 255, 116, 85, 85, 255, 116, 85, 85, 255, 73, 64, 62, 194, 63, 59, 56, 255, 62, 58, 56, 213, 72, 72, 72, 255, 72, 72, 72, 255, 72, 72, 72, 255, 72, 72, 72, 255, 72, 72, 72, 255, 72, 72, 72, 255, 72, 72, 72, 255, 67, 65, 64, 198, 63, 59, 56, 255, 64, 58, 55, 217, 116, 85, 85, 255, 116, 85, 85, 255, 116, 85, 85, 255, 80, 73, 73, 195, 72, 72, 72, 255, 72, 72, 72, 255, 72, 72, 72, 255, 72, 72, 72, 255, 72, 72, 72, 255, 72, 72, 72, 255, 72, 72, 72, 255, 72, 72, 72, 255, 72, 72, 72, 255, 72, 72, 72, 255, 72, 72, 72, 255, 64, 60, 57, 200, 63, 59, 56, 255, 63, 59, 56, 255, 65, 62, 60, 192, 72, 72, 72, 255, 72, 72, 72, 255, 72, 72, 72, 255, 72, 72, 72, 255, 72, 72, 72, 255, 72, 72, 72, 255, 72, 72, 72, 255, 72, 72, 72, 255, 72, 72, 72, 255, 72, 72, 72, 255, 72, 72, 72, 255, 65, 62, 60, 192, 63, 59, 56, 255, 86, 57, 42, 192, 165, 55, 0, 255, 165, 55, 0, 255, 166, 55, 0, 255, 166, 55, 0, 255, 167, 55, 0, 255, 167, 55, 0, 255, 168, 55, 0, 255, 168, 55, 0, 255, 168, 56, 0, 255, 169, 56, 0, 255, 169, 57, 0, 255, 169, 57, 0, 255, 170, 58, 0, 255, 170, 58, 0, 255, 170, 59, 0, 255, 170, 59, 0, 255, 170, 59, 0, 255, 171, 59, 0, 255, 171, 60, 0, 255, 171, 60, 0, 255, 171, 60, 0, 255, 171, 60, 0, 255, 171, 60, 0, 255, 171, 60, 0, 255, 171, 60, 0, 255, 171, 60, 0, 255, 171, 60, 0, 255, 171, 59, 0, 255, 170, 59, 0, 255, 170, 59, 0, 255, 170, 59, 0, 255, 129, 55, 24, 255, 164, 123, 105, 255, 181, 144, 114, 192, 215, 186, 132, 255, 215, 186, 132, 255, 215, 186, 132, 255, 215, 186, 132, 255, 215, 186, 132, 255, 215, 186, 132, 255, 215, 186, 132, 255, 215, 186, 132, 255, 215, 186, 132, 255, 215, 186, 132, 255, 215, 186, 132, 255, 215, 186, 132, 255, 209, 167, 113, 197, 172, 62, 0, 255, 172, 62, 0, 255, 172, 62, 0, 255, 172, 62, 0, 255, 172, 62, 0, 255, 172, 62, 0, 255, 172, 62, 0, 255, 172, 61, 0, 255, 172, 61, 0, 255, 172, 61, 0, 255, 171, 61, 0, 255, 171, 60, 0, 255, 171, 60, 0, 255, 171, 60, 0, 255, 198, 136, 81, 191, 215, 186, 132, 255, 215, 186, 132, 255, 215, 186, 132, 255, 215, 186, 132, 255, 215, 186, 132, 255, 215, 186, 132, 255, 215, 186, 132, 255, 215, 186, 132, 255, 215, 186, 132, 255, 215, 186, 132, 255, 215, 186, 132, 255, 215, 186, 132, 255, 215, 186, 132, 255, 215, 186, 132, 255, 215, 186, 132, 255, 215, 186, 132, 255, 215, 186, 132, 255, 215, 186, 132, 255, 215, 186, 132, 255, 215, 186, 132, 255, 199, 138, 80, 201, 174, 64, 0, 255, 173, 64, 0, 255, 173, 64, 0, 255, 173, 64, 0, 255, 173, 63, 0, 255, 173, 63, 0, 255, 172, 62, 0, 255, 172, 62, 0, 255, 171, 61, 0, 255, 171, 60, 0, 255, 171, 59, 0, 255, 170, 59, 0, 255, 170, 58, 0, 255, 169, 57, 0, 255, 169, 56, 0, 255, 168, 56, 0, 255, 168, 55, 0, 255, 168, 53, 0, 114, 0, 0, 0, 0, 0, 0, 0, 0, 0, 0, 0, 0, 0, 0, 0, 0, 0, 0, 0, 0, 0, 0, 0, 0, 0, 0, 0, 0, 0, 0, 0, 0, 0, 0, 0, 0, 0, 0, 0, 0, 0, 0, 0, 0, 0, 0, 0, 0, 0, 0, 0, 0, 0, 0, 0, 0, 0, 0, 0, 0, 0, 0, 0, 0, 0, 0, 0, 0, 0, 0, 0, 0, 0, 0, 0, 0, 0, 0, 0, 0, 0, 0, 0, 0, 0, 0, 0, 0, 0, 0, 0, 0, 0, 0, 0, 0, 0, 0, 0, 0, 44, 44, 44, 81, 44, 44, 44, 255, 44, 44, 44, 255, 43, 43, 43, 247, 34, 34, 33, 192, 16, 15, 13, 242, 16, 15, 13, 255, 40, 39, 39, 207, 44, 44, 44, 255, 44, 44, 44, 255, 44, 44, 44, 255, 44, 44, 44, 255, 44, 44, 44, 255, 44, 44, 44, 255, 44, 44, 44, 255, 44, 44, 44, 255, 51, 47, 47, 233, 116, 85, 85, 255, 116, 85, 85, 255, 116, 85, 85, 255, 77, 64, 62, 192, 63, 59, 56, 255, 61, 58, 55, 223, 72, 72, 72, 255, 72, 72, 72, 255, 72, 72, 72, 255, 72, 72, 72, 255, 72, 72, 72, 255, 72, 72, 72, 255, 72, 72, 72, 255, 64, 61, 58, 192, 63, 59, 56, 255, 71, 62, 59, 197, 116, 85, 85, 255, 116, 85, 85, 255, 112, 83, 83, 240, 71, 71, 71, 247, 72, 72, 72, 255, 72, 72, 72, 255, 72, 72, 72, 255, 72, 72, 72, 255, 72, 72, 72, 255, 72, 72, 72, 255, 72, 72, 72, 255, 72, 72, 72, 255, 72, 72, 72, 255, 72, 72, 72, 255, 68, 67, 67, 224, 62, 58, 55, 254, 63, 59, 56, 255, 63, 58, 56, 227, 71, 71, 71, 248, 72, 72, 72, 255, 72, 72, 72, 255, 72, 72, 72, 255, 72, 72, 72, 255, 72, 72, 72, 255, 72, 72, 72, 255, 72, 72, 72, 255, 72, 72, 72, 255, 72, 72, 72, 255, 72, 72, 72, 255, 72, 72, 72, 255, 63, 60, 57, 195, 63, 59, 56, 255, 105, 56, 32, 192, 164, 55, 0, 255, 165, 55, 0, 255, 165, 55, 0, 255, 166, 55, 0, 255, 166, 55, 0, 255, 167, 55, 0, 255, 167, 55, 0, 255, 168, 55, 0, 255, 168, 55, 0, 255, 168, 56, 0, 255, 169, 56, 0, 255, 169, 57, 0, 255, 169, 57, 0, 255, 169, 57, 0, 255, 169, 58, 0, 255, 170, 58, 0, 255, 170, 58, 0, 255, 170, 58, 0, 255, 170, 59, 0, 255, 170, 59, 0, 255, 170, 59, 0, 255, 170, 59, 0, 255, 170, 59, 0, 255, 170, 59, 0, 255, 170, 59, 0, 255, 170, 59, 0, 255, 170, 59, 0, 255, 170, 58, 0, 255, 170, 58, 0, 255, 170, 58, 0, 255, 163, 61, 7, 255, 122, 52, 22, 255, 166, 126, 108, 255, 190, 155, 118, 196, 215, 186, 132, 255, 215, 186, 132, 255, 215, 186, 132, 255, 215, 186, 132, 255, 215, 186, 132, 255, 215, 186, 132, 255, 215, 186, 132, 255, 215, 186, 132, 255, 215, 186, 132, 255, 215, 186, 132, 255, 215, 186, 132, 255, 215, 186, 132, 255, 207, 166, 113, 197, 171, 60, 0, 255, 171, 61, 0, 255, 171, 60, 0, 255, 171, 60, 0, 255, 171, 60, 0, 255, 171, 60, 0, 255, 171, 60, 0, 255, 171, 60, 0, 255, 171, 60, 0, 255, 171, 59, 0, 255, 170, 59, 0, 255, 170, 59, 0, 255, 170, 59, 0, 255, 170, 58, 0, 255, 202, 148, 95, 191, 215, 186, 132, 255, 215, 186, 132, 255, 215, 186, 132, 255, 215, 186, 132, 255, 215, 186, 132, 255, 215, 186, 132, 255, 215, 186, 132, 255, 215, 186, 132, 255, 215, 186, 132, 255, 215, 186, 132, 255, 215, 186, 132, 255, 215, 186, 132, 255, 215, 186, 132, 255, 215, 186, 132, 255, 215, 186, 132, 255, 215, 186, 132, 255, 215, 186, 132, 255, 215, 186, 132, 255, 215, 186, 132, 255, 215, 186, 132, 255, 192, 120, 60, 194, 173, 63, 0, 255, 173, 63, 0, 255, 172, 63, 0, 255, 172, 62, 0, 255, 172, 62, 0, 255, 172, 61, 0, 255, 172, 61, 0, 255, 171, 60, 0, 255, 171, 60, 0, 255, 170, 59, 0, 255, 170, 59, 0, 255, 170, 58, 0, 255, 169, 57, 0, 255, 169, 56, 0, 255, 168, 56, 0, 255, 168, 55, 0, 255, 167, 54, 0, 216, 153, 51, 0, 5, 0, 0, 0, 0, 0, 0, 0, 0, 0, 0, 0, 0, 0, 0, 0, 0, 0, 0, 0, 0, 0, 0, 0, 0, 0, 0, 0, 0, 0, 0, 0, 0, 0, 0, 0, 0, 0, 0, 0, 0, 0, 0, 0, 0, 0, 0, 0, 0, 0, 0, 0, 0, 0, 0, 0, 0, 0, 0, 0, 0, 0, 0, 0, 0, 0, 0, 0, 0, 0, 0, 0, 0, 0, 0, 0, 0, 0, 0, 0, 0, 0, 0, 0, 0, 0, 0, 0, 0, 0, 0, 0, 0, 0, 0, 0, 0, 0, 0, 0, 0, 46, 46, 46, 11, 41, 41, 41, 193, 42, 41, 41, 199, 42, 42, 40, 201, 41, 41, 41, 204, 41, 40, 40, 197, 24, 24, 23, 186, 42, 42, 42, 211, 43, 42, 42, 219, 42, 42, 42, 224, 43, 43, 43, 230, 43, 43, 43, 235, 43, 43, 43, 241, 43, 43, 43, 249, 44, 44, 44, 255, 44, 44, 44, 255, 44, 43, 43, 255, 116, 84, 84, 247, 116, 85, 85, 255, 116, 85, 85, 255, 78, 65, 64, 192, 63, 59, 56, 255, 62, 58, 55, 237, 72, 72, 72, 255, 72, 72, 72, 255, 72, 72, 72, 255, 72, 72, 72, 255, 72, 72, 72, 255, 72, 72, 72, 255, 72, 72, 72, 255, 62, 58, 56, 204, 63, 59, 56, 255, 81, 66, 65, 192, 116, 85, 85, 255, 116, 85, 85, 255, 91, 77, 77, 195, 72, 72, 72, 255, 72, 72, 72, 255, 72, 72, 72, 255, 72, 72, 72, 255, 72, 72, 72, 255, 72, 72, 72, 255, 72, 72, 72, 255, 72, 72, 72, 255, 72, 72, 72, 255, 72, 72, 72, 255, 72, 72, 72, 255, 63, 60, 58, 194, 63, 59, 56, 255, 63, 59, 56, 255, 67, 65, 64, 200, 72, 72, 72, 255, 72, 72, 72, 255, 72, 72, 72, 255, 72, 72, 72, 255, 72, 72, 72, 255, 72, 72, 72, 255, 72, 72, 72, 255, 72, 72, 72, 255, 72, 72, 72, 255, 72, 72, 72, 255, 72, 72, 72, 255, 72, 72, 72, 255, 64, 60, 57, 199, 63, 59, 56, 255, 135, 54, 14, 210, 164, 55, 0, 255, 164, 55, 0, 255, 165, 55, 0, 255, 165, 55, 0, 255, 166, 55, 0, 255, 166, 55, 0, 255, 167, 55, 0, 255, 167, 55, 0, 255, 167, 55, 0, 255, 168, 55, 0, 255, 168, 55, 0, 255, 168, 56, 0, 255, 168, 56, 0, 255, 169, 56, 0, 255, 169, 57, 0, 255, 169, 57, 0, 255, 169, 57, 0, 255, 169, 58, 0, 255, 169, 58, 0, 255, 170, 58, 0, 255, 170, 58, 0, 255, 170, 58, 0, 255, 170, 58, 0, 255, 170, 58, 0, 255, 170, 58, 0, 255, 170, 58, 0, 255, 170, 58, 0, 255, 169, 58, 0, 255, 169, 57, 0, 255, 169, 57, 0, 255, 141, 65, 26, 255, 132, 69, 42, 255, 166, 126, 108, 255, 202, 169, 123, 211, 215, 186, 132, 255, 215, 186, 132, 255, 215, 186, 132, 255, 215, 186, 132, 255, 215, 186, 132, 255, 215, 186, 132, 255, 215, 186, 132, 255, 215, 186, 132, 255, 215, 186, 132, 255, 215, 186, 132, 255, 215, 186, 132, 255, 215, 186, 132, 255, 207, 166, 113, 197, 170, 59, 0, 255, 170, 59, 0, 255, 170, 59, 0, 255, 170, 59, 0, 255, 170, 59, 0, 255, 170, 59, 0, 255, 170, 59, 0, 255, 170, 58, 0, 255, 170, 58, 0, 255, 170, 58, 0, 255, 170, 58, 0, 255, 169, 57, 0, 255, 169, 57, 0, 255, 169, 57, 0, 255, 207, 161, 108, 195, 215, 186, 132, 255, 215, 186, 132, 255, 215, 186, 132, 255, 215, 186, 132, 255, 215, 186, 132, 255, 215, 186, 132, 255, 215, 186, 132, 255, 215, 186, 132, 255, 215, 186, 132, 255, 215, 186, 132, 255, 215, 186, 132, 255, 215, 186, 132, 255, 215, 186, 132, 255, 215, 186, 132, 255, 215, 186, 132, 255, 215, 186, 132, 255, 215, 186, 132, 255, 215, 186, 132, 255, 215, 186, 132, 255, 215, 186, 132, 255, 183, 91, 31, 193, 172, 62, 0, 255, 172, 61, 0, 255, 172, 61, 0, 255, 172, 61, 0, 255, 171, 61, 0, 255, 171, 60, 0, 255, 171, 60, 0, 255, 170, 59, 0, 255, 170, 59, 0, 255, 170, 58, 0, 255, 169, 58, 0, 255, 169, 57, 0, 255, 169, 56, 0, 255, 168, 56, 0, 255, 168, 55, 0, 255, 167, 55, 0, 255, 168, 52, 0, 73, 0, 0, 0, 0, 0, 0, 0, 0, 0, 0, 0, 0, 0, 0, 0, 0, 0, 0, 0, 0, 0, 0, 0, 0, 0, 0, 0, 0, 0, 0, 0, 0, 0, 0, 0, 0, 0, 0, 0, 0, 0, 0, 0, 0, 0, 0, 0, 0, 0, 0, 0, 0, 0, 0, 0, 0, 0, 0, 0, 0, 0, 0, 0, 0, 0, 0, 0, 0, 0, 0, 0, 0, 0, 0, 0, 0, 0, 0, 0, 0, 0, 0, 0, 0, 0, 0, 0, 0, 0, 0, 0, 0, 0, 0, 0, 0, 0, 0, 0, 0, 0, 0, 0, 0, 0, 0, 0, 0, 34, 32, 30, 158, 35, 33, 31, 255, 35, 33, 31, 255, 35, 33, 31, 255, 35, 33, 31, 255, 35, 33, 31, 255, 35, 33, 31, 255, 35, 33, 31, 255, 35, 33, 31, 255, 35, 33, 31, 255, 35, 33, 31, 255, 35, 33, 31, 255, 35, 33, 31, 255, 34, 32, 30, 255, 33, 32, 30, 249, 35, 32, 30, 241, 110, 80, 80, 215, 116, 85, 85, 255, 116, 85, 85, 255, 82, 68, 65, 192, 63, 59, 56, 255, 62, 58, 55, 254, 71, 71, 71, 255, 72, 72, 72, 255, 72, 72, 72, 255, 72, 72, 72, 255, 72, 72, 72, 255, 72, 72, 72, 255, 71, 71, 71, 255, 62, 57, 55, 235, 63, 59, 56, 255, 94, 73, 72, 201, 116, 85, 85, 255, 116, 85, 85, 255, 74, 72, 72, 205, 72, 72, 72, 255, 72, 72, 72, 255, 72, 72, 72, 255, 72, 72, 72, 255, 72, 72, 72, 255, 72, 72, 72, 255, 72, 72, 72, 255, 72, 72, 72, 255, 72, 72, 72, 255, 72, 72, 72, 255, 70, 70, 70, 236, 63, 59, 55, 247, 63, 59, 56, 255, 63, 59, 57, 205, 71, 71, 71, 255, 72, 72, 72, 255, 72, 72, 72, 255, 72, 72, 72, 255, 72, 72, 72, 255, 72, 72, 72, 255, 72, 72, 72, 255, 72, 72, 72, 255, 72, 72, 72, 255, 72, 72, 72, 255, 72, 72, 72, 255, 72, 72, 72, 255, 72, 72, 72, 255, 61, 58, 55, 211, 63, 59, 56, 251, 158, 54, 2, 247, 163, 55, 0, 255, 164, 55, 0, 255, 164, 55, 0, 255, 165, 55, 0, 255, 165, 55, 0, 255, 166, 55, 0, 255, 166, 55, 0, 255, 166, 55, 0, 255, 167, 55, 0, 255, 167, 55, 0, 255, 167, 55, 0, 255, 168, 55, 0, 255, 168, 55, 0, 255, 168, 56, 0, 255, 168, 56, 0, 255, 169, 56, 0, 255, 169, 56, 0, 255, 169, 57, 0, 255, 169, 57, 0, 255, 169, 57, 0, 255, 169, 57, 0, 255, 169, 57, 0, 255, 169, 57, 0, 255, 169, 57, 0, 255, 169, 57, 0, 255, 169, 57, 0, 255, 169, 57, 0, 255, 169, 57, 0, 255, 169, 56, 0, 255, 164, 59, 5, 255, 119, 43, 5, 255, 143, 87, 63, 255, 166, 126, 108, 255, 211, 180, 129, 237, 215, 186, 132, 255, 215, 186, 132, 255, 215, 186, 132, 255, 215, 186, 132, 255, 215, 186, 132, 255, 215, 186, 132, 255, 215, 186, 132, 255, 215, 186, 132, 255, 215, 186, 132, 255, 215, 186, 132, 255, 215, 186, 132, 255, 215, 186, 132, 255, 207, 166, 113, 197, 170, 58, 0, 255, 170, 58, 0, 255, 169, 58, 0, 255, 169, 58, 0, 255, 169, 58, 0, 255, 169, 57, 0, 255, 169, 57, 0, 255, 169, 57, 0, 255, 169, 57, 0, 255, 169, 57, 0, 255, 169, 56, 0, 255, 168, 56, 0, 255, 168, 56, 0, 255, 168, 55, 0, 255, 213, 179, 126, 215, 215, 186, 132, 255, 215, 186, 132, 255, 215, 186, 132, 255, 215, 186, 132, 255, 215, 186, 132, 255, 215, 186, 132, 255, 215, 186, 132, 255, 215, 186, 132, 255, 215, 186, 132, 255, 215, 186, 132, 255, 215, 186, 132, 255, 215, 186, 132, 255, 215, 186, 132, 255, 215, 186, 132, 255, 215, 186, 132, 255, 215, 186, 132, 255, 215, 186, 132, 255, 215, 186, 132, 255, 215, 186, 132, 255, 215, 186, 132, 255, 173, 66, 6, 212, 171, 60, 0, 255, 171, 60, 0, 255, 171, 60, 0, 255, 171, 60, 0, 255, 171, 59, 0, 255, 170, 59, 0, 255, 170, 59, 0, 255, 170, 58, 0, 255, 169, 58, 0, 255, 169, 57, 0, 255, 169, 57, 0, 255, 168, 56, 0, 255, 168, 55, 0, 255, 168, 55, 0, 255, 167, 55, 0, 255, 159, 54, 0, 159, 0, 0, 0, 0, 0, 0, 0, 0, 0, 0, 0, 0, 0, 0, 0, 0, 0, 0, 0, 0, 0, 0, 0, 0, 0, 0, 0, 0, 0, 0, 0, 0, 0, 0, 0, 0, 0, 0, 0, 0, 0, 0, 0, 0, 0, 0, 0, 0, 0, 0, 0, 0, 0, 0, 0, 0, 0, 0, 0, 0, 0, 0, 0, 0, 0, 0, 0, 0, 0, 0, 0, 0, 0, 0, 0, 0, 0, 0, 0, 0, 0, 0, 0, 0, 0, 0, 0, 0, 0, 0, 0, 0, 0, 0, 0, 0, 0, 0, 0, 0, 0, 0, 0, 0, 0, 0, 0, 0, 0, 0, 0, 0, 33, 33, 28, 54, 35, 33, 31, 255, 35, 33, 31, 255, 35, 33, 31, 255, 35, 33, 31, 255, 35, 33, 31, 255, 35, 33, 31, 255, 35, 33, 31, 255, 35, 33, 31, 255, 35, 33, 31, 255, 35, 33, 31, 255, 35, 33, 31, 255, 35, 33, 31, 255, 35, 33, 31, 255, 35, 33, 31, 255, 35, 33, 31, 255, 96, 72, 72, 194, 116, 85, 85, 255, 116, 85, 85, 255, 84, 69, 67, 194, 63, 59, 56, 255, 63, 59, 56, 255, 70, 70, 70, 240, 72, 72, 72, 255, 72, 72, 72, 255, 72, 72, 72, 255, 72, 72, 72, 255, 72, 72, 72, 255, 66, 64, 63, 197, 63, 59, 56, 255, 63, 59, 56, 255, 106, 79, 79, 225, 116, 85, 85, 255, 110, 82, 82, 238, 72, 72, 72, 252, 72, 72, 72, 255, 72, 72, 72, 255, 72, 72, 72, 255, 72, 72, 72, 255, 72, 72, 72, 255, 72, 72, 72, 255, 72, 72, 72, 255, 72, 72, 72, 255, 72, 72, 72, 255, 72, 72, 72, 255, 64, 61, 60, 192, 63, 59, 56, 255, 63, 59, 56, 251, 69, 68, 68, 221, 72, 72, 72, 255, 72, 72, 72, 255, 72, 72, 72, 255, 72, 72, 72, 255, 72, 72, 72, 255, 72, 72, 72, 255, 72, 72, 72, 255, 72, 72, 72, 255, 72, 72, 72, 255, 72, 72, 72, 255, 72, 72, 72, 255, 72, 72, 72, 255, 72, 72, 72, 255, 62, 58, 55, 231, 53, 49, 47, 190, 41, 32, 29, 210, 82, 46, 31, 180, 117, 56, 30, 194, 148, 54, 10, 222, 163, 54, 0, 255, 165, 55, 0, 255, 165, 55, 0, 255, 165, 55, 0, 255, 166, 55, 0, 255, 166, 55, 0, 255, 166, 55, 0, 255, 167, 55, 0, 255, 167, 55, 0, 255, 167, 55, 0, 255, 168, 55, 0, 255, 168, 55, 0, 255, 168, 55, 0, 255, 168, 55, 0, 255, 168, 56, 0, 255, 168, 56, 0, 255, 168, 56, 0, 255, 168, 56, 0, 255, 169, 56, 0, 255, 169, 56, 0, 255, 169, 56, 0, 255, 169, 56, 0, 255, 168, 56, 0, 255, 168, 56, 0, 255, 168, 56, 0, 255, 168, 56, 0, 255, 143, 67, 26, 255, 116, 39, 0, 255, 157, 111, 91, 255, 165, 125, 107, 240, 215, 185, 131, 255, 215, 186, 132, 255, 215, 186, 132, 255, 215, 186, 132, 255, 215, 186, 132, 255, 215, 186, 132, 255, 215, 186, 132, 255, 208, 180, 127, 247, 53, 50, 42, 223, 55, 49, 42, 221, 56, 51, 43, 217, 60, 53, 45, 212, 62, 56, 48, 208, 64, 55, 44, 203, 61, 46, 36, 203, 61, 46, 36, 203, 61, 46, 36, 203, 61, 46, 36, 203, 61, 46, 36, 203, 78, 49, 30, 193, 168, 56, 0, 255, 168, 56, 0, 255, 168, 55, 0, 255, 168, 55, 0, 255, 168, 55, 0, 255, 167, 55, 0, 255, 167, 55, 0, 255, 168, 57, 4, 249, 215, 186, 132, 250, 215, 186, 132, 255, 215, 186, 132, 255, 215, 186, 132, 255, 215, 186, 132, 255, 215, 186, 132, 255, 215, 186, 132, 255, 215, 186, 132, 255, 215, 186, 132, 255, 215, 186, 132, 255, 215, 186, 132, 255, 215, 186, 132, 255, 215, 186, 132, 255, 215, 186, 132, 255, 215, 186, 132, 255, 215, 186, 132, 255, 215, 186, 132, 255, 215, 186, 132, 255, 215, 186, 132, 255, 215, 186, 132, 255, 212, 179, 124, 244, 169, 58, 0, 250, 170, 59, 0, 255, 170, 59, 0, 255, 170, 58, 0, 255, 170, 58, 0, 255, 170, 58, 0, 255, 170, 58, 0, 255, 169, 57, 0, 255, 169, 57, 0, 255, 169, 57, 0, 255, 168, 56, 0, 255, 168, 55, 0, 255, 168, 55, 0, 255, 167, 55, 0, 255, 166, 55, 0, 255, 135, 56, 0, 168, 93, 46, 0, 11, 0, 0, 0, 0, 0, 0, 0, 0, 0, 0, 0, 0, 0, 0, 0, 0, 0, 0, 0, 0, 0, 0, 0, 0, 0, 0, 0, 0, 0, 0, 0, 0, 0, 0, 0, 0, 0, 0, 0, 0, 0, 0, 0, 0, 0, 0, 0, 0, 0, 0, 0, 0, 0, 0, 0, 0, 0, 0, 0, 0, 0, 0, 0, 0, 0, 0, 0, 0, 0, 0, 0, 0, 0, 0, 0, 0, 0, 0, 0, 0, 0, 0, 0, 0, 0, 0, 0, 0, 0, 0, 0, 0, 0, 0, 0, 0, 0, 0, 0, 0, 0, 0, 0, 0, 0, 0, 0, 0, 0, 0, 0, 0, 0, 0, 0, 1, 35, 32, 30, 204, 35, 33, 31, 255, 35, 33, 31, 255, 35, 33, 31, 255, 35, 33, 31, 255, 35, 33, 31, 255, 35, 33, 31, 255, 35, 33, 31, 255, 35, 33, 31, 255, 35, 33, 31, 255, 35, 33, 31, 255, 35, 33, 31, 255, 35, 33, 31, 255, 35, 33, 31, 255, 35, 33, 31, 255, 73, 57, 56, 196, 116, 85, 85, 255, 116, 85, 85, 255, 93, 73, 72, 198, 63, 59, 56, 255, 63, 59, 56, 255, 68, 66, 66, 214, 72, 72, 72, 255, 72, 72, 72, 255, 72, 72, 72, 255, 72, 72, 72, 255, 70, 70, 70, 246, 62, 57, 55, 231, 63, 59, 56, 255, 62, 58, 55, 248, 113, 83, 83, 254, 116, 85, 85, 255, 91, 77, 77, 195, 72, 72, 72, 255, 72, 72, 72, 255, 72, 72, 72, 255, 72, 72, 72, 255, 72, 72, 72, 255, 72, 72, 72, 255, 72, 72, 72, 255, 72, 72, 72, 255, 72, 72, 72, 255, 72, 72, 72, 255, 70, 70, 70, 247, 62, 58, 55, 237, 63, 59, 56, 255, 65, 61, 60, 192, 72, 72, 72, 255, 72, 72, 72, 255, 72, 72, 72, 255, 72, 72, 72, 255, 72, 72, 72, 255, 72, 72, 72, 255, 72, 72, 72, 255, 72, 72, 72, 255, 72, 72, 72, 255, 72, 72, 72, 255, 72, 72, 72, 255, 72, 72, 72, 255, 72, 72, 72, 255, 70, 70, 70, 251, 52, 49, 45, 191, 35, 32, 31, 221, 65, 51, 48, 208, 79, 62, 58, 255, 79, 62, 58, 255, 79, 62, 58, 255, 79, 61, 57, 233, 90, 59, 49, 197, 121, 51, 16, 198, 162, 53, 0, 253, 165, 55, 0, 255, 165, 55, 0, 255, 166, 55, 0, 255, 166, 55, 0, 255, 166, 55, 0, 255, 167, 55, 0, 255, 167, 55, 0, 255, 167, 55, 0, 255, 167, 55, 0, 255, 167, 55, 0, 255, 168, 55, 0, 255, 168, 55, 0, 255, 168, 55, 0, 255, 168, 55, 0, 255, 168, 55, 0, 255, 168, 55, 0, 255, 168, 55, 0, 255, 168, 55, 0, 255, 168, 55, 0, 255, 168, 55, 0, 255, 168, 55, 0, 255, 164, 58, 5, 255, 123, 49, 5, 255, 124, 52, 17, 255, 166, 126, 108, 255, 169, 129, 109, 212, 215, 186, 132, 255, 215, 186, 132, 255, 215, 186, 132, 255, 215, 186, 132, 255, 215, 186, 132, 255, 215, 186, 132, 255, 215, 186, 132, 255, 159, 139, 100, 206, 51, 47, 41, 255, 51, 47, 41, 255, 51, 47, 41, 255, 51, 47, 41, 255, 51, 47, 41, 255, 51, 47, 41, 255, 51, 47, 41, 255, 51, 47, 41, 255, 51, 47, 41, 255, 51, 47, 41, 255, 51, 47, 41, 255, 106, 48, 21, 194, 167, 55, 0, 255, 167, 55, 0, 255, 167, 55, 0, 255, 167, 55, 0, 255, 167, 55, 0, 255, 166, 55, 0, 255, 166, 55, 0, 255, 177, 86, 31, 214, 215, 186, 132, 255, 215, 186, 132, 255, 215, 186, 132, 255, 215, 186, 132, 255, 215, 186, 132, 255, 215, 186, 132, 255, 215, 186, 132, 255, 215, 186, 132, 255, 215, 186, 132, 255, 215, 186, 132, 255, 215, 186, 132, 255, 215, 186, 132, 255, 215, 186, 132, 255, 215, 186, 132, 255, 215, 186, 132, 255, 215, 186, 132, 255, 215, 186, 132, 255, 215, 186, 132, 255, 215, 186, 132, 255, 215, 186, 132, 255, 197, 138, 83, 203, 169, 57, 0, 255, 169, 57, 0, 255, 169, 57, 0, 255, 169, 57, 0, 255, 169, 57, 0, 255, 169, 57, 0, 255, 169, 56, 0, 255, 169, 56, 0, 255, 168, 56, 0, 255, 168, 55, 0, 255, 168, 55, 0, 255, 167, 55, 0, 255, 167, 55, 0, 255, 165, 55, 0, 251, 121, 57, 0, 183, 97, 60, 0, 34, 0, 0, 0, 0, 0, 0, 0, 0, 0, 0, 0, 0, 0, 0, 0, 0, 0, 0, 0, 0, 0, 0, 0, 0, 0, 0, 0, 0, 0, 0, 0, 0, 0, 0, 0, 0, 0, 0, 0, 0, 0, 0, 0, 0, 0, 0, 0, 0, 0, 0, 0, 0, 0, 0, 0, 0, 0, 0, 0, 0, 0, 0, 0, 0, 0, 0, 0, 0, 0, 0, 0, 0, 0, 0, 0, 0, 0, 0, 0, 0, 0, 0, 0, 0, 0, 0, 0, 0, 0, 0, 0, 0, 0, 0, 0, 0, 0, 0, 0, 0, 0, 0, 0, 0, 0, 0, 0, 0, 0, 0, 0, 0, 0, 0, 0, 0, 0, 0, 0, 0, 0, 0, 0, 3, 34, 29, 29, 44, 33, 31, 28, 98, 33, 32, 30, 152, 34, 32, 31, 206, 34, 32, 30, 252, 35, 33, 31, 255, 35, 33, 31, 255, 35, 33, 31, 255, 35, 33, 31, 255, 35, 33, 31, 255, 35, 33, 31, 255, 35, 33, 31, 255, 35, 33, 31, 255, 35, 33, 31, 255, 45, 38, 36, 225, 112, 82, 82, 250, 116, 85, 85, 255, 98, 76, 76, 208, 63, 59, 56, 255, 63, 59, 56, 255, 65, 64, 62, 194, 72, 72, 72, 255, 72, 72, 72, 255, 72, 72, 72, 255, 72, 72, 72, 255, 65, 62, 61, 192, 63, 59, 56, 255, 63, 59, 56, 255, 63, 58, 55, 223, 116, 85, 85, 255, 116, 85, 85, 255, 74, 72, 72, 205, 72, 72, 72, 255, 72, 72, 72, 255, 72, 72, 72, 255, 72, 72, 72, 255, 72, 72, 72, 255, 72, 72, 72, 255, 72, 72, 72, 255, 72, 72, 72, 255, 72, 72, 72, 255, 72, 72, 72, 255, 66, 63, 61, 193, 63, 59, 56, 255, 62, 57, 55, 235, 70, 70, 70, 242, 72, 72, 72, 255, 72, 72, 72, 255, 72, 72, 72, 255, 72, 72, 72, 255, 72, 72, 72, 255, 72, 72, 72, 255, 72, 72, 72, 255, 72, 72, 72, 255, 72, 72, 72, 255, 72, 72, 72, 255, 72, 72, 72, 255, 72, 72, 72, 255, 72, 72, 72, 255, 55, 55, 54, 189, 49, 41, 38, 192, 76, 60, 56, 251, 79, 62, 58, 255, 79, 62, 58, 255, 79, 62, 58, 255, 79, 62, 58, 255, 79, 62, 58, 255, 79, 62, 58, 255, 69, 57, 52, 215, 46, 43, 42, 218, 98, 47, 23, 193, 159, 53, 1, 246, 165, 55, 0, 255, 165, 55, 0, 255, 166, 55, 0, 255, 166, 55, 0, 255, 166, 55, 0, 255, 166, 55, 0, 255, 167, 55, 0, 255, 167, 55, 0, 255, 167, 55, 0, 255, 167, 55, 0, 255, 167, 55, 0, 255, 167, 55, 0, 255, 167, 55, 0, 255, 167, 55, 0, 255, 167, 55, 0, 255, 167, 55, 0, 255, 167, 55, 0, 255, 167, 55, 0, 255, 167, 55, 0, 255, 147, 68, 26, 255, 120, 44, 0, 255, 139, 79, 51, 255, 166, 126, 108, 255, 175, 135, 112, 196, 215, 186, 132, 255, 215, 186, 132, 255, 215, 186, 132, 255, 215, 186, 132, 255, 215, 186, 132, 255, 215, 186, 132, 255, 215, 186, 132, 255, 98, 88, 66, 192, 51, 47, 41, 255, 51, 47, 41, 255, 51, 47, 41, 255, 51, 47, 41, 255, 51, 47, 41, 255, 51, 47, 41, 255, 51, 47, 41, 255, 51, 47, 41, 255, 51, 47, 41, 255, 51, 47, 41, 255, 51, 46, 39, 232, 162, 53, 1, 249, 166, 55, 0, 255, 166, 55, 0, 255, 166, 55, 0, 255, 166, 55, 0, 255, 166, 55, 0, 255, 165, 55, 0, 255, 165, 55, 0, 255, 190, 121, 67, 194, 215, 186, 132, 255, 215, 186, 132, 255, 215, 186, 132, 255, 215, 186, 132, 255, 215, 186, 132, 255, 215, 186, 132, 255, 215, 186, 132, 255, 215, 186, 132, 255, 215, 186, 132, 255, 215, 186, 132, 255, 215, 186, 132, 255, 215, 186, 132, 255, 215, 186, 132, 255, 215, 186, 132, 255, 215, 186, 132, 255, 215, 186, 132, 255, 215, 186, 132, 255, 215, 186, 132, 255, 215, 186, 132, 255, 215, 186, 132, 255, 181, 90, 34, 192, 168, 56, 0, 255, 168, 56, 0, 255, 168, 56, 0, 255, 168, 56, 0, 255, 168, 56, 0, 255, 168, 55, 0, 255, 168, 55, 0, 255, 168, 55, 0, 255, 167, 55, 0, 255, 167, 55, 0, 255, 167, 55, 0, 255, 166, 55, 0, 255, 162, 55, 0, 242, 114, 56, 0, 201, 101, 60, 0, 68, 0, 0, 0, 0, 0, 0, 0, 0, 0, 0, 0, 0, 0, 0, 0, 0, 0, 0, 0, 0, 0, 0, 0, 0, 0, 0, 0, 0, 0, 0, 0, 0, 0, 0, 0, 0, 0, 0, 0, 0, 0, 0, 0, 0, 0, 0, 0, 0, 0, 0, 0, 0, 0, 0, 0, 0, 0, 0, 0, 0, 0, 0, 0, 0, 0, 0, 0, 0, 0, 0, 0, 0, 0, 0, 0, 0, 0, 0, 0, 0, 0, 0, 0, 0, 0, 0, 0, 0, 0, 0, 0, 0, 0, 0, 0, 0, 0, 0, 0, 0, 0, 0, 0, 0, 0, 0, 0, 0, 0, 0, 0, 0, 0, 0, 0, 0, 0, 0, 0, 0, 0, 0, 0, 0, 0, 0, 0, 0, 0, 0, 0, 0, 0, 0, 0, 0, 0, 0, 0, 0, 0, 0, 0, 0, 25, 25, 25, 10, 35, 30, 30, 58, 34, 32, 29, 112, 33, 32, 30, 166, 34, 32, 30, 220, 35, 33, 31, 255, 35, 33, 31, 255, 35, 33, 31, 255, 35, 33, 31, 255, 35, 33, 31, 255, 35, 33, 31, 255, 79, 65, 64, 183, 116, 85, 85, 255, 105, 79, 79, 220, 63, 59, 56, 255, 63, 59, 56, 255, 64, 60, 57, 196, 72, 72, 72, 255, 72, 72, 72, 255, 72, 72, 72, 255, 69, 68, 68, 231, 62, 58, 56, 246, 63, 59, 56, 255, 63, 59, 56, 255, 64, 59, 57, 215, 116, 85, 85, 255, 112, 83, 83, 240, 72, 72, 72, 252, 72, 72, 72, 255, 72, 72, 72, 255, 72, 72, 72, 255, 72, 72, 72, 255, 72, 72, 72, 255, 72, 72, 72, 255, 72, 72, 72, 255, 72, 72, 72, 255, 72, 72, 72, 255, 71, 70, 70, 241, 62, 58, 55, 239, 63, 59, 56, 255, 66, 64, 63, 195, 72, 72, 72, 255, 72, 72, 72, 255, 72, 72, 72, 255, 72, 72, 72, 255, 72, 72, 72, 255, 72, 72, 72, 255, 72, 72, 72, 255, 72, 72, 72, 255, 72, 72, 72, 255, 72, 72, 72, 255, 72, 72, 72, 255, 72, 72, 72, 255, 71, 71, 71, 253, 55, 53, 52, 185, 69, 55, 53, 222, 79, 62, 58, 255, 79, 62, 58, 255, 79, 62, 58, 255, 79, 62, 58, 255, 79, 62, 58, 255, 79, 62, 58, 255, 79, 62, 58, 255, 79, 62, 58, 255, 79, 62, 58, 255, 59, 51, 50, 194, 44, 44, 44, 255, 45, 42, 42, 227, 131, 49, 10, 211, 165, 55, 0, 255, 165, 55, 0, 255, 165, 55, 0, 255, 166, 55, 0, 255, 166, 55, 0, 255, 166, 55, 0, 255, 166, 55, 0, 255, 166, 55, 0, 255, 166, 55, 0, 255, 166, 55, 0, 255, 166, 55, 0, 255, 167, 55, 0, 255, 167, 55, 0, 255, 167, 55, 0, 255, 167, 55, 0, 255, 166, 55, 0, 255, 166, 55, 0, 255, 164, 58, 7, 255, 127, 52, 5, 255, 119, 42, 0, 255, 155, 107, 85, 255, 166, 126, 108, 255, 182, 146, 116, 192, 215, 186, 132, 255, 215, 186, 132, 255, 215, 186, 132, 255, 215, 186, 132, 255, 215, 186, 132, 255, 215, 186, 132, 255, 215, 186, 132, 255, 98, 88, 66, 192, 50, 46, 40, 242, 51, 47, 41, 255, 51, 47, 41, 255, 51, 47, 41, 255, 51, 47, 41, 255, 51, 47, 41, 255, 51, 47, 41, 255, 51, 47, 41, 255, 51, 47, 41, 255, 51, 47, 41, 255, 96, 49, 24, 192, 165, 55, 0, 255, 165, 55, 0, 255, 165, 55, 0, 255, 165, 55, 0, 255, 165, 55, 0, 255, 164, 55, 0, 255, 164, 55, 0, 255, 164, 55, 0, 255, 204, 154, 101, 192, 215, 186, 132, 255, 215, 186, 132, 255, 215, 186, 132, 255, 215, 186, 132, 255, 215, 186, 132, 255, 215, 186, 132, 255, 215, 186, 132, 255, 215, 186, 132, 255, 215, 186, 132, 255, 215, 186, 132, 255, 215, 186, 132, 255, 215, 186, 132, 255, 215, 186, 132, 255, 215, 186, 132, 255, 215, 186, 132, 255, 215, 186, 132, 255, 215, 186, 132, 255, 215, 186, 132, 255, 215, 186, 132, 255, 214, 185, 131, 255, 169, 59, 3, 220, 168, 55, 0, 255, 168, 55, 0, 255, 167, 55, 0, 255, 167, 55, 0, 255, 167, 55, 0, 255, 167, 55, 0, 255, 167, 55, 0, 255, 167, 55, 0, 255, 166, 55, 0, 255, 166, 55, 0, 255, 166, 55, 0, 255, 158, 53, 0, 225, 112, 55, 0, 216, 104, 58, 0, 113, 0, 0, 0, 0, 0, 0, 0, 0, 0, 0, 0, 0, 0, 0, 0, 0, 0, 0, 0, 0, 0, 0, 0, 0, 0, 0, 0, 0, 0, 0, 0, 0, 0, 0, 0, 0, 0, 0, 0, 0, 0, 0, 0, 0, 0, 0, 0, 0, 0, 0, 0, 0, 0, 0, 0, 0, 0, 0, 0, 0, 0, 0, 0, 0, 0, 0, 0, 0, 0, 0, 0, 0, 0, 0, 0, 0, 0, 0, 0, 0, 0, 0, 0, 0, 0, 0, 0, 0, 0, 0, 0, 0, 0, 0, 0, 0, 0, 0, 0, 0, 0, 0, 0, 0, 0, 0, 0, 0, 0, 0, 0, 0, 0, 0, 0, 0, 0, 0, 0, 0, 0, 0, 0, 0, 0, 0, 0, 0, 0, 0, 0, 0, 0, 0, 0, 0, 0, 0, 0, 0, 0, 0, 0, 0, 0, 0, 0, 0, 0, 0, 0, 0, 0, 0, 0, 0, 0, 0, 0, 0, 0, 0, 0, 0, 0, 0, 0, 0, 25, 25, 25, 20, 32, 32, 28, 72, 34, 32, 30, 126, 34, 32, 29, 180, 34, 32, 30, 235, 35, 33, 31, 255, 53, 49, 46, 192, 97, 75, 74, 207, 111, 81, 81, 237, 63, 59, 56, 255, 63, 59, 56, 255, 62, 58, 55, 222, 72, 72, 72, 255, 72, 72, 72, 255, 72, 72, 72, 255, 63, 61, 58, 197, 63, 59, 56, 255, 63, 59, 56, 255, 63, 59, 56, 255, 66, 60, 57, 208, 116, 85, 85, 255, 97, 79, 79, 200, 72, 72, 72, 255, 72, 72, 72, 255, 72, 72, 72, 255, 72, 72, 72, 255, 72, 72, 72, 255, 72, 72, 72, 255, 72, 72, 72, 255, 72, 72, 72, 255, 72, 72, 72, 255, 72, 72, 72, 255, 65, 62, 60, 192, 63, 59, 56, 255, 62, 58, 56, 213, 71, 71, 71, 255, 72, 72, 72, 255, 72, 72, 72, 255, 72, 72, 72, 255, 72, 72, 72, 255, 72, 72, 72, 255, 72, 72, 72, 255, 72, 72, 72, 255, 72, 72, 72, 255, 72, 72, 72, 255, 72, 72, 72, 255, 72, 72, 72, 255, 71, 71, 71, 247, 56, 52, 50, 182, 74, 58, 53, 238, 79, 62, 58, 255, 79, 62, 58, 255, 79, 62, 58, 255, 79, 62, 58, 255, 79, 62, 58, 255, 79, 62, 58, 255, 79, 62, 58, 255, 79, 62, 58, 255, 79, 62, 58, 255, 79, 62, 58, 255, 78, 61, 57, 255, 49, 45, 45, 196, 44, 44, 44, 255, 43, 43, 43, 252, 85, 46, 28, 191, 161, 53, 0, 253, 165, 55, 0, 255, 165, 55, 0, 255, 165, 55, 0, 255, 165, 55, 0, 255, 165, 55, 0, 255, 166, 55, 0, 255, 166, 55, 0, 255, 166, 55, 0, 255, 166, 55, 0, 255, 166, 55, 0, 255, 166, 55, 0, 255, 166, 55, 0, 255, 166, 55, 0, 255, 166, 55, 0, 255, 166, 55, 0, 255, 148, 65, 25, 255, 123, 47, 0, 255, 123, 50, 11, 255, 165, 125, 107, 255, 166, 126, 108, 255, 193, 159, 121, 198, 215, 186, 132, 255, 215, 186, 132, 255, 215, 186, 132, 255, 215, 186, 132, 255, 215, 186, 132, 255, 215, 186, 132, 255, 215, 186, 132, 255, 215, 186, 132, 255, 211, 182, 129, 252, 166, 145, 104, 209, 100, 89, 68, 192, 58, 52, 44, 215, 51, 47, 41, 255, 51, 47, 41, 255, 51, 47, 41, 255, 51, 47, 41, 255, 51, 47, 41, 255, 50, 46, 40, 240, 156, 52, 2, 242, 161, 53, 0, 236, 158, 52, 0, 220, 162, 53, 0, 243, 164, 55, 0, 255, 164, 55, 0, 255, 163, 55, 0, 255, 163, 55, 0, 255, 163, 55, 0, 255, 211, 177, 123, 209, 215, 186, 132, 255, 215, 186, 132, 255, 215, 186, 132, 255, 215, 186, 132, 255, 215, 186, 132, 255, 215, 186, 132, 255, 215, 186, 132, 255, 215, 186, 132, 255, 215, 186, 132, 255, 215, 186, 132, 255, 215, 186, 132, 255, 215, 186, 132, 255, 215, 186, 132, 255, 215, 186, 132, 255, 215, 186, 132, 255, 215, 186, 132, 255, 215, 186, 132, 255, 215, 186, 132, 255, 215, 186, 132, 255, 204, 155, 100, 214, 166, 55, 0, 255, 166, 55, 0, 255, 166, 55, 0, 255, 166, 55, 0, 255, 166, 55, 0, 255, 166, 55, 0, 255, 166, 55, 0, 255, 166, 55, 0, 255, 166, 55, 0, 255, 166, 55, 0, 255, 165, 55, 0, 255, 144, 53, 0, 198, 112, 56, 0, 241, 106, 58, 0, 158, 0, 0, 0, 0, 0, 0, 0, 0, 0, 0, 0, 0, 0, 0, 0, 0, 0, 0, 0, 0, 0, 0, 0, 0, 0, 0, 0, 0, 0, 0, 0, 0, 0, 0, 0, 0, 0, 0, 0, 0, 0, 0, 0, 0, 0, 0, 0, 0, 0, 0, 0, 0, 0, 0, 0, 0, 0, 0, 0, 0, 0, 0, 0, 0, 0, 0, 0, 0, 0, 0, 0, 0, 0, 0, 0, 0, 0, 0, 0, 0, 0, 0, 0, 0, 0, 0, 0, 0, 0, 0, 0, 0, 0, 0, 0, 0, 0, 0, 0, 0, 0, 0, 0, 0, 0, 0, 0, 0, 0, 0, 0, 0, 0, 0, 0, 0, 0, 0, 0, 0, 0, 0, 0, 0, 0, 0, 0, 0, 0, 0, 0, 0, 0, 0, 0, 0, 0, 0, 0, 0, 0, 0, 0, 0, 0, 0, 0, 0, 0, 0, 0, 0, 0, 0, 0, 0, 0, 0, 0, 0, 0, 0, 0, 0, 0, 0, 0, 0, 0, 0, 0, 0, 0, 0, 0, 0, 0, 0, 0, 0, 0, 0, 0, 0, 0, 0, 0, 0, 0, 0, 0, 1, 32, 32, 24, 32, 47, 45, 39, 91, 63, 57, 55, 231, 110, 81, 81, 238, 62, 58, 55, 252, 63, 59, 56, 255, 63, 59, 56, 255, 70, 70, 69, 241, 72, 72, 72, 255, 68, 67, 66, 213, 63, 59, 56, 255, 63, 59, 56, 255, 63, 59, 56, 255, 63, 59, 56, 255, 67, 60, 58, 202, 116, 85, 85, 255, 81, 75, 75, 194, 72, 72, 72, 255, 72, 72, 72, 255, 72, 72, 72, 255, 72, 72, 72, 255, 72, 72, 72, 255, 72, 72, 72, 255, 72, 72, 72, 255, 72, 72, 72, 255, 72, 72, 72, 255, 70, 70, 69, 233, 62, 58, 56, 246, 63, 59, 56, 255, 68, 67, 67, 213, 72, 72, 72, 255, 72, 72, 72, 255, 72, 72, 72, 255, 72, 72, 72, 255, 72, 72, 72, 255, 72, 72, 72, 255, 72, 72, 72, 255, 72, 72, 72, 255, 72, 72, 72, 255, 72, 72, 72, 255, 72, 72, 72, 255, 71, 71, 71, 241, 57, 52, 49, 181, 76, 60, 56, 251, 79, 62, 58, 255, 79, 62, 58, 255, 79, 62, 58, 255, 79, 62, 58, 255, 79, 62, 58, 255, 79, 62, 58, 255, 79, 62, 58, 255, 79, 62, 58, 255, 79, 62, 58, 255, 79, 62, 58, 255, 79, 62, 58, 255, 79, 62, 58, 255, 75, 59, 56, 242, 43, 43, 43, 245, 44, 44, 44, 255, 44, 44, 44, 255, 62, 44, 36, 197, 162, 54, 0, 255, 164, 55, 0, 255, 164, 55, 0, 255, 165, 55, 0, 255, 165, 55, 0, 255, 165, 55, 0, 255, 165, 55, 0, 255, 165, 55, 0, 255, 165, 55, 0, 255, 165, 55, 0, 255, 165, 55, 0, 255, 165, 55, 0, 255, 165, 55, 0, 255, 165, 55, 0, 255, 161, 63, 18, 255, 133, 47, 0, 255, 122, 45, 0, 255, 137, 75, 45, 255, 166, 126, 108, 255, 166, 126, 108, 255, 204, 172, 126, 215, 215, 186, 132, 255, 215, 186, 132, 255, 215, 186, 132, 255, 213, 185, 132, 246, 209, 181, 133, 229, 205, 178, 132, 216, 198, 174, 132, 205, 192, 170, 131, 198, 188, 167, 131, 193, 182, 164, 133, 192, 177, 159, 131, 193, 173, 156, 131, 198, 154, 137, 119, 201, 94, 45, 18, 196, 65, 45, 32, 196, 51, 46, 39, 232, 51, 47, 41, 255, 83, 45, 24, 190, 133, 46, 0, 250, 132, 47, 0, 255, 132, 47, 0, 255, 131, 47, 0, 250, 131, 46, 0, 208, 140, 49, 0, 191, 153, 51, 0, 212, 160, 53, 0, 253, 162, 56, 1, 255, 215, 186, 132, 242, 215, 186, 132, 255, 215, 186, 132, 255, 215, 186, 132, 255, 215, 186, 132, 255, 215, 186, 132, 255, 215, 186, 132, 255, 215, 186, 132, 255, 215, 186, 132, 255, 215, 186, 132, 255, 215, 186, 132, 255, 215, 186, 132, 255, 215, 186, 132, 255, 215, 186, 132, 255, 215, 186, 132, 255, 215, 186, 132, 255, 215, 186, 132, 255, 215, 186, 132, 255, 215, 186, 132, 255, 215, 186, 132, 255, 178, 88, 33, 192, 165, 55, 0, 255, 165, 55, 0, 255, 165, 55, 0, 255, 165, 55, 0, 255, 165, 55, 0, 255, 165, 55, 0, 255, 165, 55, 0, 255, 165, 55, 0, 255, 165, 55, 0, 255, 162, 53, 0, 247, 127, 53, 0, 193, 112, 55, 0, 255, 108, 58, 0, 154, 128, 0, 0, 2, 0, 0, 0, 0, 0, 0, 0, 0, 0, 0, 0, 0, 0, 0, 0, 0, 0, 0, 0, 0, 0, 0, 0, 0, 0, 0, 0, 0, 0, 0, 0, 0, 0, 0, 0, 0, 0, 0, 0, 0, 0, 0, 0, 0, 0, 0, 0, 0, 0, 0, 0, 0, 0, 0, 0, 0, 0, 0, 0, 0, 0, 0, 0, 0, 0, 0, 0, 0, 0, 0, 0, 0, 0, 0, 0, 0, 0, 0, 0, 0, 0, 0, 0, 0, 0, 0, 0, 0, 0, 0, 0, 0, 0, 0, 0, 0, 0, 0, 0, 0, 0, 0, 0, 0, 0, 0, 0, 0, 0, 0, 0, 0, 0, 0, 0, 0, 0, 0, 0, 0, 0, 0, 0, 0, 0, 0, 0, 0, 0, 0, 0, 0, 0, 0, 0, 0, 0, 0, 0, 0, 0, 0, 0, 0, 0, 0, 0, 0, 0, 0, 0, 0, 0, 0, 0, 0, 0, 0, 0, 0, 0, 0, 0, 0, 0, 0, 0, 0, 0, 0, 0, 0, 0, 0, 0, 0, 0, 0, 0, 0, 0, 0, 0, 0, 0, 0, 0, 0, 0, 0, 0, 0, 0, 0, 0, 0, 0, 0, 0, 0, 62, 58, 55, 183, 69, 61, 59, 199, 62, 57, 55, 235, 63, 59, 56, 255, 63, 59, 56, 255, 67, 66, 64, 205, 71, 71, 71, 255, 62, 59, 55, 212, 63, 59, 56, 255, 63, 59, 56, 255, 63, 59, 56, 255, 63, 59, 56, 255, 69, 61, 59, 199, 116, 85, 85, 255, 72, 71, 71, 221, 72, 72, 72, 255, 72, 72, 72, 255, 72, 72, 72, 255, 72, 72, 72, 255, 72, 72, 72, 255, 72, 72, 72, 255, 72, 72, 72, 255, 72, 72, 72, 255, 72, 72, 72, 255, 63, 60, 58, 194, 63, 59, 56, 255, 64, 60, 58, 196, 72, 72, 72, 255, 72, 72, 72, 255, 72, 72, 72, 255, 72, 72, 72, 255, 72, 72, 72, 255, 72, 72, 72, 255, 72, 72, 72, 255, 72, 72, 72, 255, 72, 72, 72, 255, 72, 72, 72, 255, 72, 72, 72, 255, 71, 71, 71, 233, 55, 48, 48, 183, 78, 61, 57, 255, 79, 62, 58, 255, 79, 62, 58, 255, 79, 62, 58, 255, 79, 62, 58, 255, 79, 62, 58, 255, 79, 62, 58, 255, 79, 62, 58, 255, 79, 62, 58, 255, 79, 62, 58, 255, 79, 62, 58, 255, 79, 62, 58, 255, 79, 62, 58, 255, 78, 61, 57, 255, 49, 45, 44, 195, 44, 44, 44, 255, 44, 44, 44, 255, 44, 44, 44, 255, 44, 44, 44, 255, 71, 45, 33, 193, 163, 54, 0, 255, 164, 55, 0, 255, 164, 55, 0, 255, 164, 55, 0, 255, 164, 55, 0, 255, 164, 55, 0, 255, 164, 55, 0, 255, 164, 55, 0, 255, 164, 55, 0, 255, 164, 55, 0, 255, 164, 55, 0, 255, 164, 55, 0, 255, 163, 54, 0, 255, 147, 56, 15, 255, 126, 48, 0, 255, 120, 43, 0, 255, 152, 103, 80, 255, 166, 126, 108, 255, 166, 128, 111, 235, 169, 152, 131, 205, 167, 152, 132, 217, 166, 151, 131, 231, 165, 151, 132, 247, 166, 151, 133, 255, 166, 151, 133, 255, 166, 151, 133, 255, 166, 151, 133, 255, 166, 151, 133, 255, 166, 151, 133, 255, 166, 151, 133, 255, 166, 151, 133, 255, 166, 151, 133, 255, 159, 132, 108, 221, 130, 47, 0, 255, 130, 47, 0, 255, 129, 46, 0, 255, 112, 46, 8, 219, 126, 45, 0, 252, 129, 47, 0, 255, 128, 48, 0, 255, 128, 48, 0, 255, 128, 48, 0, 255, 128, 48, 0, 255, 128, 48, 0, 255, 128, 48, 0, 255, 126, 47, 0, 238, 137, 59, 11, 186, 190, 168, 131, 195, 210, 182, 132, 232, 215, 186, 132, 255, 215, 186, 132, 255, 215, 186, 132, 255, 215, 186, 132, 255, 215, 186, 132, 255, 215, 186, 132, 255, 215, 186, 132, 255, 215, 186, 132, 255, 215, 186, 132, 255, 215, 186, 132, 255, 215, 186, 132, 255, 215, 186, 132, 255, 215, 186, 132, 255, 215, 186, 132, 255, 215, 186, 132, 255, 215, 186, 132, 255, 215, 186, 132, 255, 213, 181, 126, 247, 165, 55, 0, 235, 164, 55, 0, 255, 164, 55, 0, 255, 164, 55, 0, 255, 164, 55, 0, 255, 164, 55, 0, 255, 164, 55, 0, 255, 164, 55, 0, 255, 164, 55, 0, 255, 156, 53, 0, 222, 119, 53, 0, 216, 113, 55, 0, 255, 108, 57, 0, 142, 0, 0, 0, 0, 0, 0, 0, 0, 0, 0, 0, 0, 0, 0, 0, 0, 0, 0, 0, 0, 0, 0, 0, 0, 0, 0, 0, 0, 0, 0, 0, 0, 0, 0, 0, 0, 0, 0, 0, 0, 0, 0, 0, 0, 0, 0, 0, 0, 0, 0, 0, 0, 0, 0, 0, 0, 0, 0, 0, 0, 0, 0, 0, 0, 0, 0, 0, 0, 0, 0, 0, 0, 0, 0, 0, 0, 0, 0, 0, 0, 0, 0, 0, 0, 0, 0, 0, 0, 0, 0, 0, 0, 0, 0, 0, 0, 0, 0, 0, 0, 0, 0, 0, 0, 0, 0, 0, 0, 0, 0, 0, 0, 0, 0, 0, 0, 0, 0, 0, 0, 0, 0, 0, 0, 0, 0, 0, 0, 0, 0, 0, 0, 0, 0, 0, 0, 0, 0, 0, 0, 0, 0, 0, 0, 0, 0, 0, 0, 0, 0, 0, 0, 0, 0, 0, 0, 0, 0, 0, 0, 0, 0, 0, 0, 0, 0, 0, 0, 0, 0, 0, 0, 0, 0, 0, 0, 0, 0, 0, 0, 0, 0, 0, 0, 0, 0, 0, 0, 0, 0, 0, 0, 0, 0, 0, 0, 0, 0, 0, 0, 0, 0, 0, 0, 0, 0, 0, 0, 60, 56, 56, 59, 63, 59, 56, 255, 62, 58, 55, 254, 63, 59, 56, 255, 63, 59, 56, 255, 65, 62, 61, 192, 66, 64, 63, 197, 63, 59, 56, 255, 63, 59, 56, 255, 63, 59, 56, 255, 63, 59, 56, 255, 63, 59, 56, 255, 67, 61, 58, 205, 110, 83, 83, 233, 72, 72, 72, 255, 72, 72, 72, 255, 72, 72, 72, 255, 72, 72, 72, 255, 72, 72, 72, 255, 72, 72, 72, 255, 72, 72, 72, 255, 72, 72, 72, 255, 72, 72, 72, 255, 68, 68, 67, 223, 62, 58, 55, 252, 62, 59, 56, 242, 69, 68, 68, 235, 72, 72, 72, 255, 72, 72, 72, 255, 72, 72, 72, 255, 72, 72, 72, 255, 72, 72, 72, 255, 72, 72, 72, 255, 72, 72, 72, 255, 72, 72, 72, 255, 72, 72, 72, 255, 72, 72, 72, 255, 70, 70, 70, 225, 47, 43, 40, 188, 77, 60, 56, 254, 79, 62, 58, 255, 79, 62, 58, 255, 79, 62, 58, 255, 79, 62, 58, 255, 79, 62, 58, 255, 79, 62, 58, 255, 79, 62, 58, 255, 79, 62, 58, 255, 79, 62, 58, 255, 79, 62, 58, 255, 79, 62, 58, 255, 79, 62, 58, 255, 79, 62, 58, 255, 57, 49, 47, 193, 44, 44, 44, 255, 44, 44, 44, 255, 44, 44, 44, 255, 44, 44, 44, 255, 44, 44, 44, 255, 44, 44, 44, 255, 105, 64, 44, 246, 163, 55, 0, 255, 163, 55, 0, 255, 163, 55, 0, 255, 164, 55, 0, 255, 164, 55, 0, 255, 164, 55, 0, 255, 164, 55, 0, 255, 164, 55, 0, 255, 164, 55, 0, 255, 164, 55, 0, 255, 164, 55, 0, 255, 158, 66, 26, 255, 136, 46, 0, 255, 123, 47, 0, 255, 126, 54, 18, 255, 165, 125, 107, 255, 166, 126, 108, 255, 164, 145, 126, 194, 166, 151, 133, 255, 166, 151, 133, 255, 166, 151, 133, 255, 166, 151, 133, 255, 166, 151, 133, 255, 166, 151, 133, 255, 166, 151, 133, 255, 166, 151, 133, 255, 166, 151, 133, 255, 166, 151, 133, 255, 166, 151, 133, 255, 166, 151, 133, 255, 166, 151, 133, 255, 150, 108, 77, 199, 128, 48, 0, 255, 128, 48, 0, 255, 128, 48, 0, 255, 128, 48, 0, 255, 128, 48, 0, 255, 128, 48, 0, 255, 127, 48, 0, 255, 127, 48, 0, 255, 127, 48, 0, 255, 127, 48, 0, 255, 127, 48, 0, 255, 127, 48, 0, 255, 126, 48, 0, 255, 137, 74, 34, 192, 166, 151, 133, 255, 166, 151, 133, 255, 168, 152, 133, 217, 180, 161, 133, 192, 199, 175, 132, 209, 213, 184, 132, 252, 215, 186, 132, 255, 215, 186, 132, 255, 215, 186, 132, 255, 215, 186, 132, 255, 215, 186, 132, 255, 215, 186, 132, 255, 215, 186, 132, 255, 215, 186, 132, 255, 215, 186, 132, 255, 215, 186, 132, 255, 215, 186, 132, 255, 215, 186, 132, 255, 215, 186, 132, 255, 185, 110, 54, 192, 163, 55, 0, 255, 163, 55, 0, 255, 163, 55, 0, 255, 163, 55, 0, 255, 163, 55, 0, 255, 163, 55, 0, 255, 163, 55, 0, 255, 161, 53, 0, 248, 135, 50, 0, 191, 117, 52, 0, 247, 113, 55, 0, 255, 108, 56, 0, 127, 0, 0, 0, 0, 0, 0, 0, 0, 0, 0, 0, 0, 0, 0, 0, 0, 0, 0, 0, 0, 0, 0, 0, 0, 0, 0, 0, 0, 0, 0, 0, 0, 0, 0, 0, 0, 0, 0, 0, 0, 0, 0, 0, 0, 0, 0, 0, 0, 0, 0, 0, 0, 0, 0, 0, 0, 0, 0, 0, 0, 0, 0, 0, 0, 0, 0, 0, 0, 0, 0, 0, 0, 0, 0, 0, 0, 0, 0, 0, 0, 0, 0, 0, 0, 0, 0, 0, 0, 0, 0, 0, 0, 0, 0, 0, 0, 0, 0, 0, 0, 0, 0, 0, 0, 0, 0, 0, 0, 0, 0, 0, 0, 0, 0, 0, 0, 0, 0, 0, 0, 0, 0, 0, 0, 0, 0, 0, 0, 0, 0, 0, 0, 0, 0, 0, 0, 0, 0, 0, 0, 0, 0, 0, 0, 0, 0, 0, 0, 0, 0, 0, 0, 0, 0, 0, 0, 0, 0, 0, 0, 0, 0, 0, 0, 0, 0, 0, 0, 0, 0, 0, 0, 0, 0, 0, 0, 0, 0, 0, 0, 0, 0, 0, 0, 0, 0, 0, 0, 0, 0, 0, 0, 0, 0, 0, 0, 0, 0, 0, 0, 0, 0, 0, 0, 0, 0, 0, 0, 0, 0, 0, 0, 0, 0, 0, 0, 63, 59, 55, 190, 63, 59, 56, 255, 63, 59, 56, 255, 63, 59, 56, 255, 62, 59, 56, 242, 62, 58, 55, 241, 63, 59, 56, 255, 63, 59, 56, 255, 63, 59, 56, 255, 63, 59, 56, 255, 63, 59, 56, 255, 63, 58, 56, 227, 94, 77, 77, 197, 72, 72, 72, 255, 72, 72, 72, 255, 72, 72, 72, 255, 72, 72, 72, 255, 72, 72, 72, 255, 72, 72, 72, 255, 72, 72, 72, 255, 72, 72, 72, 255, 71, 71, 71, 255, 62, 58, 56, 204, 63, 59, 56, 255, 66, 64, 62, 193, 72, 72, 72, 255, 72, 72, 72, 255, 72, 72, 72, 255, 72, 72, 72, 255, 72, 72, 72, 255, 72, 72, 72, 255, 72, 72, 72, 255, 72, 72, 72, 255, 72, 72, 72, 255, 72, 72, 72, 255, 69, 69, 69, 216, 41, 37, 36, 199, 76, 59, 56, 248, 79, 62, 58, 255, 79, 62, 58, 255, 79, 62, 58, 255, 79, 62, 58, 255, 79, 62, 58, 255, 79, 62, 58, 255, 79, 62, 58, 255, 79, 62, 58, 255, 79, 62, 58, 255, 79, 62, 58, 255, 79, 62, 58, 255, 79, 62, 58, 255, 79, 62, 58, 255, 64, 53, 51, 200, 43, 43, 43, 253, 44, 44, 44, 255, 44, 44, 44, 255, 44, 44, 44, 255, 44, 44, 44, 255, 44, 44, 44, 255, 44, 44, 44, 255, 44, 44, 44, 255, 138, 62, 24, 255, 163, 55, 0, 255, 163, 55, 0, 255, 163, 55, 0, 255, 163, 55, 0, 255, 163, 55, 0, 255, 163, 55, 0, 255, 163, 55, 0, 255, 163, 55, 0, 255, 163, 55, 0, 255, 161, 63, 17, 255, 144, 45, 2, 255, 128, 48, 0, 255, 120, 44, 0, 255, 148, 95, 70, 255, 166, 126, 108, 255, 166, 129, 111, 223, 166, 151, 133, 252, 166, 151, 133, 255, 166, 151, 133, 255, 166, 151, 133, 255, 166, 151, 133, 255, 166, 151, 133, 255, 166, 151, 133, 255, 166, 151, 133, 255, 166, 151, 133, 255, 166, 151, 133, 255, 166, 151, 133, 255, 166, 151, 133, 255, 166, 151, 133, 255, 166, 151, 133, 255, 141, 84, 46, 192, 127, 48, 0, 255, 127, 48, 0, 255, 127, 48, 0, 255, 127, 48, 0, 255, 127, 48, 0, 255, 127, 48, 0, 255, 126, 48, 0, 255, 126, 48, 0, 255, 126, 48, 0, 255, 126, 48, 0, 255, 126, 48, 0, 255, 126, 48, 0, 255, 125, 48, 0, 255, 152, 118, 90, 206, 166, 151, 133, 255, 166, 151, 133, 255, 166, 151, 133, 255, 166, 151, 133, 255, 166, 151, 133, 255, 165, 150, 132, 241, 172, 154, 131, 200, 190, 168, 132, 195, 209, 182, 132, 231, 215, 186, 132, 255, 215, 186, 132, 255, 215, 186, 132, 255, 215, 186, 132, 255, 215, 186, 132, 255, 215, 186, 132, 255, 215, 186, 132, 255, 215, 186, 132, 255, 215, 186, 132, 255, 212, 181, 127, 249, 162, 56, 1, 231, 162, 55, 0, 255, 162, 55, 0, 255, 162, 55, 0, 255, 162, 55, 0, 255, 162, 55, 0, 255, 162, 55, 0, 255, 148, 52, 0, 205, 121, 50, 0, 223, 116, 53, 0, 255, 112, 55, 0, 255, 107, 58, 0, 114, 0, 0, 0, 0, 0, 0, 0, 0, 0, 0, 0, 0, 0, 0, 0, 0, 0, 0, 0, 0, 0, 0, 0, 0, 0, 0, 0, 0, 0, 0, 0, 0, 0, 0, 0, 0, 0, 0, 0, 0, 0, 0, 0, 0, 0, 0, 0, 0, 0, 0, 0, 0, 0, 0, 0, 0, 0, 0, 0, 0, 0, 0, 0, 0, 0, 0, 0, 0, 0, 0, 0, 0, 0, 0, 0, 0, 0, 0, 0, 0, 0, 0, 0, 0, 0, 0, 0, 0, 0, 0, 0, 0, 0, 0, 0, 0, 0, 0, 0, 0, 0, 0, 0, 0, 0, 0, 0, 0, 0, 0, 0, 0, 0, 0, 0, 0, 0, 0, 0, 0, 0, 0, 0, 0, 0, 0, 0, 0, 0, 0, 0, 0, 0, 0, 0, 0, 0, 0, 0, 0, 0, 0, 0, 0, 0, 0, 0, 0, 0, 0, 0, 0, 0, 0, 0, 0, 0, 0, 0, 0, 0, 0, 0, 0, 0, 0, 0, 0, 0, 0, 0, 0, 0, 0, 0, 0, 0, 0, 0, 0, 0, 0, 0, 0, 0, 0, 0, 0, 0, 0, 0, 0, 0, 0, 0, 0, 0, 0, 0, 0, 0, 0, 0, 0, 0, 0, 0, 0, 0, 0, 0, 0, 0, 0, 0, 0, 0, 0, 0, 0, 62, 57, 52, 49, 62, 58, 55, 249, 63, 59, 56, 255, 63, 59, 56, 255, 63, 59, 56, 255, 63, 59, 56, 255, 63, 59, 56, 255, 63, 59, 56, 255, 63, 59, 56, 255, 63, 59, 56, 255, 63, 59, 56, 255, 63, 59, 56, 255, 72, 69, 68, 192, 72, 72, 72, 255, 72, 72, 72, 255, 72, 72, 72, 255, 72, 72, 72, 255, 72, 72, 72, 255, 72, 72, 72, 255, 72, 72, 72, 255, 72, 72, 72, 255, 67, 65, 64, 202, 63, 59, 56, 255, 61, 58, 55, 215, 70, 70, 70, 253, 72, 72, 72, 255, 72, 72, 72, 255, 72, 72, 72, 255, 72, 72, 72, 255, 72, 72, 72, 255, 72, 72, 72, 255, 72, 72, 72, 255, 72, 72, 72, 255, 72, 72, 72, 255, 68, 68, 66, 207, 36, 35, 33, 217, 75, 58, 54, 237, 79, 62, 58, 255, 79, 62, 58, 255, 79, 62, 58, 255, 79, 62, 58, 255, 79, 62, 58, 255, 79, 62, 58, 255, 79, 62, 58, 255, 79, 62, 58, 255, 79, 62, 58, 255, 79, 62, 58, 255, 79, 62, 58, 255, 79, 62, 58, 255, 79, 62, 58, 255, 57, 50, 47, 193, 43, 43, 43, 253, 44, 44, 44, 255, 44, 44, 44, 255, 44, 44, 44, 255, 44, 44, 44, 255, 44, 44, 44, 255, 44, 44, 44, 255, 44, 44, 44, 255, 44, 44, 44, 255, 68, 57, 51, 255, 160, 54, 0, 255, 162, 55, 0, 255, 162, 55, 0, 255, 162, 55, 0, 255, 162, 55, 0, 255, 162, 55, 0, 255, 162, 55, 0, 255, 162, 55, 0, 255, 161, 57, 6, 255, 151, 51, 11, 255, 135, 46, 0, 255, 123, 46, 0, 255, 127, 56, 20, 255, 165, 124, 106, 255, 166, 126, 108, 255, 165, 147, 129, 200, 166, 151, 133, 255, 166, 151, 133, 255, 166, 151, 133, 255, 166, 151, 133, 255, 166, 151, 133, 255, 166, 151, 133, 255, 166, 151, 133, 255, 166, 151, 133, 255, 166, 151, 133, 255, 166, 151, 133, 255, 166, 151, 133, 255, 166, 151, 133, 255, 166, 151, 133, 255, 166, 151, 133, 255, 133, 64, 20, 196, 126, 48, 0, 255, 126, 48, 0, 255, 126, 48, 0, 255, 126, 48, 0, 255, 126, 48, 0, 255, 126, 48, 0, 255, 125, 48, 0, 255, 125, 48, 0, 255, 125, 48, 0, 255, 125, 48, 0, 255, 125, 48, 0, 255, 125, 48, 0, 255, 124, 49, 0, 240, 165, 147, 128, 251, 166, 151, 133, 255, 166, 151, 133, 255, 166, 151, 133, 255, 166, 151, 133, 255, 166, 151, 133, 255, 166, 151, 133, 255, 166, 151, 133, 255, 166, 151, 133, 255, 166, 151, 133, 255, 167, 152, 132, 218, 180, 161, 132, 192, 200, 176, 132, 208, 213, 184, 132, 252, 215, 186, 132, 255, 215, 186, 132, 255, 215, 186, 132, 255, 215, 186, 132, 255, 215, 186, 132, 255, 179, 100, 45, 191, 161, 55, 0, 255, 161, 55, 0, 255, 161, 55, 0, 255, 161, 55, 0, 255, 161, 55, 0, 255, 156, 53, 0, 231, 128, 50, 0, 197, 118, 52, 0, 255, 115, 54, 0, 255, 110, 55, 0, 250, 107, 56, 0, 100, 0, 0, 0, 0, 0, 0, 0, 0, 0, 0, 0, 0, 0, 0, 0, 0, 0, 0, 0, 0, 0, 0, 0, 0, 0, 0, 0, 0, 0, 0, 0, 0, 0, 0, 0, 0, 0, 0, 0, 0, 0, 0, 0, 0, 0, 0, 0, 0, 0, 0, 0, 0, 0, 0, 0, 0, 0, 0, 0, 0, 0, 0, 0, 0, 0, 0, 0, 0, 0, 0, 0, 0, 0, 0, 0, 0, 0, 0, 0, 0, 0, 0, 0, 0, 0, 0, 0, 0, 0, 0, 0, 0, 0, 0, 0, 0, 0, 0, 0, 0, 0, 0, 0, 0, 0, 0, 0, 0, 0, 0, 0, 0, 0, 0, 0, 0, 0, 0, 0, 0, 0, 0, 0, 0, 0, 0, 0, 0, 0, 0, 0, 0, 0, 0, 0, 0, 0, 0, 0, 0, 0, 0, 0, 0, 0, 0, 0, 0, 0, 0, 0, 0, 0, 0, 0, 0, 0, 0, 0, 0, 0, 0, 0, 0, 0, 0, 0, 0, 0, 0, 0, 0, 0, 0, 0, 0, 0, 0, 0, 0, 0, 0, 0, 0, 0, 0, 0, 0, 0, 0, 0, 0, 0, 0, 0, 0, 0, 0, 0, 0, 0, 0, 0, 0, 0, 0, 0, 0, 0, 0, 0, 0, 0, 0, 0, 0, 0, 0, 0, 0, 0, 0, 0, 0, 0, 0, 0, 0, 62, 57, 55, 106, 63, 59, 56, 255, 63, 59, 56, 255, 63, 59, 56, 255, 63, 59, 56, 255, 63, 59, 56, 255, 63, 59, 56, 255, 63, 59, 56, 255, 63, 59, 56, 255, 63, 59, 56, 255, 63, 59, 56, 255, 68, 67, 67, 223, 72, 72, 72, 255, 72, 72, 72, 255, 72, 72, 72, 255, 72, 72, 72, 255, 72, 72, 72, 255, 72, 72, 72, 255, 72, 72, 72, 255, 70, 70, 69, 249, 62, 59, 55, 225, 62, 58, 55, 253, 69, 67, 66, 215, 72, 72, 72, 255, 72, 72, 72, 255, 72, 72, 72, 255, 72, 72, 72, 255, 72, 72, 72, 255, 72, 72, 72, 255, 72, 72, 72, 255, 72, 72, 72, 255, 71, 70, 70, 245, 59, 57, 57, 181, 35, 33, 30, 248, 63, 51, 47, 205, 79, 62, 58, 255, 79, 62, 58, 255, 79, 62, 58, 255, 79, 62, 58, 255, 79, 62, 58, 255, 79, 62, 58, 255, 79, 62, 58, 255, 79, 62, 58, 255, 79, 62, 58, 255, 79, 62, 58, 255, 79, 62, 58, 255, 79, 62, 58, 255, 77, 60, 56, 254, 52, 46, 46, 192, 44, 44, 44, 255, 44, 44, 44, 255, 44, 44, 44, 255, 44, 44, 44, 255, 44, 44, 44, 255, 44, 44, 44, 255, 44, 44, 44, 255, 44, 44, 44, 255, 44, 44, 44, 255, 44, 44, 44, 255, 44, 44, 44, 255, 112, 66, 44, 255, 161, 55, 0, 255, 162, 55, 0, 255, 162, 55, 0, 255, 162, 55, 0, 255, 162, 55, 0, 255, 162, 55, 0, 255, 161, 54, 0, 255, 156, 60, 21, 255, 140, 45, 0, 255, 125, 48, 0, 255, 120, 43, 0, 255, 153, 103, 81, 255, 166, 126, 108, 255, 166, 132, 114, 211, 166, 151, 133, 255, 166, 151, 133, 255, 166, 151, 133, 255, 166, 151, 133, 255, 166, 151, 133, 255, 166, 151, 133, 255, 166, 151, 133, 255, 166, 151, 133, 255, 166, 151, 133, 255, 166, 151, 133, 255, 166, 151, 133, 255, 166, 151, 133, 255, 166, 151, 133, 255, 166, 151, 133, 255, 166, 151, 133, 255, 126, 52, 4, 216, 125, 48, 0, 255, 125, 48, 0, 255, 125, 48, 0, 255, 125, 48, 0, 255, 125, 48, 0, 255, 125, 48, 0, 255, 125, 48, 0, 255, 124, 49, 0, 255, 123, 49, 0, 255, 122, 50, 0, 255, 121, 51, 0, 255, 120, 51, 0, 255, 125, 65, 19, 198, 166, 151, 133, 255, 166, 151, 133, 255, 166, 151, 133, 255, 166, 151, 133, 255, 166, 151, 133, 255, 166, 151, 133, 255, 166, 151, 133, 255, 166, 151, 133, 255, 166, 151, 133, 255, 166, 151, 133, 255, 166, 151, 133, 255, 166, 151, 133, 255, 166, 151, 133, 255, 166, 151, 133, 242, 172, 156, 131, 200, 190, 169, 131, 195, 209, 182, 132, 231, 215, 186, 132, 255, 206, 162, 108, 222, 160, 54, 0, 248, 160, 55, 0, 255, 160, 55, 0, 255, 160, 55, 0, 255, 156, 53, 0, 230, 132, 50, 0, 192, 120, 50, 0, 247, 116, 53, 0, 255, 113, 55, 0, 255, 110, 56, 0, 223, 104, 56, 0, 54, 0, 0, 0, 0, 0, 0, 0, 0, 0, 0, 0, 0, 0, 0, 0, 0, 0, 0, 0, 0, 0, 0, 0, 0, 0, 0, 0, 0, 0, 0, 0, 0, 0, 0, 0, 0, 0, 0, 0, 0, 0, 0, 0, 0, 0, 0, 0, 0, 0, 0, 0, 0, 0, 0, 0, 0, 0, 0, 0, 0, 0, 0, 0, 0, 0, 0, 0, 0, 0, 0, 0, 0, 0, 0, 0, 0, 0, 0, 0, 0, 0, 0, 0, 0, 0, 0, 0, 0, 0, 0, 0, 0, 0, 0, 0, 0, 0, 0, 0, 0, 0, 0, 0, 0, 0, 0, 0, 0, 0, 0, 0, 0, 0, 0, 0, 0, 0, 0, 0, 0, 0, 0, 0, 0, 0, 0, 0, 0, 0, 0, 0, 0, 0, 0, 0, 0, 0, 0, 0, 0, 0, 0, 0, 0, 0, 0, 0, 0, 0, 0, 0, 0, 0, 0, 0, 0, 0, 0, 0, 0, 0, 0, 0, 0, 0, 0, 0, 0, 0, 0, 0, 0, 0, 0, 0, 0, 0, 0, 0, 0, 0, 0, 0, 0, 0, 0, 0, 0, 0, 0, 0, 0, 0, 0, 0, 0, 0, 0, 0, 0, 0, 0, 0, 0, 0, 0, 0, 0, 0, 0, 0, 0, 0, 0, 0, 0, 0, 0, 0, 0, 0, 0, 0, 0, 0, 0, 0, 0, 0, 0, 0, 0, 0, 0, 0, 0, 63, 59, 54, 117, 63, 59, 56, 255, 63, 59, 56, 255, 63, 59, 56, 255, 63, 59, 56, 255, 63, 59, 56, 255, 63, 59, 56, 255, 63, 59, 56, 255, 63, 59, 56, 255, 63, 59, 56, 255, 69, 67, 67, 215, 72, 72, 72, 255, 72, 72, 72, 255, 72, 72, 72, 255, 72, 72, 72, 255, 72, 72, 72, 255, 72, 72, 72, 255, 72, 72, 72, 255, 64, 62, 59, 193, 63, 59, 56, 255, 64, 61, 59, 193, 72, 72, 72, 255, 72, 72, 72, 255, 72, 72, 72, 255, 72, 72, 72, 255, 72, 72, 72, 255, 72, 72, 72, 255, 72, 72, 72, 255, 70, 70, 70, 251, 66, 63, 62, 193, 56, 52, 51, 189, 34, 32, 30, 252, 40, 36, 33, 198, 79, 62, 58, 255, 79, 62, 58, 255, 79, 62, 58, 255, 79, 62, 58, 255, 79, 62, 58, 255, 79, 62, 58, 255, 79, 62, 58, 255, 79, 62, 58, 255, 79, 62, 58, 255, 79, 62, 58, 255, 79, 62, 58, 255, 79, 62, 58, 255, 73, 58, 55, 232, 46, 45, 44, 203, 44, 44, 44, 255, 44, 44, 44, 255, 44, 44, 44, 255, 44, 44, 44, 255, 44, 44, 44, 255, 44, 44, 44, 255, 44, 44, 44, 255, 44, 44, 44, 255, 44, 44, 44, 255, 44, 44, 44, 255, 44, 44, 44, 255, 44, 44, 44, 255, 63, 54, 50, 255, 161, 55, 0, 255, 161, 55, 0, 255, 161, 55, 0, 255, 161, 55, 0, 255, 161, 55, 0, 255, 161, 55, 0, 255, 158, 66, 26, 255, 144, 44, 0, 255, 130, 47, 0, 255, 121, 45, 0, 255, 133, 67, 35, 255, 166, 126, 108, 255, 166, 126, 108, 255, 166, 149, 131, 211, 166, 151, 133, 255, 166, 151, 133, 255, 166, 151, 133, 255, 166, 151, 133, 255, 166, 151, 133, 255, 166, 151, 133, 255, 166, 151, 133, 255, 166, 151, 133, 255, 166, 151, 133, 255, 166, 151, 133, 255, 166, 151, 133, 255, 166, 151, 133, 255, 166, 151, 133, 255, 166, 151, 133, 255, 165, 149, 131, 254, 121, 49, 0, 247, 121, 50, 0, 255, 121, 50, 0, 255, 121, 51, 0, 255, 120, 51, 0, 255, 120, 51, 0, 255, 119, 51, 0, 255, 119, 52, 0, 255, 118, 52, 0, 255, 117, 53, 0, 255, 116, 53, 0, 255, 115, 54, 0, 255, 114, 54, 0, 255, 139, 104, 69, 196, 166, 151, 133, 255, 166, 151, 133, 255, 166, 151, 133, 255, 166, 151, 133, 255, 166, 151, 133, 255, 166, 151, 133, 255, 166, 151, 133, 255, 166, 151, 133, 255, 166, 151, 133, 255, 166, 151, 133, 255, 166, 151, 133, 255, 166, 151, 133, 255, 166, 151, 133, 255, 166, 151, 133, 255, 166, 151, 133, 255, 166, 151, 133, 255, 166, 151, 133, 255, 165, 147, 127, 215, 141, 65, 16, 181, 153, 53, 0, 222, 159, 55, 0, 255, 154, 53, 0, 228, 129, 50, 0, 193, 118, 50, 0, 248, 117, 53, 0, 255, 114, 54, 0, 255, 111, 56, 0, 255, 108, 57, 0, 175, 96, 48, 0, 16, 0, 0, 0, 0, 0, 0, 0, 0, 0, 0, 0, 0, 0, 0, 0, 0, 0, 0, 0, 0, 0, 0, 0, 0, 0, 0, 0, 0, 0, 0, 0, 0, 0, 0, 0, 0, 0, 0, 0, 0, 0, 0, 0, 0, 0, 0, 0, 0, 0, 0, 0, 0, 0, 0, 0, 0, 0, 0, 0, 0, 0, 0, 0, 0, 0, 0, 0, 0, 0, 0, 0, 0, 0, 0, 0, 0, 0, 0, 0, 0, 0, 0, 0, 0, 0, 0, 0, 0, 0, 0, 0, 0, 0, 0, 0, 0, 0, 0, 0, 0, 0, 0, 0, 0, 0, 0, 0, 0, 0, 0, 0, 0, 0, 0, 0, 0, 0, 0, 0, 0, 0, 0, 0, 0, 0, 0, 0, 0, 0, 0, 0, 0, 0, 0, 0, 0, 0, 0, 0, 0, 0, 0, 0, 0, 0, 0, 0, 0, 0, 0, 0, 0, 0, 0, 0, 0, 0, 0, 0, 0, 0, 0, 0, 0, 0, 0, 0, 0, 0, 0, 0, 0, 0, 0, 0, 0, 0, 0, 0, 0, 0, 0, 0, 0, 0, 0, 0, 0, 0, 0, 0, 0, 0, 0, 0, 0, 0, 0, 0, 0, 0, 0, 0, 0, 0, 0, 0, 0, 0, 0, 0, 0, 0, 0, 0, 0, 0, 0, 0, 0, 0, 0, 0, 0, 0, 0, 0, 0, 0, 0, 0, 0, 0, 0, 0, 0, 0, 0, 0, 0, 0, 0, 0, 0, 61, 57, 54, 71, 62, 59, 55, 225, 63, 59, 56, 255, 63, 59, 56, 255, 63, 59, 56, 255, 63, 59, 56, 255, 63, 59, 56, 255, 63, 59, 56, 255, 63, 59, 56, 255, 61, 58, 55, 223, 70, 70, 70, 244, 72, 72, 72, 255, 72, 72, 72, 255, 72, 72, 72, 255, 72, 72, 72, 255, 72, 72, 72, 255, 67, 64, 64, 202, 63, 59, 56, 255, 62, 59, 56, 228, 70, 70, 70, 244, 72, 72, 72, 255, 72, 72, 72, 255, 72, 72, 72, 255, 72, 72, 72, 255, 72, 72, 72, 255, 70, 70, 70, 254, 66, 65, 64, 196, 63, 58, 56, 227, 56, 52, 48, 195, 33, 31, 29, 254, 33, 32, 30, 241, 74, 57, 55, 235, 79, 62, 58, 255, 79, 62, 58, 255, 79, 62, 58, 255, 79, 62, 58, 255, 79, 62, 58, 255, 79, 62, 58, 255, 79, 62, 58, 255, 79, 62, 58, 255, 79, 62, 58, 255, 79, 62, 58, 255, 78, 61, 57, 255, 59, 51, 49, 195, 43, 43, 43, 241, 44, 44, 44, 255, 44, 44, 44, 255, 44, 44, 44, 255, 44, 44, 44, 255, 44, 44, 44, 255, 44, 44, 44, 255, 44, 44, 44, 255, 44, 44, 44, 255, 44, 44, 44, 255, 44, 44, 44, 255, 44, 44, 44, 255, 44, 44, 44, 255, 44, 44, 44, 255, 44, 44, 44, 255, 149, 57, 10, 255, 160, 55, 0, 255, 160, 55, 0, 255, 160, 55, 0, 255, 160, 55, 0, 255, 159, 64, 20, 255, 147, 43, 1, 255, 133, 47, 0, 255, 122, 46, 0, 255, 121, 46, 7, 255, 160, 116, 96, 255, 166, 126, 108, 255, 165, 136, 118, 199, 166, 151, 133, 255, 166, 151, 133, 255, 166, 151, 133, 255, 166, 151, 133, 255, 166, 151, 133, 255, 166, 151, 133, 255, 166, 151, 133, 255, 166, 151, 133, 255, 166, 151, 133, 255, 166, 151, 133, 255, 166, 151, 133, 255, 166, 151, 133, 255, 166, 151, 133, 255, 166, 151, 133, 255, 166, 151, 133, 255, 158, 135, 112, 225, 116, 53, 0, 255, 116, 53, 0, 255, 115, 54, 0, 255, 115, 54, 0, 255, 115, 54, 0, 255, 114, 54, 0, 255, 114, 55, 0, 255, 113, 55, 0, 255, 112, 55, 0, 255, 111, 56, 0, 255, 110, 56, 0, 255, 109, 57, 0, 255, 108, 57, 0, 253, 160, 142, 120, 237, 166, 151, 133, 255, 166, 151, 133, 255, 166, 151, 133, 255, 166, 151, 133, 255, 166, 151, 133, 255, 166, 151, 133, 255, 166, 151, 133, 255, 166, 151, 133, 255, 166, 151, 133, 255, 166, 151, 133, 255, 166, 151, 133, 255, 166, 151, 133, 255, 166, 151, 133, 255, 166, 151, 133, 255, 166, 151, 133, 255, 166, 151, 133, 255, 165, 150, 132, 255, 132, 68, 23, 195, 123, 49, 0, 255, 122, 50, 0, 255, 121, 50, 0, 217, 117, 52, 0, 250, 116, 53, 0, 255, 114, 55, 0, 255, 111, 56, 0, 255, 107, 56, 0, 249, 106, 57, 0, 111, 0, 0, 0, 0, 0, 0, 0, 0, 0, 0, 0, 0, 0, 0, 0, 0, 0, 0, 0, 0, 0, 0, 0, 0, 0, 0, 0, 0, 0, 0, 0, 0, 0, 0, 0, 0, 0, 0, 0, 0, 0, 0, 0, 0, 0, 0, 0, 0, 0, 0, 0, 0, 0, 0, 0, 0, 0, 0, 0, 0, 0, 0, 0, 0, 0, 0, 0, 0, 0, 0, 0, 0, 0, 0, 0, 0, 0, 0, 0, 0, 0, 0, 0, 0, 0, 0, 0, 0, 0, 0, 0, 0, 0, 0, 0, 0, 0, 0, 0, 0, 0, 0, 0, 0, 0, 0, 0, 0, 0, 0, 0, 0, 0, 0, 0, 0, 0, 0, 0, 0, 0, 0, 0, 0, 0, 0, 0, 0, 0, 0, 0, 0, 0, 0, 0, 0, 0, 0, 0, 0, 0, 0, 0, 0, 0, 0, 0, 0, 0, 0, 0, 0, 0, 0, 0, 0, 0, 0, 0, 0, 0, 0, 0, 0, 0, 0, 0, 0, 0, 0, 0, 0, 0, 0, 0, 0, 0, 0, 0, 0, 0, 0, 0, 0, 0, 0, 0, 0, 0, 0, 0, 0, 0, 0, 0, 0, 0, 0, 0, 0, 0, 0, 0, 0, 0, 0, 0, 0, 0, 0, 0, 0, 0, 0, 0, 0, 0, 0, 0, 0, 0, 0, 0, 0, 0, 0, 0, 0, 0, 0, 0, 0, 0, 0, 0, 0, 0, 0, 0, 0, 0, 0, 0, 0, 0, 0, 0, 0, 0, 0, 0, 0, 0, 0, 0, 0, 51, 51, 51, 5, 62, 56, 54, 90, 62, 58, 55, 165, 62, 59, 55, 216, 63, 58, 55, 239, 63, 59, 56, 255, 63, 59, 56, 255, 63, 59, 56, 255, 63, 59, 56, 255, 62, 58, 56, 213, 70, 70, 70, 240, 72, 72, 72, 255, 72, 72, 72, 255, 72, 72, 72, 255, 70, 69, 69, 231, 62, 58, 55, 238, 63, 59, 56, 255, 67, 66, 64, 205, 72, 72, 72, 255, 72, 72, 72, 255, 72, 72, 72, 255, 72, 72, 72, 255, 71, 71, 71, 255, 66, 65, 64, 199, 61, 57, 55, 221, 63, 59, 56, 255, 54, 50, 47, 193, 34, 32, 30, 255, 35, 33, 31, 255, 41, 36, 33, 198, 65, 52, 49, 211, 73, 57, 53, 234, 79, 62, 58, 255, 79, 62, 58, 255, 79, 62, 58, 255, 79, 62, 58, 255, 79, 62, 58, 255, 79, 62, 58, 255, 79, 62, 58, 255, 79, 62, 58, 255, 71, 57, 53, 223, 46, 44, 44, 208, 44, 44, 44, 255, 44, 44, 44, 255, 44, 44, 44, 255, 44, 44, 44, 255, 44, 44, 44, 255, 44, 44, 44, 255, 44, 44, 44, 255, 44, 44, 44, 255, 44, 44, 44, 255, 44, 44, 44, 255, 44, 44, 44, 255, 44, 44, 44, 255, 44, 44, 44, 255, 44, 44, 44, 255, 44, 44, 44, 255, 44, 44, 44, 255, 123, 66, 37, 255, 159, 55, 0, 255, 160, 55, 0, 255, 160, 55, 0, 255, 159, 65, 20, 255, 149, 49, 8, 255, 134, 46, 0, 255, 123, 47, 0, 255, 119, 42, 0, 255, 149, 97, 73, 255, 166, 126, 108, 255, 166, 127, 108, 251, 165, 149, 132, 224, 166, 151, 133, 255, 166, 151, 133, 255, 166, 151, 133, 255, 166, 151, 133, 255, 166, 151, 133, 255, 166, 151, 133, 255, 166, 151, 133, 255, 166, 151, 133, 255, 166, 151, 133, 255, 166, 151, 133, 255, 166, 151, 133, 255, 166, 151, 133, 255, 166, 151, 133, 255, 166, 151, 133, 255, 166, 151, 133, 255, 145, 115, 82, 201, 110, 57, 0, 255, 110, 57, 0, 255, 110, 57, 0, 255, 109, 57, 0, 255, 109, 57, 0, 255, 108, 57, 0, 255, 108, 58, 0, 255, 107, 58, 0, 255, 106, 59, 0, 255, 106, 59, 0, 255, 105, 60, 0, 255, 104, 60, 0, 255, 106, 67, 8, 209, 166, 151, 133, 255, 166, 151, 133, 255, 166, 151, 133, 255, 166, 151, 133, 255, 166, 151, 133, 255, 166, 151, 133, 255, 166, 151, 133, 255, 166, 151, 133, 255, 166, 151, 133, 255, 166, 151, 133, 255, 166, 151, 133, 255, 166, 151, 133, 255, 166, 151, 133, 255, 166, 151, 133, 255, 166, 151, 133, 255, 166, 151, 133, 255, 165, 150, 132, 255, 134, 84, 42, 192, 118, 52, 0, 255, 117, 53, 0, 255, 116, 53, 0, 255, 114, 54, 0, 255, 112, 55, 0, 255, 110, 57, 0, 255, 108, 58, 0, 255, 106, 58, 0, 222, 103, 59, 0, 52, 0, 0, 0, 0, 0, 0, 0, 0, 0, 0, 0, 0, 0, 0, 0, 0, 0, 0, 0, 0, 0, 0, 0, 0, 0, 0, 0, 0, 0, 0, 0, 0, 0, 0, 0, 0, 0, 0, 0, 0, 0, 0, 0, 0, 0, 0, 0, 0, 0, 0, 0, 0, 0, 0, 0, 0, 0, 0, 0, 0, 0, 0, 0, 0, 0, 0, 0, 0, 0, 0, 0, 0, 0, 0, 0, 0, 0, 0, 0, 0, 0, 0, 0, 0, 0, 0, 0, 0, 0, 0, 0, 0, 0, 0, 0, 0, 0, 0, 0, 0, 0, 0, 0, 0, 0, 0, 0, 0, 0, 0, 0, 0, 0, 0, 0, 0, 0, 0, 0, 0, 0, 0, 0, 0, 0, 0, 0, 0, 0, 0, 0, 0, 0, 0, 0, 0, 0, 0, 0, 0, 0, 0, 0, 0, 0, 0, 0, 0, 0, 0, 0, 0, 0, 0, 0, 0, 0, 0, 0, 0, 0, 0, 0, 0, 0, 0, 0, 0, 0, 0, 0, 0, 0, 0, 0, 0, 0, 0, 0, 0, 0, 0, 0, 0, 0, 0, 0, 0, 0, 0, 0, 0, 0, 0, 0, 0, 0, 0, 0, 0, 0, 0, 0, 0, 0, 0, 0, 0, 0, 0, 0, 0, 0, 0, 0, 0, 0, 0, 0, 0, 0, 0, 0, 0, 0, 0, 0, 0, 0, 0, 0, 0, 0, 0, 0, 0, 0, 0, 0, 0, 0, 0, 0, 0, 0, 0, 0, 0, 0, 0, 0, 0, 0, 0, 0, 0, 0, 0, 0, 0, 0, 0, 0, 0, 0, 0, 0, 0, 0, 0, 0, 0, 0, 0, 0, 0, 60, 60, 48, 21, 63, 59, 56, 255, 63, 59, 56, 255, 63, 59, 56, 255, 63, 59, 56, 255, 63, 59, 56, 255, 62, 59, 55, 229, 68, 65, 64, 199, 71, 71, 71, 255, 70, 70, 70, 253, 62, 58, 56, 209, 63, 59, 56, 255, 64, 60, 58, 196, 72, 72, 72, 255, 72, 72, 72, 255, 70, 70, 70, 235, 67, 64, 63, 201, 63, 61, 58, 193, 63, 58, 56, 219, 63, 59, 56, 255, 63, 59, 56, 255, 53, 49, 45, 192, 33, 31, 29, 255, 34, 32, 30, 243, 35, 33, 31, 230, 34, 32, 30, 251, 35, 33, 31, 255, 35, 33, 31, 255, 34, 33, 30, 223, 48, 41, 38, 192, 73, 58, 54, 236, 79, 62, 58, 255, 79, 62, 58, 255, 79, 62, 58, 255, 72, 58, 53, 224, 48, 45, 44, 196, 43, 43, 43, 252, 44, 44, 44, 255, 44, 44, 44, 255, 44, 44, 44, 255, 44, 44, 44, 255, 44, 44, 44, 255, 44, 44, 44, 255, 44, 44, 44, 255, 44, 44, 44, 255, 44, 44, 44, 255, 44, 44, 44, 255, 44, 44, 44, 255, 44, 44, 44, 255, 44, 44, 44, 255, 44, 44, 44, 255, 44, 44, 44, 255, 44, 44, 44, 255, 44, 44, 44, 255, 94, 65, 50, 255, 159, 55, 0, 255, 158, 59, 9, 255, 156, 61, 23, 255, 147, 43, 0, 255, 134, 46, 0, 255, 123, 47, 0, 255, 119, 42, 0, 255, 135, 73, 43, 255, 166, 126, 108, 255, 166, 126, 108, 255, 165, 140, 120, 193, 166, 151, 133, 255, 166, 151, 133, 255, 166, 151, 133, 255, 166, 151, 133, 255, 166, 151, 133, 255, 166, 151, 133, 255, 166, 151, 133, 255, 166, 151, 133, 255, 166, 151, 133, 255, 166, 151, 133, 255, 166, 151, 133, 255, 166, 151, 133, 255, 166, 151, 133, 255, 166, 151, 133, 255, 166, 151, 133, 255, 166, 151, 133, 255, 128, 94, 50, 192, 104, 60, 0, 255, 104, 60, 0, 255, 104, 60, 0, 255, 104, 60, 0, 255, 103, 60, 0, 255, 103, 61, 0, 255, 102, 61, 0, 255, 101, 61, 0, 255, 101, 62, 0, 255, 100, 62, 0, 255, 99, 63, 0, 255, 98, 63, 0, 255, 123, 96, 48, 191, 166, 151, 133, 255, 166, 151, 133, 255, 166, 151, 133, 255, 166, 151, 133, 255, 166, 151, 133, 255, 166, 151, 133, 255, 166, 151, 133, 255, 166, 151, 133, 255, 166, 151, 133, 255, 166, 151, 133, 255, 166, 151, 133, 255, 166, 151, 133, 255, 166, 151, 133, 255, 166, 151, 133, 255, 166, 151, 133, 255, 165, 150, 132, 255, 128, 81, 36, 192, 113, 55, 0, 255, 112, 56, 0, 255, 111, 56, 0, 255, 109, 57, 0, 255, 108, 58, 0, 255, 106, 59, 0, 255, 104, 60, 0, 255, 101, 60, 0, 156, 102, 51, 0, 15, 0, 0, 0, 0, 0, 0, 0, 0, 0, 0, 0, 0, 0, 0, 0, 0, 0, 0, 0, 0, 0, 0, 0, 0, 0, 0, 0, 0, 0, 0, 0, 0, 0, 0, 0, 0, 0, 0, 0, 0, 0, 0, 0, 0, 0, 0, 0, 0, 0, 0, 0, 0, 0, 0, 0, 0, 0, 0, 0, 0, 0, 0, 0, 0, 0, 0, 0, 0, 0, 0, 0, 0, 0, 0, 0, 0, 0, 0, 0, 0, 0, 0, 0, 0, 0, 0, 0, 0, 0, 0, 0, 0, 0, 0, 0, 0, 0, 0, 0, 0, 0, 0, 0, 0, 0, 0, 0, 0, 0, 0, 0, 0, 0, 0, 0, 0, 0, 0, 0, 0, 0, 0, 0, 0, 0, 0, 0, 0, 0, 0, 0, 0, 0, 0, 0, 0, 0, 0, 0, 0, 0, 0, 0, 0, 0, 0, 0, 0, 0, 0, 0, 0, 0, 0, 0, 0, 0, 0, 0, 0, 0, 0, 0, 0, 0, 0, 0, 0, 0, 0, 0, 0, 0, 0, 0, 0, 0, 0, 0, 0, 0, 0, 0, 0, 0, 0, 0, 0, 0, 0, 0, 0, 0, 0, 0, 0, 0, 0, 0, 0, 0, 0, 0, 0, 0, 0, 0, 0, 0, 0, 0, 0, 0, 0, 0, 0, 0, 0, 0, 0, 0, 0, 0, 0, 0, 0, 0, 0, 0, 0, 0, 0, 0, 0, 0, 0, 0, 0, 0, 0, 0, 0, 0, 0, 0, 0, 0, 0, 0, 0, 0, 0, 0, 0, 0, 0, 0, 0, 0, 0, 0, 0, 0, 0, 0, 0, 0, 0, 0, 0, 0, 0, 0, 0, 0, 0, 0, 0, 0, 0, 0, 0, 0, 0, 62, 58, 56, 233, 63, 59, 56, 255, 63, 59, 56, 255, 63, 59, 56, 255, 63, 59, 56, 255, 63, 59, 56, 255, 63, 59, 56, 255, 62, 57, 54, 230, 63, 59, 57, 206, 63, 59, 56, 255, 62, 58, 55, 250, 65, 62, 61, 192, 64, 61, 58, 196, 62, 58, 55, 225, 63, 59, 56, 255, 63, 59, 56, 255, 63, 59, 56, 255, 63, 59, 56, 255, 63, 59, 56, 255, 57, 54, 52, 192, 43, 43, 43, 232, 44, 44, 44, 250, 44, 44, 44, 255, 44, 44, 44, 255, 43, 43, 43, 251, 42, 42, 42, 217, 38, 38, 37, 192, 33, 33, 31, 234, 35, 33, 31, 255, 34, 32, 30, 245, 57, 47, 43, 196, 71, 57, 55, 222, 48, 45, 45, 197, 43, 43, 43, 253, 44, 44, 44, 255, 44, 44, 44, 255, 44, 44, 44, 255, 44, 44, 44, 255, 44, 44, 44, 255, 44, 44, 44, 255, 44, 44, 44, 255, 44, 44, 44, 255, 44, 44, 44, 255, 44, 44, 44, 255, 44, 44, 44, 255, 44, 44, 44, 255, 44, 44, 44, 255, 44, 44, 44, 255, 44, 44, 44, 255, 44, 44, 44, 255, 44, 44, 44, 255, 44, 44, 44, 255, 44, 44, 44, 255, 67, 56, 51, 255, 157, 66, 26, 255, 154, 45, 4, 255, 145, 44, 0, 255, 133, 46, 0, 255, 123, 47, 0, 255, 119, 42, 0, 255, 129, 61, 29, 255, 164, 123, 105, 255, 166, 126, 108, 255, 166, 127, 108, 243, 167, 150, 132, 236, 166, 151, 133, 255, 166, 151, 133, 255, 166, 151, 133, 255, 166, 151, 133, 255, 166, 151, 133, 255, 166, 151, 133, 255, 166, 151, 133, 255, 166, 151, 133, 255, 166, 151, 133, 255, 166, 151, 133, 255, 166, 151, 133, 255, 166, 151, 133, 255, 166, 151, 133, 255, 166, 151, 133, 255, 166, 151, 133, 255, 166, 151, 133, 255, 110, 76, 22, 197, 99, 63, 0, 255, 98, 63, 0, 255, 98, 63, 0, 255, 98, 63, 0, 255, 98, 64, 0, 255, 98, 64, 0, 255, 98, 64, 0, 255, 98, 64, 0, 255, 98, 64, 0, 255, 98, 64, 0, 255, 98, 64, 0, 255, 98, 64, 0, 255, 152, 133, 105, 218, 166, 151, 133, 255, 166, 151, 133, 255, 166, 151, 133, 255, 166, 151, 133, 255, 166, 151, 133, 255, 166, 151, 133, 255, 166, 151, 133, 255, 166, 151, 133, 255, 166, 151, 133, 255, 166, 151, 133, 255, 166, 151, 133, 255, 166, 151, 133, 255, 166, 151, 133, 255, 166, 151, 133, 255, 162, 144, 124, 241, 116, 71, 18, 198, 107, 58, 0, 255, 107, 58, 0, 255, 106, 59, 0, 255, 105, 60, 0, 255, 103, 60, 0, 255, 102, 61, 0, 255, 99, 61, 0, 208, 98, 62, 0, 57, 0, 0, 0, 0, 0, 0, 0, 0, 0, 0, 0, 0, 0, 0, 0, 0, 0, 0, 0, 0, 0, 0, 0, 0, 0, 0, 0, 0, 0, 0, 0, 0, 0, 0, 0, 0, 0, 0, 0, 0, 0, 0, 0, 0, 0, 0, 0, 0, 0, 0, 0, 0, 0, 0, 0, 0, 0, 0, 0, 0, 0, 0, 0, 0, 0, 0, 0, 0, 0, 0, 0, 0, 0, 0, 0, 0, 0, 0, 0, 0, 0, 0, 0, 0, 0, 0, 0, 0, 0, 0, 0, 0, 0, 0, 0, 0, 0, 0, 0, 0, 0, 0, 0, 0, 0, 0, 0, 0, 0, 0, 0, 0, 0, 0, 0, 0, 0, 0, 0, 0, 0, 0, 0, 0, 0, 0, 0, 0, 0, 0, 0, 0, 0, 0, 0, 0, 0, 0, 0, 0, 0, 0, 0, 0, 0, 0, 0, 0, 0, 0, 0, 0, 0, 0, 0, 0, 0, 0, 0, 0, 0, 0, 0, 0, 0, 0, 0, 0, 0, 0, 0, 0, 0, 0, 0, 0, 0, 0, 0, 0, 0, 0, 0, 0, 0, 0, 0, 0, 0, 0, 0, 0, 0, 0, 0, 0, 0, 0, 0, 0, 0, 0, 0, 0, 0, 0, 0, 0, 0, 0, 0, 0, 0, 0, 0, 0, 0, 0, 0, 0, 0, 0, 0, 0, 0, 0, 0, 0, 0, 0, 0, 0, 0, 0, 0, 0, 0, 0, 0, 0, 0, 0, 0, 0, 0, 0, 0, 0, 0, 0, 0, 0, 0, 0, 0, 0, 0, 0, 0, 0, 0, 0, 0, 0, 0, 0, 0, 0, 0, 0, 0, 0, 0, 0, 0, 0, 0, 0, 0, 0, 0, 0, 0, 0, 0, 0, 0, 0, 0, 0, 0, 0, 62, 58, 56, 187, 63, 59, 56, 255, 63, 59, 56, 255, 63, 59, 56, 255, 63, 59, 56, 255, 63, 59, 56, 255, 63, 59, 56, 255, 63, 59, 56, 255, 63, 59, 56, 255, 63, 59, 56, 255, 63, 59, 56, 255, 63, 59, 56, 255, 63, 59, 56, 255, 63, 59, 56, 255, 63, 59, 56, 255, 63, 59, 56, 255, 63, 59, 56, 255, 63, 59, 56, 255, 63, 59, 56, 255, 48, 47, 47, 211, 44, 44, 44, 255, 44, 44, 44, 255, 44, 44, 44, 255, 44, 44, 44, 255, 44, 44, 44, 255, 44, 44, 44, 255, 44, 44, 44, 255, 43, 43, 43, 247, 40, 38, 37, 192, 33, 32, 30, 249, 35, 33, 31, 255, 41, 41, 39, 193, 44, 44, 44, 255, 44, 44, 44, 255, 44, 44, 44, 255, 44, 44, 44, 255, 42, 42, 42, 218, 44, 44, 44, 255, 44, 44, 44, 255, 44, 44, 44, 255, 44, 44, 44, 255, 44, 44, 44, 255, 44, 44, 44, 255, 44, 44, 44, 255, 44, 44, 44, 255, 44, 44, 44, 255, 44, 44, 44, 255, 44, 44, 44, 255, 44, 44, 44, 255, 44, 44, 44, 255, 44, 44, 44, 255, 44, 44, 44, 255, 65, 58, 54, 255, 57, 49, 44, 255, 151, 42, 0, 255, 141, 45, 0, 255, 130, 47, 0, 255, 122, 46, 0, 255, 119, 42, 0, 255, 125, 55, 22, 255, 163, 121, 102, 255, 166, 126, 108, 255, 166, 126, 108, 255, 165, 144, 124, 192, 166, 151, 133, 255, 166, 151, 133, 255, 166, 151, 133, 255, 166, 151, 133, 255, 166, 151, 133, 255, 166, 151, 133, 255, 166, 151, 133, 255, 166, 151, 133, 255, 166, 151, 133, 255, 166, 151, 133, 255, 166, 151, 133, 255, 166, 151, 133, 252, 166, 151, 132, 237, 166, 151, 132, 222, 165, 150, 133, 207, 166, 150, 133, 192, 166, 150, 133, 177, 103, 71, 10, 151, 97, 63, 0, 158, 98, 64, 0, 148, 97, 63, 0, 137, 97, 62, 0, 126, 97, 64, 0, 115, 97, 63, 0, 105, 98, 64, 0, 104, 98, 63, 0, 109, 98, 62, 0, 114, 96, 64, 0, 119, 97, 64, 0, 124, 100, 66, 4, 127, 166, 149, 131, 146, 165, 150, 132, 170, 166, 151, 133, 194, 166, 151, 132, 218, 166, 151, 133, 242, 166, 151, 133, 255, 166, 151, 133, 255, 166, 151, 133, 255, 166, 151, 133, 255, 166, 151, 133, 255, 166, 151, 133, 255, 166, 151, 133, 255, 166, 151, 133, 255, 166, 151, 133, 255, 147, 122, 91, 207, 103, 62, 2, 225, 101, 61, 0, 255, 101, 62, 0, 255, 100, 62, 0, 255, 99, 62, 0, 255, 98, 63, 0, 255, 97, 63, 0, 241, 97, 62, 0, 110, 85, 85, 0, 3, 0, 0, 0, 0, 0, 0, 0, 0, 0, 0, 0, 0, 0, 0, 0, 0, 0, 0, 0, 0, 0, 0, 0, 0, 0, 0, 0, 0, 0, 0, 0, 0, 0, 0, 0, 0, 0, 0, 0, 0, 0, 0, 0, 0, 0, 0, 0, 0, 0, 0, 0, 0, 0, 0, 0, 0, 0, 0, 0, 0, 0, 0, 0, 0, 0, 0, 0, 0, 0, 0, 0, 0, 0, 0, 0, 0, 0, 0, 0, 0, 0, 0, 0, 0, 0, 0, 0, 0, 0, 0, 0, 0, 0, 0, 0, 0, 0, 0, 0, 0, 0, 0, 0, 0, 0, 0, 0, 0, 0, 0, 0, 0, 0, 0, 0, 0, 0, 0, 0, 0, 0, 0, 0, 0, 0, 0, 0, 0, 0, 0, 0, 0, 0, 0, 0, 0, 0, 0, 0, 0, 0, 0, 0, 0, 0, 0, 0, 0, 0, 0, 0, 0, 0, 0, 0, 0, 0, 0, 0, 0, 0, 0, 0, 0, 0, 0, 0, 0, 0, 0, 0, 0, 0, 0, 0, 0, 0, 0, 0, 0, 0, 0, 0, 0, 0, 0, 0, 0, 0, 0, 0, 0, 0, 0, 0, 0, 0, 0, 0, 0, 0, 0, 0, 0, 0, 0, 0, 0, 0, 0, 0, 0, 0, 0, 0, 0, 0, 0, 0, 0, 0, 0, 0, 0, 0, 0, 0, 0, 0, 0, 0, 0, 0, 0, 0, 0, 0, 0, 0, 0, 0, 0, 0, 0, 0, 0, 0, 0, 0, 0, 0, 0, 0, 0, 0, 0, 0, 0, 0, 0, 0, 0, 0, 0, 0, 0, 0, 0, 0, 0, 0, 0, 0, 0, 0, 0, 0, 0, 0, 0, 0, 0, 0, 0, 0, 0, 0, 0, 0, 0, 0, 0, 0, 0, 0, 0, 62, 59, 55, 78, 63, 59, 56, 255, 63, 59, 56, 255, 63, 59, 56, 255, 63, 59, 56, 255, 63, 59, 56, 255, 63, 59, 56, 255, 63, 59, 56, 255, 63, 59, 56, 255, 63, 59, 56, 255, 63, 59, 56, 255, 63, 59, 56, 255, 63, 59, 56, 255, 63, 59, 56, 255, 63, 59, 56, 255, 63, 59, 56, 255, 63, 59, 56, 255, 63, 59, 56, 255, 62, 57, 54, 234, 42, 42, 42, 254, 44, 44, 44, 255, 44, 44, 44, 255, 44, 44, 44, 255, 44, 44, 44, 255, 44, 44, 44, 255, 44, 44, 44, 255, 44, 44, 44, 255, 44, 44, 44, 255, 44, 44, 44, 255, 42, 42, 42, 215, 34, 32, 31, 231, 34, 32, 30, 252, 43, 43, 43, 207, 42, 42, 42, 228, 33, 33, 32, 192, 19, 19, 17, 225, 15, 14, 12, 255, 42, 42, 42, 224, 44, 44, 44, 255, 44, 44, 44, 255, 44, 44, 44, 255, 44, 44, 44, 255, 44, 44, 44, 255, 44, 44, 44, 255, 44, 44, 44, 255, 44, 44, 44, 255, 44, 44, 44, 255, 44, 44, 44, 255, 44, 44, 44, 255, 44, 44, 44, 255, 43, 43, 43, 231, 38, 37, 36, 199, 34, 32, 30, 255, 35, 33, 31, 255, 132, 47, 4, 255, 125, 48, 0, 255, 121, 45, 0, 255, 118, 40, 0, 255, 126, 57, 25, 255, 162, 119, 100, 255, 166, 126, 108, 255, 166, 126, 108, 255, 166, 129, 110, 232, 166, 150, 133, 246, 166, 151, 133, 255, 166, 151, 133, 255, 165, 150, 132, 241, 166, 151, 133, 200, 165, 151, 133, 159, 167, 151, 132, 118, 165, 152, 132, 79, 164, 150, 132, 56, 168, 149, 131, 41, 167, 147, 137, 26, 162, 162, 139, 11, 255, 255, 255, 1, 0, 0, 0, 0, 0, 0, 0, 0, 0, 0, 0, 0, 0, 0, 0, 0, 0, 0, 0, 0, 0, 0, 0, 0, 0, 0, 0, 0, 0, 0, 0, 0, 0, 0, 0, 0, 0, 0, 0, 0, 0, 0, 0, 0, 0, 0, 0, 0, 0, 0, 0, 0, 0, 0, 0, 0, 0, 0, 0, 0, 0, 0, 0, 0, 0, 0, 0, 0, 0, 0, 0, 0, 0, 0, 0, 0, 0, 0, 0, 0, 0, 0, 0, 0, 0, 0, 0, 0, 0, 0, 0, 0, 179, 153, 128, 10, 170, 155, 131, 33, 166, 152, 134, 57, 167, 151, 132, 81, 165, 151, 134, 105, 166, 150, 132, 129, 165, 150, 133, 153, 163, 148, 129, 174, 113, 83, 28, 172, 97, 64, 0, 252, 98, 64, 0, 255, 98, 64, 0, 255, 98, 64, 0, 255, 98, 64, 0, 255, 98, 64, 0, 255, 97, 63, 0, 165, 96, 64, 0, 24, 0, 0, 0, 0, 0, 0, 0, 0, 0, 0, 0, 0, 0, 0, 0, 0, 0, 0, 0, 0, 0, 0, 0, 0, 0, 0, 0, 0, 0, 0, 0, 0, 0, 0, 0, 0, 0, 0, 0, 0, 0, 0, 0, 0, 0, 0, 0, 0, 0, 0, 0, 0, 0, 0, 0, 0, 0, 0, 0, 0, 0, 0, 0, 0, 0, 0, 0, 0, 0, 0, 0, 0, 0, 0, 0, 0, 0, 0, 0, 0, 0, 0, 0, 0, 0, 0, 0, 0, 0, 0, 0, 0, 0, 0, 0, 0, 0, 0, 0, 0, 0, 0, 0, 0, 0, 0, 0, 0, 0, 0, 0, 0, 0, 0, 0, 0, 0, 0, 0, 0, 0, 0, 0, 0, 0, 0, 0, 0, 0, 0, 0, 0, 0, 0, 0, 0, 0, 0, 0, 0, 0, 0, 0, 0, 0, 0, 0, 0, 0, 0, 0, 0, 0, 0, 0, 0, 0, 0, 0, 0, 0, 0, 0, 0, 0, 0, 0, 0, 0, 0, 0, 0, 0, 0, 0, 0, 0, 0, 0, 0, 0, 0, 0, 0, 0, 0, 0, 0, 0, 0, 0, 0, 0, 0, 0, 0, 0, 0, 0, 0, 0, 0, 0, 0, 0, 0, 0, 0, 0, 0, 0, 0, 0, 0, 0, 0, 0, 0, 0, 0, 0, 0, 0, 0, 0, 0, 0, 0, 0, 0, 0, 0, 0, 0, 0, 0, 0, 0, 0, 0, 0, 0, 0, 0, 0, 0, 0, 0, 0, 0, 0, 0, 0, 0, 0, 0, 0, 0, 0, 0, 0, 0, 0, 0, 0, 0, 0, 0, 0, 0, 0, 0, 0, 0, 0, 0, 0, 0, 0, 0, 0, 0, 0, 0, 0, 0, 0, 0, 0, 0, 0, 0, 0, 0, 0, 0, 0, 0, 0, 0, 0, 0, 0, 0, 0, 0, 0, 1, 62, 58, 55, 194, 63, 59, 56, 255, 63, 59, 56, 255, 63, 59, 56, 255, 63, 59, 56, 255, 63, 59, 56, 255, 63, 59, 56, 255, 63, 59, 56, 255, 63, 59, 56, 255, 63, 59, 56, 255, 63, 59, 56, 255, 63, 59, 56, 255, 63, 59, 56, 255, 63, 59, 56, 255, 63, 59, 56, 255, 62, 58, 56, 237, 63, 59, 55, 138, 48, 48, 45, 112, 44, 44, 44, 255, 44, 44, 44, 255, 44, 44, 44, 255, 44, 44, 44, 255, 44, 44, 44, 255, 44, 44, 44, 255, 44, 44, 44, 255, 44, 44, 44, 255, 44, 44, 44, 255, 44, 44, 44, 255, 44, 44, 44, 255, 41, 41, 41, 205, 20, 20, 17, 190, 17, 15, 14, 210, 15, 14, 12, 255, 16, 15, 13, 255, 16, 15, 13, 255, 16, 15, 13, 255, 31, 30, 29, 193, 44, 44, 44, 255, 44, 44, 44, 255, 44, 44, 44, 255, 44, 44, 44, 255, 44, 44, 44, 255, 44, 44, 44, 255, 44, 44, 44, 255, 44, 44, 44, 255, 44, 44, 44, 255, 44, 44, 44, 255, 44, 44, 44, 250, 40, 40, 38, 192, 34, 32, 30, 245, 35, 33, 31, 255, 35, 33, 31, 255, 35, 33, 31, 255, 116, 53, 14, 255, 120, 43, 0, 255, 116, 39, 0, 255, 130, 64, 35, 255, 164, 123, 104, 255, 166, 126, 108, 255, 166, 126, 108, 239, 165, 126, 107, 193, 166, 138, 120, 128, 165, 151, 132, 108, 168, 152, 133, 67, 167, 147, 137, 26, 255, 255, 255, 1, 0, 0, 0, 0, 0, 0, 0, 0, 0, 0, 0, 0, 0, 0, 0, 0, 0, 0, 0, 0, 0, 0, 0, 0, 0, 0, 0, 0, 0, 0, 0, 0, 0, 0, 0, 0, 0, 0, 0, 0, 0, 0, 0, 0, 0, 0, 0, 0, 0, 0, 0, 0, 0, 0, 0, 0, 0, 0, 0, 0, 0, 0, 0, 0, 0, 0, 0, 0, 0, 0, 0, 0, 0, 0, 0, 0, 0, 0, 0, 0, 0, 0, 0, 0, 0, 0, 0, 0, 0, 0, 0, 0, 0, 0, 0, 0, 0, 0, 0, 0, 0, 0, 0, 0, 0, 0, 0, 0, 0, 0, 0, 0, 0, 0, 0, 0, 0, 0, 0, 0, 0, 0, 0, 0, 0, 0, 0, 0, 0, 0, 0, 0, 0, 0, 0, 0, 0, 0, 0, 0, 0, 0, 0, 0, 0, 0, 0, 0, 0, 0, 0, 0, 0, 0, 0, 0, 0, 0, 0, 0, 0, 0, 0, 0, 96, 64, 0, 8, 97, 61, 0, 50, 98, 64, 0, 96, 97, 63, 0, 142, 97, 64, 0, 176, 98, 63, 0, 65, 0, 0, 0, 0, 0, 0, 0, 0, 0, 0, 0, 0, 0, 0, 0, 0, 0, 0, 0, 0, 0, 0, 0, 0, 0, 0, 0, 0, 0, 0, 0, 0, 0, 0, 0, 0, 0, 0, 0, 0, 0, 0, 0, 0, 0, 0, 0, 0, 0, 0, 0, 0, 0, 0, 0, 0, 0, 0, 0, 0, 0, 0, 0, 0, 0, 0, 0, 0, 0, 0, 0, 0, 0, 0, 0, 0, 0, 0, 0, 0, 0, 0, 0, 0, 0, 0, 0, 0, 0, 0, 0, 0, 0, 0, 0, 0, 0, 0, 0, 0, 0, 0, 0, 0, 0, 0, 0, 0, 0, 0, 0, 0, 0, 0, 0, 0, 0, 0, 0, 0, 0, 0, 0, 0, 0, 0, 0, 0, 0, 0, 0, 0, 0, 0, 0, 0, 0, 0, 0, 0, 0, 0, 0, 0, 0, 0, 0, 0, 0, 0, 0, 0, 0, 0, 0, 0, 0, 0, 0, 0, 0, 0, 0, 0, 0, 0, 0, 0, 0, 0, 0, 0, 0, 0, 0, 0, 0, 0, 0, 0, 0, 0, 0, 0, 0, 0, 0, 0, 0, 0, 0, 0, 0, 0, 0, 0, 0, 0, 0, 0, 0, 0, 0, 0, 0, 0, 0, 0, 0, 0, 0, 0, 0, 0, 0, 0, 0, 0, 0, 0, 0, 0, 0, 0, 0, 0, 0, 0, 0, 0, 0, 0, 0, 0, 0, 0, 0, 0, 0, 0, 0, 0, 0, 0, 0, 0, 0, 0, 0, 0, 0, 0, 0, 0, 0, 0, 0, 0, 0, 0, 0, 0, 0, 0, 0, 0, 0, 0, 0, 0, 0, 0, 0, 0, 0, 0, 0, 0, 0, 0, 0, 0, 0, 0, 0, 0, 0, 0, 0, 0, 0, 0, 0, 0, 0, 0, 0, 0, 0, 0, 0, 0, 0, 0, 0, 0, 0, 0, 0, 0, 0, 0, 0, 0, 0, 0, 60, 60, 48, 21, 62, 58, 56, 196, 63, 59, 56, 255, 63, 59, 56, 255, 63, 59, 56, 255, 63, 59, 56, 255, 63, 59, 56, 255, 63, 59, 56, 255, 63, 59, 56, 255, 63, 59, 56, 255, 63, 59, 56, 255, 63, 59, 56, 255, 63, 59, 56, 255, 62, 58, 56, 205, 63, 58, 55, 97, 56, 56, 56, 9, 0, 0, 0, 0, 43, 43, 43, 141, 44, 44, 44, 255, 44, 44, 44, 255, 44, 44, 44, 255, 44, 44, 44, 255, 44, 44, 44, 255, 44, 44, 44, 255, 44, 44, 44, 255, 44, 44, 44, 255, 44, 44, 44, 255, 43, 43, 43, 238, 19, 19, 18, 223, 16, 15, 13, 255, 16, 15, 13, 255, 16, 15, 13, 255, 16, 15, 13, 255, 16, 15, 13, 255, 16, 15, 13, 255, 16, 15, 13, 255, 16, 15, 13, 242, 44, 44, 44, 244, 44, 44, 44, 255, 44, 44, 44, 255, 44, 44, 44, 255, 44, 44, 44, 255, 44, 44, 44, 255, 44, 44, 44, 255, 44, 44, 44, 255, 44, 44, 44, 255, 41, 41, 41, 204, 34, 33, 32, 223, 35, 33, 31, 255, 35, 33, 31, 255, 35, 33, 31, 255, 35, 33, 31, 255, 35, 33, 31, 255, 110, 38, 2, 238, 116, 38, 2, 247, 133, 69, 42, 180, 165, 122, 105, 119, 166, 124, 107, 74, 164, 128, 109, 28, 255, 0, 0, 1, 0, 0, 0, 0, 0, 0, 0, 0, 0, 0, 0, 0, 0, 0, 0, 0, 0, 0, 0, 0, 0, 0, 0, 0, 0, 0, 0, 0, 0, 0, 0, 0, 0, 0, 0, 0, 0, 0, 0, 0, 0, 0, 0, 0, 0, 0, 0, 0, 0, 0, 0, 0, 0, 0, 0, 0, 0, 0, 0, 0, 0, 0, 0, 0, 0, 0, 0, 0, 0, 0, 0, 0, 0, 0, 0, 0, 0, 0, 0, 0, 0, 0, 0, 0, 0, 0, 0, 0, 0, 0, 0, 0, 0, 0, 0, 0, 0, 0, 0, 0, 0, 0, 0, 0, 0, 0, 0, 0, 0, 0, 0, 0, 0, 0, 0, 0, 0, 0, 0, 0, 0, 0, 0, 0, 0, 0, 0, 0, 0, 0, 0, 0, 0, 0, 0, 0, 0, 0, 0, 0, 0, 0, 0, 0, 0, 0, 0, 0, 0, 0, 0, 0, 0, 0, 0, 0, 0, 0, 0, 0, 0, 0, 0, 0, 0, 0, 0, 0, 0, 0, 0, 0, 0, 0, 0, 0, 0, 0, 0, 0, 0, 0, 0, 0, 0, 0, 0, 0, 0, 0, 0, 0, 0, 0, 0, 0, 0, 0, 0, 0, 0, 0, 0, 0, 0, 0, 0, 0, 0, 0, 0, 0, 0, 0, 0, 0, 0, 0, 0, 0, 0, 0, 0, 0, 0, 0, 0, 0, 0, 0, 0, 0, 0, 0, 0, 0, 0, 0, 0, 0, 0, 0, 0, 0, 0, 0, 0, 0, 0, 0, 0, 0, 0, 0, 0, 0, 0, 0, 0, 0, 0, 0, 0, 0, 0, 0, 0, 0, 0, 0, 0, 0, 0, 0, 0, 0, 0, 0, 0, 0, 0, 0, 0, 0, 0, 0, 0, 0, 0, 0, 0, 0, 0, 0, 0, 0, 0, 0, 0, 0, 0, 0, 0, 0, 0, 0, 0, 0, 0, 0, 0, 0, 0, 0, 0, 0, 0, 0, 0, 0, 0, 0, 0, 0, 0, 0, 0, 0, 0, 0, 0, 0, 0, 0, 0, 0, 0, 0, 0, 0, 0, 0, 0, 0, 0, 0, 0, 0, 0, 0, 0, 0, 0, 0, 0, 0, 0, 0, 0, 0, 0, 0, 0, 0, 0, 0, 0, 0, 0, 0, 0, 0, 0, 0, 0, 0, 0, 0, 0, 0, 0, 0, 0, 0, 0, 0, 0, 0, 0, 0, 0, 0, 0, 0, 0, 0, 0, 0, 0, 0, 0, 0, 0, 0, 0, 0, 0, 0, 0, 0, 0, 0, 0, 0, 0, 0, 0, 0, 0, 0, 0, 0, 0, 0, 0, 0, 0, 0, 0, 0, 0, 0, 0, 0, 0, 0, 0, 0, 0, 0, 0, 0, 0, 0, 0, 0, 0, 0, 0, 0, 0, 0, 0, 0, 0, 0, 0, 0, 0, 0, 0, 0, 0, 0, 0, 0, 0, 0, 0, 0, 0, 0, 0, 0, 0, 0, 0, 0, 0, 0, 0, 0, 0, 0, 0, 0, 0, 0, 0, 0, 0, 0, 0, 0, 0, 0, 0, 0, 0, 0, 0, 0, 0, 0, 0, 0, 0, 0, 0, 0, 0, 0, 0, 0, 0, 0, 0, 0, 0, 0, 0, 0, 0, 0, 0, 0, 0, 0, 0, 0, 0, 0, 36, 36, 36, 7, 61, 57, 55, 116, 63, 58, 55, 215, 63, 59, 56, 255, 63, 59, 56, 255, 63, 59, 56, 255, 63, 59, 56, 255, 63, 59, 56, 255, 63, 59, 56, 255, 62, 58, 55, 249, 62, 59, 56, 164, 64, 59, 54, 56, 0, 0, 0, 1, 0, 0, 0, 0, 0, 0, 0, 0, 0, 0, 0, 0, 44, 44, 44, 192, 44, 44, 44, 255, 44, 44, 44, 255, 44, 44, 44, 255, 44, 44, 44, 255, 44, 44, 44, 255, 44, 44, 44, 255, 44, 44, 44, 255, 44, 44, 44, 255, 44, 44, 44, 255, 44, 44, 44, 255, 17, 16, 14, 234, 16, 15, 13, 255, 16, 15, 13, 255, 16, 15, 13, 255, 16, 15, 13, 255, 16, 15, 13, 255, 16, 15, 13, 255, 16, 15, 13, 255, 15, 14, 12, 255, 37, 36, 36, 196, 44, 44, 44, 255, 44, 44, 44, 255, 44, 44, 44, 255, 44, 44, 44, 255, 44, 44, 44, 255, 44, 44, 44, 255, 42, 42, 42, 228, 38, 35, 35, 200, 34, 32, 30, 255, 35, 33, 31, 255, 35, 33, 31, 255, 35, 33, 31, 255, 35, 33, 31, 255, 35, 33, 31, 255, 34, 32, 30, 228, 111, 33, 0, 177, 109, 27, 0, 28, 0, 0, 0, 0, 0, 0, 0, 0, 0, 0, 0, 0, 0, 0, 0, 0, 0, 0, 0, 0, 0, 0, 0, 0, 0, 0, 0, 0, 0, 0, 0, 0, 0, 0, 0, 0, 0, 0, 0, 0, 0, 0, 0, 0, 0, 0, 0, 0, 0, 0, 0, 0, 0, 0, 0, 0, 0, 0, 0, 0, 0, 0, 0, 0, 0, 0, 0, 0, 0, 0, 0, 0, 0, 0, 0, 0, 0, 0, 0, 0, 0, 0, 0, 0, 0, 0, 0, 0, 0, 0, 0, 0, 0, 0, 0, 0, 0, 0, 0, 0, 0, 0, 0, 0, 0, 0, 0, 0, 0, 0, 0, 0, 0, 0, 0, 0, 0, 0, 0, 0, 0, 0, 0, 0, 0, 0, 0, 0, 0, 0, 0, 0, 0, 0, 0, 0, 0, 0, 0, 0, 0, 0, 0, 0, 0, 0, 0, 0, 0, 0, 0, 0, 0, 0, 0, 0, 0, 0, 0, 0, 0, 0, 0, 0, 0, 0, 0, 0, 0, 0, 0, 0, 0, 0, 0, 0, 0, 0, 0, 0, 0, 0, 0, 0, 0, 0, 0, 0, 0, 0, 0, 0, 0, 0, 0, 0, 0, 0, 0, 0, 0, 0, 0, 0, 0, 0, 0, 0, 0, 0, 0, 0, 0, 0, 0, 0, 0, 0, 0, 0, 0, 0, 0, 0, 0, 0, 0, 0, 0, 0, 0, 0, 0, 0, 0, 0, 0, 0, 0, 0, 0, 0, 0, 0, 0, 0, 0, 0, 0, 0, 0, 0, 0, 0, 0, 0, 0, 0, 0, 0, 0, 0, 0, 0, 0, 0, 0, 0, 0, 0, 0, 0, 0, 0, 0, 0, 0, 0, 0, 0, 0, 0, 0, 0, 0, 0, 0, 0, 0, 0, 0, 0, 0, 0, 0, 0, 0, 0, 0, 0, 0, 0, 0, 0, 0, 0, 0, 0, 0, 0, 0, 0, 0, 0, 0, 0, 0, 0, 0, 0, 0, 0, 0, 0, 0, 0, 0, 0, 0, 0, 0, 0, 0, 0, 0, 0, 0, 0, 0, 0, 0, 0, 0, 0, 0, 0, 0, 0, 0, 0, 0, 0, 0, 0, 0, 0, 0, 0, 0, 0, 0, 0, 0, 0, 0, 0, 0, 0, 0, 0, 0, 0, 0, 0, 0, 0, 0, 0, 0, 0, 0, 0, 0, 0, 0, 0, 0, 0, 0, 0, 0, 0, 0, 0, 0, 0, 0, 0, 0, 0, 0, 0, 0, 0, 0, 0, 0, 0, 0, 0, 0, 0, 0, 0, 0, 0, 0, 0, 0, 0, 0, 0, 0, 0, 0, 0, 0, 0, 0, 0, 0, 0, 0, 0, 0, 0, 0, 0, 0, 0, 0, 0, 0, 0, 0, 0, 0, 0, 0, 0, 0, 0, 0, 0, 0, 0, 0, 0, 0, 0, 0, 0, 0, 0, 0, 0, 0, 0, 0, 0, 0, 0, 0, 0, 0, 0, 0, 0, 0, 0, 0, 0, 0, 0, 0, 0, 0, 0, 0, 0, 0, 0, 0, 0, 0, 0, 0, 0, 0, 0, 0, 0, 0, 0, 0, 0, 0, 0, 0, 0, 0, 0, 0, 0, 0, 0, 0, 0, 0, 0, 0, 0, 0, 0, 0, 0, 0, 0, 0, 0, 0, 0, 0, 0, 0, 0, 0, 0, 0, 0, 0, 0, 0, 0, 0, 0, 0, 0, 0, 0, 0, 0, 0, 0, 0, 0, 0, 0, 0, 0, 0, 0, 0, 1, 59, 59, 52, 39, 60, 56, 56, 68, 61, 59, 56, 95, 63, 58, 55, 97, 62, 59, 55, 78, 61, 57, 52, 58, 64, 51, 51, 20, 0, 0, 0, 0, 0, 0, 0, 0, 0, 0, 0, 0, 0, 0, 0, 0, 0, 0, 0, 0, 0, 0, 0, 0, 43, 43, 43, 241, 44, 44, 44, 255, 44, 44, 44, 255, 44, 44, 44, 255, 44, 44, 44, 255, 44, 44, 44, 255, 44, 44, 44, 255, 44, 44, 44, 255, 44, 44, 44, 255, 44, 44, 44, 255, 44, 44, 44, 255, 27, 25, 25, 198, 16, 15, 13, 255, 15, 14, 12, 255, 15, 14, 12, 234, 15, 14, 12, 209, 24, 24, 21, 191, 35, 35, 35, 193, 40, 40, 40, 209, 43, 43, 43, 240, 44, 44, 44, 255, 44, 44, 44, 255, 44, 44, 44, 255, 44, 44, 44, 255, 44, 44, 44, 255, 43, 43, 43, 249, 40, 38, 38, 192, 33, 31, 30, 247, 35, 33, 31, 255, 35, 33, 31, 255, 35, 33, 31, 255, 35, 33, 31, 255, 35, 33, 31, 255, 35, 33, 31, 255, 35, 33, 31, 255, 33, 32, 30, 152, 0, 0, 0, 0, 0, 0, 0, 0, 0, 0, 0, 0, 0, 0, 0, 0, 0, 0, 0, 0, 0, 0, 0, 0, 0, 0, 0, 0, 0, 0, 0, 0, 0, 0, 0, 0, 0, 0, 0, 0, 0, 0, 0, 0, 0, 0, 0, 0, 0, 0, 0, 0, 0, 0, 0, 0, 0, 0, 0, 0, 0, 0, 0, 0, 0, 0, 0, 0, 0, 0, 0, 0, 0, 0, 0, 0, 0, 0, 0, 0, 0, 0, 0, 0, 0, 0, 0, 0, 0, 0, 0, 0, 0, 0, 0, 0, 0, 0, 0, 0, 0, 0, 0, 0, 0, 0, 0, 0, 0, 0, 0, 0, 0, 0, 0, 0, 0, 0, 0, 0, 0, 0, 0, 0, 0, 0, 0, 0, 0, 0, 0, 0, 0, 0, 0, 0, 0, 0, 0, 0, 0, 0, 0, 0, 0, 0, 0, 0, 0, 0, 0, 0, 0, 0, 0, 0, 0, 0, 0, 0, 0, 0, 0, 0, 0, 0, 0, 0, 0, 0, 0, 0, 0, 0, 0, 0, 0, 0, 0, 0, 0, 0, 0, 0, 0, 0, 0, 0, 0, 0, 0, 0, 0, 0, 0, 0, 0, 0, 0, 0, 0, 0, 0, 0, 0, 0, 0, 0, 0, 0, 0, 0, 0, 0, 0, 0, 0, 0, 0, 0, 0, 0, 0, 0, 0, 0, 0, 0, 0, 0, 0, 0, 0, 0, 0, 0, 0, 0, 0, 0, 0, 0, 0, 0, 0, 0, 0, 0, 0, 0, 0, 0, 0, 0, 0, 0, 0, 0, 0, 0, 0, 0, 0, 0, 0, 0, 0, 0, 0, 0, 0, 0, 0, 0, 0, 0, 0, 0, 0, 0, 0, 0, 0, 0, 0, 0, 0, 0, 0, 0, 0, 0, 0, 0, 0, 0, 0, 0, 0, 0, 0, 0, 0, 0, 0, 0, 0, 0, 0, 0, 0, 0, 0, 0, 0, 0, 0, 0, 0, 0, 0, 0, 0, 0, 0, 0, 0, 0, 0, 0, 0, 0, 0, 0, 0, 0, 0, 0, 0, 0, 0, 0, 0, 0, 0, 0, 0, 0, 0, 0, 0, 0, 0, 0, 0, 0, 0, 0, 0, 0, 0, 0, 0, 0, 0, 0, 0, 0, 0, 0, 0, 0, 0, 0, 0, 0, 0, 0, 0, 0, 0, 0, 0, 0, 0, 0, 0, 0, 0, 0, 0, 0, 0, 0, 0, 0, 0, 0, 0, 0, 0, 0, 0, 0, 0, 0, 0, 0, 0, 0, 0, 0, 0, 0, 0, 0, 0, 0, 0, 0, 0, 0, 0, 0, 0, 0, 0, 0, 0, 0, 0, 0, 0, 0, 0, 0, 0, 0, 0, 0, 0, 0, 0, 0, 0, 0, 0, 0, 0, 0, 0, 0, 0, 0, 0, 0, 0, 0, 0, 0, 0, 0, 0, 0, 0, 0, 0, 0, 0, 0, 0, 0, 0, 0, 0, 0, 0, 0, 0, 0, 0, 0, 0, 0, 0, 0, 0, 0, 0, 0, 0, 0, 0, 0, 0, 0, 0, 0, 0, 0, 0, 0, 0, 0, 0, 0, 0, 0, 0, 0, 0, 0, 0, 0, 0, 0, 0, 0, 0, 0, 0, 0, 0, 0, 0, 0, 0, 0, 0, 0, 0, 0, 0, 0, 0, 0, 0, 0, 0, 0, 0, 0, 0, 0, 0, 0, 0, 0, 0, 0, 0, 0, 0, 0, 0, 0, 0, 0, 0, 0, 0, 0, 0, 0, 0, 0, 0, 0, 0, 0, 0, 0, 0, 0, 0, 0, 0, 0, 0, 0, 0, 0, 0, 0, 0, 0, 0, 0, 0, 0, 0, 0, 0, 0, 0, 0, 0, 0, 0, 0, 0, 0, 0, 0, 0, 0, 0, 0, 0, 0, 0, 0, 0, 0, 0, 0, 0, 0, 0, 0, 0, 0, 0, 0, 43, 43, 43, 252, 44, 44, 44, 255, 44, 44, 44, 255, 44, 44, 44, 255, 44, 44, 44, 255, 44, 44, 44, 255, 44, 44, 44, 255, 44, 44, 44, 255, 44, 44, 44, 255, 44, 44, 44, 255, 44, 44, 44, 255, 41, 41, 41, 221, 41, 41, 41, 211, 43, 43, 43, 240, 40, 38, 37, 192, 35, 33, 31, 255, 38, 38, 35, 194, 44, 44, 44, 255, 44, 44, 44, 255, 44, 44, 44, 255, 44, 44, 44, 255, 44, 44, 44, 255, 44, 44, 44, 255, 44, 44, 44, 255, 41, 41, 41, 202, 35, 33, 32, 226, 35, 33, 31, 255, 35, 33, 31, 255, 35, 33, 31, 255, 35, 33, 31, 255, 35, 33, 31, 255, 35, 33, 31, 255, 35, 33, 31, 255, 34, 32, 30, 233, 35, 32, 30, 117, 0, 0, 0, 3, 0, 0, 0, 0, 0, 0, 0, 0, 0, 0, 0, 0, 0, 0, 0, 0, 0, 0, 0, 0, 0, 0, 0, 0, 0, 0, 0, 0, 0, 0, 0, 0, 0, 0, 0, 0, 0, 0, 0, 0, 0, 0, 0, 0, 0, 0, 0, 0, 0, 0, 0, 0, 0, 0, 0, 0, 0, 0, 0, 0, 0, 0, 0, 0, 0, 0, 0, 0, 0, 0, 0, 0, 0, 0, 0, 0, 0, 0, 0, 0, 0, 0, 0, 0, 0, 0, 0, 0, 0, 0, 0, 0, 0, 0, 0, 0, 0, 0, 0, 0, 0, 0, 0, 0, 0, 0, 0, 0, 0, 0, 0, 0, 0, 0, 0, 0, 0, 0, 0, 0, 0, 0, 0, 0, 0, 0, 0, 0, 0, 0, 0, 0, 0, 0, 0, 0, 0, 0, 0, 0, 0, 0, 0, 0, 0, 0, 0, 0, 0, 0, 0, 0, 0, 0, 0, 0, 0, 0, 0, 0, 0, 0, 0, 0, 0, 0, 0, 0, 0, 0, 0, 0, 0, 0, 0, 0, 0, 0, 0, 0, 0, 0, 0, 0, 0, 0, 0, 0, 0, 0, 0, 0, 0, 0, 0, 0, 0, 0, 0, 0, 0, 0, 0, 0, 0, 0, 0, 0, 0, 0, 0, 0, 0, 0, 0, 0, 0, 0, 0, 0, 0, 0, 0, 0, 0, 0, 0, 0, 0, 0, 0, 0, 0, 0, 0, 0, 0, 0, 0, 0, 0, 0, 0, 0, 0, 0, 0, 0, 0, 0, 0, 0, 0, 0, 0, 0, 0, 0, 0, 0, 0, 0, 0, 0, 0, 0, 0, 0, 0, 0, 0, 0, 0, 0, 0, 0, 0, 0, 0, 0, 0, 0, 0, 0, 0, 0, 0, 0, 0, 0, 0, 0, 0, 0, 0, 0, 0, 0, 0, 0, 0, 0, 0, 0, 0, 0, 0, 0, 0, 0, 0, 0, 0, 0, 0, 0, 0, 0, 0, 0, 0, 0, 0, 0, 0, 0, 0, 0, 0, 0, 0, 0, 0, 0, 0, 0, 0, 0, 0, 0, 0, 0, 0, 0, 0, 0, 0, 0, 0, 0, 0, 0, 0, 0, 0, 0, 0, 0, 0, 0, 0, 0, 0, 0, 0, 0, 0, 0, 0, 0, 0, 0, 0, 0, 0, 0, 0, 0, 0, 0, 0, 0, 0, 0, 0, 0, 0, 0, 0, 0, 0, 0, 0, 0, 0, 0, 0, 0, 0, 0, 0, 0, 0, 0, 0, 0, 0, 0, 0, 0, 0, 0, 0, 0, 0, 0, 0, 0, 0, 0, 0, 0, 0, 0, 0, 0, 0, 0, 0, 0, 0, 0, 0, 0, 0, 0, 0, 0, 0, 0, 0, 0, 0, 0, 0, 0, 0, 0, 0, 0, 0, 0, 0, 0, 0, 0, 0, 0, 0, 0, 0, 0, 0, 0, 0, 0, 0, 0, 0, 0, 0, 0, 0, 0, 0, 0, 0, 0, 0, 0, 0, 0, 0, 0, 0, 0, 0, 0, 0, 0, 0, 0, 0, 0, 0, 0, 0, 0, 0, 0, 0, 0, 0, 0, 0, 0, 0, 0, 0, 0, 0, 0, 0, 0, 0, 0, 0, 0, 0, 0, 0, 0, 0, 0, 0, 0, 0, 0, 0, 0, 0, 0, 0, 0, 0, 0, 0, 0, 0, 0, 0, 0, 0, 0, 0, 0, 0, 0, 0, 0, 0, 0, 0, 0, 0, 0, 0, 0, 0, 0, 0, 0, 0, 0, 0, 0, 0, 0, 0, 0, 0, 0, 0, 0, 0, 0, 0, 0, 0, 0, 0, 0, 0, 0, 0, 0, 0, 0, 0, 0, 0, 0, 0, 0, 0, 0, 0, 0, 0, 0, 0, 0, 0, 0, 0, 0, 0, 0, 0, 0, 0, 0, 0, 0, 0, 0, 0, 0, 0, 0, 0, 0, 0, 0, 43, 43, 43, 246, 44, 44, 44, 255, 44, 44, 44, 255, 44, 44, 44, 255, 44, 44, 44, 255, 44, 44, 44, 255, 44, 44, 44, 255, 44, 44, 44, 255, 44, 44, 44, 255, 44, 44, 44, 255, 44, 44, 44, 255, 44, 44, 44, 255, 44, 44, 44, 255, 44, 44, 44, 255, 40, 38, 38, 192, 35, 33, 31, 255, 34, 33, 31, 228, 44, 44, 44, 255, 44, 44, 44, 255, 44, 44, 44, 255, 44, 44, 44, 255, 44, 44, 44, 255, 43, 43, 43, 225, 36, 36, 34, 202, 35, 33, 31, 255, 35, 33, 31, 255, 35, 33, 31, 255, 35, 33, 31, 255, 35, 33, 31, 255, 35, 33, 31, 255, 35, 33, 31, 255, 34, 32, 30, 223, 33, 31, 28, 106, 28, 28, 28, 9, 0, 0, 0, 0, 0, 0, 0, 0, 0, 0, 0, 0, 0, 0, 0, 0, 0, 0, 0, 0, 0, 0, 0, 0, 0, 0, 0, 0, 0, 0, 0, 0, 0, 0, 0, 0, 0, 0, 0, 0, 0, 0, 0, 0, 0, 0, 0, 0, 0, 0, 0, 0, 0, 0, 0, 0, 0, 0, 0, 0, 0, 0, 0, 0, 0, 0, 0, 0, 0, 0, 0, 0, 0, 0, 0, 0, 0, 0, 0, 0, 0, 0, 0, 0, 0, 0, 0, 0, 0, 0, 0, 0, 0, 0, 0, 0, 0, 0, 0, 0, 0, 0, 0, 0, 0, 0, 0, 0, 0, 0, 0, 0, 0, 0, 0, 0, 0, 0, 0, 0, 0, 0, 0, 0, 0, 0, 0, 0, 0, 0, 0, 0, 0, 0, 0, 0, 0, 0, 0, 0, 0, 0, 0, 0, 0, 0, 0, 0, 0, 0, 0, 0, 0, 0, 0, 0, 0, 0, 0, 0, 0, 0, 0, 0, 0, 0, 0, 0, 0, 0, 0, 0, 0, 0, 0, 0, 0, 0, 0, 0, 0, 0, 0, 0, 0, 0, 0, 0, 0, 0, 0, 0, 0, 0, 0, 0, 0, 0, 0, 0, 0, 0, 0, 0, 0, 0, 0, 0, 0, 0, 0, 0, 0, 0, 0, 0, 0, 0, 0, 0, 0, 0, 0, 0, 0, 0, 0, 0, 0, 0, 0, 0, 0, 0, 0, 0, 0, 0, 0, 0, 0, 0, 0, 0, 0, 0, 0, 0, 0, 0, 0, 0, 0, 0, 0, 0, 0, 0, 0, 0, 0, 0, 0, 0, 0, 0, 0, 0, 0, 0, 0, 0, 0, 0, 0, 0, 0, 0, 0, 0, 0, 0, 0, 0, 0, 0, 0, 0, 0, 0, 0, 0, 0, 0, 0, 0, 0, 0, 0, 0, 0, 0, 0, 0, 0, 0, 0, 0, 0, 0, 0, 0, 0, 0, 0, 0, 0, 0, 0, 0, 0, 0, 0, 0, 0, 0, 0, 0, 0, 0, 0, 0, 0, 0, 0, 0, 0, 0, 0, 0, 0, 0, 0, 0, 0, 0, 0, 0, 0, 0, 0, 0, 0, 0, 0, 0, 0, 0, 0, 0, 0, 0, 0, 0, 0, 0, 0, 0, 0, 0, 0, 0, 0, 0, 0, 0, 0, 0, 0, 0, 0, 0, 0, 0, 0, 0, 0, 0, 0, 0, 0, 0, 0, 0, 0, 0, 0, 0, 0, 0, 0, 0, 0, 0, 0, 0, 0, 0, 0, 0, 0, 0, 0, 0, 0, 0, 0, 0, 0, 0, 0, 0, 0, 0, 0, 0, 0, 0, 0, 0, 0, 0, 0, 0, 0, 0, 0, 0, 0, 0, 0, 0, 0, 0, 0, 0, 0, 0, 0, 0, 0, 0, 0, 0, 0, 0, 0, 0, 0, 0, 0, 0, 0, 0, 0, 0, 0, 0, 0, 0, 0, 0, 0, 0, 0, 0, 0, 0, 0, 0, 0, 0, 0, 0, 0, 0, 0, 0, 0, 0, 0, 0, 0, 0, 0, 0, 0, 0, 0, 0, 0, 0, 0, 0, 0, 0, 0, 0, 0, 0, 0, 0, 0, 0, 0, 0, 0, 0, 0, 0, 0, 0, 0, 0, 0, 0, 0, 0, 0, 0, 0, 0, 0, 0, 0, 0, 0, 0, 0, 0, 0, 0, 0, 0, 0, 0, 0, 0, 0, 0, 0, 0, 0, 0, 0, 0, 0, 0, 0, 0, 0, 0, 0, 0, 0, 0, 0, 0, 0, 0, 0, 0, 0, 0, 0, 0, 0, 0, 0, 0, 0, 0, 0, 0, 0, 0, 0, 0, 0, 0, 0, 0, 0, 0, 0, 0, 0, 0, 0, 0, 0, 0, 0, 0, 0, 0, 0, 0, 0, 0, 0, 0, 0, 0, 0, 0, 0, 0, 0, 0, 0, 0, 0, 0, 0, 0, 0, 0, 0, 0, 0, 0, 43, 43, 43, 218, 44, 44, 44, 255, 44, 44, 44, 255, 44, 44, 44, 255, 44, 44, 44, 255, 44, 44, 44, 255, 44, 44, 44, 255, 44, 44, 44, 255, 44, 44, 44, 255, 44, 44, 44, 255, 44, 44, 44, 255, 44, 44, 44, 255, 44, 44, 44, 255, 44, 44, 44, 255, 40, 40, 40, 195, 35, 33, 31, 255, 35, 33, 31, 255, 43, 43, 43, 225, 44, 44, 44, 255, 44, 44, 44, 255, 43, 43, 43, 247, 40, 38, 37, 192, 33, 32, 30, 249, 35, 33, 31, 255, 35, 33, 31, 255, 35, 33, 31, 255, 35, 33, 31, 255, 35, 33, 31, 255, 35, 33, 31, 255, 33, 32, 30, 211, 33, 30, 30, 91, 0, 0, 0, 4, 0, 0, 0, 0, 0, 0, 0, 0, 0, 0, 0, 0, 0, 0, 0, 0, 0, 0, 0, 0, 0, 0, 0, 0, 0, 0, 0, 0, 0, 0, 0, 0, 0, 0, 0, 0, 0, 0, 0, 0, 0, 0, 0, 0, 0, 0, 0, 0, 0, 0, 0, 0, 0, 0, 0, 0, 0, 0, 0, 0, 0, 0, 0, 0, 0, 0, 0, 0, 0, 0, 0, 0, 0, 0, 0, 0, 0, 0, 0, 0, 0, 0, 0, 0, 0, 0, 0, 0, 0, 0, 0, 0, 0, 0, 0, 0, 0, 0, 0, 0, 0, 0, 0, 0, 0, 0, 0, 0, 0, 0, 0, 0, 0, 0, 0, 0, 0, 0, 0, 0, 0, 0, 0, 0, 0, 0, 0, 0, 0, 0, 0, 0, 0, 0, 0, 0, 0, 0, 0, 0, 0, 0, 0, 0, 0, 0, 0, 0, 0, 0, 0, 0, 0, 0, 0, 0, 0, 0, 0, 0, 0, 0, 0, 0, 0, 0, 0, 0, 0, 0, 0, 0, 0, 0, 0, 0, 0, 0, 0, 0, 0, 0, 0, 0, 0, 0, 0, 0, 0, 0, 0, 0, 0, 0, 0, 0, 0, 0, 0, 0, 0, 0, 0, 0, 0, 0, 0, 0, 0, 0, 0, 0, 0, 0, 0, 0, 0, 0, 0, 0, 0, 0, 0, 0, 0, 0, 0, 0, 0, 0, 0, 0, 0, 0, 0, 0, 0, 0, 0, 0, 0, 0, 0, 0, 0, 0, 0, 0, 0, 0, 0, 0, 0, 0, 0, 0, 0, 0, 0, 0, 0, 0, 0, 0, 0, 0, 0, 0, 0, 0, 0, 0, 0, 0, 0, 0, 0, 0, 0, 0, 0, 0, 0, 0, 0, 0, 0, 0, 0, 0, 0, 0, 0, 0, 0, 0, 0, 0, 0, 0, 0, 0, 0, 0, 0, 0, 0, 0, 0, 0, 0, 0, 0, 0, 0, 0, 0, 0, 0, 0, 0, 0, 0, 0, 0, 0, 0, 0, 0, 0, 0, 0, 0, 0, 0, 0, 0, 0, 0, 0, 0, 0, 0, 0, 0, 0, 0, 0, 0, 0, 0, 0, 0, 0, 0, 0, 0, 0, 0, 0, 0, 0, 0, 0, 0, 0, 0, 0, 0, 0, 0, 0, 0, 0, 0, 0, 0, 0, 0, 0, 0, 0, 0, 0, 0, 0, 0, 0, 0, 0, 0, 0, 0, 0, 0, 0, 0, 0, 0, 0, 0, 0, 0, 0, 0, 0, 0, 0, 0, 0, 0, 0, 0, 0, 0, 0, 0, 0, 0, 0, 0, 0, 0, 0, 0, 0, 0, 0, 0, 0, 0, 0, 0, 0, 0, 0, 0, 0, 0, 0, 0, 0, 0, 0, 0, 0, 0, 0, 0, 0, 0, 0, 0, 0, 0, 0, 0, 0, 0, 0, 0, 0, 0, 0, 0, 0, 0, 0, 0, 0, 0, 0, 0, 0, 0, 0, 0, 0, 0, 0, 0, 0, 0, 0, 0, 0, 0, 0, 0, 0, 0, 0, 0, 0, 0, 0, 0, 0, 0, 0, 0, 0, 0, 0, 0, 0, 0, 0, 0, 0, 0, 0, 0, 0, 0, 0, 0, 0, 0, 0, 0, 0, 0, 0, 0, 0, 0, 0, 0, 0, 0, 0, 0, 0, 0, 0, 0, 0, 0, 0, 0, 0, 0, 0, 0, 0, 0, 0, 0, 0, 0, 0, 0, 0, 0, 0, 0, 0, 0, 0, 0, 0, 0, 0, 0, 0, 0, 0, 0, 0, 0, 0, 0, 0, 0, 0, 0, 0, 0, 0, 0, 0, 0, 0, 0, 0, 0, 0, 0, 0, 0, 0, 0, 0, 0, 0, 0, 0, 0, 0, 0, 0, 0, 0, 0, 0, 0, 0, 0, 0, 0, 0, 0, 0, 0, 0, 0, 0, 0, 0, 0, 0, 0, 0, 0, 0, 0, 0, 0, 0, 0, 0, 0, 0, 0, 0, 0, 0, 0, 0, 42, 42, 42, 150, 44, 44, 44, 255, 44, 44, 44, 255, 44, 44, 44, 255, 44, 44, 44, 255, 44, 44, 44, 255, 44, 44, 44, 255, 44, 44, 44, 255, 44, 44, 44, 255, 44, 44, 44, 255, 44, 44, 44, 255, 44, 44, 44, 255, 44, 44, 44, 255, 44, 44, 44, 255, 42, 42, 40, 201, 35, 33, 31, 255, 35, 33, 31, 255, 40, 40, 39, 194, 44, 44, 44, 255, 42, 42, 42, 200, 34, 33, 31, 228, 35, 33, 31, 255, 35, 33, 31, 255, 35, 33, 31, 255, 35, 33, 31, 255, 35, 33, 31, 255, 35, 33, 31, 255, 35, 32, 29, 197, 33, 30, 30, 76, 0, 0, 0, 2, 0, 0, 0, 0, 0, 0, 0, 0, 0, 0, 0, 0, 0, 0, 0, 0, 0, 0, 0, 0, 0, 0, 0, 0, 0, 0, 0, 0, 0, 0, 0, 0, 0, 0, 0, 0, 0, 0, 0, 0, 0, 0, 0, 0, 0, 0, 0, 0, 0, 0, 0, 0, 0, 0, 0, 0, 0, 0, 0, 0, 0, 0, 0, 0, 0, 0, 0, 0, 0, 0, 0, 0, 0, 0, 0, 0, 0, 0, 0, 0, 0, 0, 0, 0, 0, 0, 0, 0, 0, 0, 0, 0, 0, 0, 0, 0, 0, 0, 0, 0, 0, 0, 0, 0, 0, 0, 0, 0, 0, 0, 0, 0, 0, 0, 0, 0, 0, 0, 0, 0, 0, 0, 0, 0, 0, 0, 0, 0, 0, 0, 0, 0, 0, 0, 0, 0, 0, 0, 0, 0, 0, 0, 0, 0, 0, 0, 0, 0, 0, 0, 0, 0, 0, 0, 0, 0, 0, 0, 0, 0, 0, 0, 0, 0, 0, 0, 0, 0, 0, 0, 0, 0, 0, 0, 0, 0, 0, 0, 0, 0, 0, 0, 0, 0, 0, 0, 0, 0, 0, 0, 0, 0, 0, 0, 0, 0, 0, 0, 0, 0, 0, 0, 0, 0, 0, 0, 0, 0, 0, 0, 0, 0, 0, 0, 0, 0, 0, 0, 0, 0, 0, 0, 0, 0, 0, 0, 0, 0, 0, 0, 0, 0, 0, 0, 0, 0, 0, 0, 0, 0, 0, 0, 0, 0, 0, 0, 0, 0, 0, 0, 0, 0, 0, 0, 0, 0, 0, 0, 0, 0, 0, 0, 0, 0, 0, 0, 0, 0, 0, 0, 0, 0, 0, 0, 0, 0, 0, 0, 0, 0, 0, 0, 0, 0, 0, 0, 0, 0, 0, 0, 0, 0, 0, 0, 0, 0, 0, 0, 0, 0, 0, 0, 0, 0, 0, 0, 0, 0, 0, 0, 0, 0, 0, 0, 0, 0, 0, 0, 0, 0, 0, 0, 0, 0, 0, 0, 0, 0, 0, 0, 0, 0, 0, 0, 0, 0, 0, 0, 0, 0, 0, 0, 0, 0, 0, 0, 0, 0, 0, 0, 0, 0, 0, 0, 0, 0, 0, 0, 0, 0, 0, 0, 0, 0, 0, 0, 0, 0, 0, 0, 0, 0, 0, 0, 0, 0, 0, 0, 0, 0, 0, 0, 0, 0, 0, 0, 0, 0, 0, 0, 0, 0, 0, 0, 0, 0, 0, 0, 0, 0, 0, 0, 0, 0, 0, 0, 0, 0, 0, 0, 0, 0, 0, 0, 0, 0, 0, 0, 0, 0, 0, 0, 0, 0, 0, 0, 0, 0, 0, 0, 0, 0, 0, 0, 0, 0, 0, 0, 0, 0, 0, 0, 0, 0, 0, 0, 0, 0, 0, 0, 0, 0, 0, 0, 0, 0, 0, 0, 0, 0, 0, 0, 0, 0, 0, 0, 0, 0, 0, 0, 0, 0, 0, 0, 0, 0, 0, 0, 0, 0, 0, 0, 0, 0, 0, 0, 0, 0, 0, 0, 0, 0, 0, 0, 0, 0, 0, 0, 0, 0, 0, 0, 0, 0, 0, 0, 0, 0, 0, 0, 0, 0, 0, 0, 0, 0, 0, 0, 0, 0, 0, 0, 0, 0, 0, 0, 0, 0, 0, 0, 0, 0, 0, 0, 0, 0, 0, 0, 0, 0, 0, 0, 0, 0, 0, 0, 0, 0, 0, 0, 0, 0, 0, 0, 0, 0, 0, 0, 0, 0, 0, 0, 0, 0, 0, 0, 0, 0, 0, 0, 0, 0, 0, 0, 0, 0, 0, 0, 0, 0, 0, 0, 0, 0, 0, 0, 0, 0, 0, 0, 0, 0, 0, 0, 0, 0, 0, 0, 0, 0, 0, 0, 0, 0, 0, 0, 0, 0, 0, 0, 0, 0, 0, 0, 0, 0, 0, 0, 0, 0, 0, 0, 0, 0, 0, 0, 0, 0, 0, 0, 0, 0, 0, 0, 0, 0, 0, 0, 0, 0, 0, 0, 0, 0, 0, 0, 0, 0, 43, 43, 43, 59, 44, 44, 44, 255, 44, 44, 44, 255, 44, 44, 44, 255, 44, 44, 44, 255, 44, 44, 44, 255, 44, 44, 44, 255, 44, 44, 44, 255, 44, 44, 44, 255, 44, 44, 44, 255, 44, 44, 44, 255, 44, 44, 44, 255, 44, 44, 44, 255, 44, 44, 44, 255, 42, 42, 42, 207, 35, 33, 31, 255, 35, 33, 31, 255, 36, 35, 34, 208, 37, 36, 33, 205, 35, 33, 31, 255, 35, 33, 31, 255, 35, 33, 31, 255, 35, 33, 31, 255, 35, 33, 31, 255, 35, 33, 31, 255, 35, 32, 30, 182, 33, 33, 28, 62, 0, 0, 0, 1, 0, 0, 0, 0, 0, 0, 0, 0, 0, 0, 0, 0, 0, 0, 0, 0, 0, 0, 0, 0, 0, 0, 0, 0, 0, 0, 0, 0, 0, 0, 0, 0, 0, 0, 0, 0, 0, 0, 0, 0, 0, 0, 0, 0, 0, 0, 0, 0, 0, 0, 0, 0, 0, 0, 0, 0, 0, 0, 0, 0, 0, 0, 0, 0, 0, 0, 0, 0, 0, 0, 0, 0, 0, 0, 0, 0, 0, 0, 0, 0, 0, 0, 0, 0, 0, 0, 0, 0, 0, 0, 0, 0, 0, 0, 0, 0, 0, 0, 0, 0, 0, 0, 0, 0, 0, 0, 0, 0, 0, 0, 0, 0, 0, 0, 0, 0, 0, 0, 0, 0, 0, 0, 0, 0, 0, 0, 0, 0, 0, 0, 0, 0, 0, 0, 0, 0, 0, 0, 0, 0, 0, 0, 0, 0, 0, 0, 0, 0, 0, 0, 0, 0, 0, 0, 0, 0, 0, 0, 0, 0, 0, 0, 0, 0, 0, 0, 0, 0, 0, 0, 0, 0, 0, 0, 0, 0, 0, 0, 0, 0, 0, 0, 0, 0, 0, 0, 0, 0, 0, 0, 0, 0, 0, 0, 0, 0, 0, 0, 0, 0, 0, 0, 0, 0, 0, 0, 0, 0, 0, 0, 0, 0, 0, 0, 0, 0, 0, 0, 0, 0, 0, 0, 0, 0, 0, 0, 0, 0, 0, 0, 0, 0, 0, 0, 0, 0, 0, 0, 0, 0, 0, 0, 0, 0, 0, 0, 0, 0, 0, 0, 0, 0, 0, 0, 0, 0, 0, 0, 0, 0, 0, 0, 0, 0, 0, 0, 0, 0, 0, 0, 0, 0, 0, 0, 0, 0, 0, 0, 0, 0, 0, 0, 0, 0, 0, 0, 0, 0, 0, 0, 0, 0, 0, 0, 0, 0, 0, 0, 0, 0, 0, 0, 0, 0, 0, 0, 0, 0, 0, 0, 0, 0, 0, 0, 0, 0, 0, 0, 0, 0, 0, 0, 0, 0, 0, 0, 0, 0, 0, 0, 0, 0, 0, 0, 0, 0, 0, 0, 0, 0, 0, 0, 0, 0, 0, 0, 0, 0, 0, 0, 0, 0, 0, 0, 0, 0, 0, 0, 0, 0, 0, 0, 0, 0, 0, 0, 0, 0, 0, 0, 0, 0, 0, 0, 0, 0, 0, 0, 0, 0, 0, 0, 0, 0, 0, 0, 0, 0, 0, 0, 0, 0, 0, 0, 0, 0, 0, 0, 0, 0, 0, 0, 0, 0, 0, 0, 0, 0, 0, 0, 0, 0, 0, 0, 0, 0, 0, 0, 0, 0, 0, 0, 0, 0, 0, 0, 0, 0, 0, 0, 0, 0, 0, 0, 0, 0, 0, 0, 0, 0, 0, 0, 0, 0, 0, 0, 0, 0, 0, 0, 0, 0, 0, 0, 0, 0, 0, 0, 0, 0, 0, 0, 0, 0, 0, 0, 0, 0, 0, 0, 0, 0, 0, 0, 0, 0, 0, 0, 0, 0, 0, 0, 0, 0, 0, 0, 0, 0, 0, 0, 0, 0, 0, 0, 0, 0, 0, 0, 0, 0, 0, 0, 0, 0, 0, 0, 0, 0, 0, 0, 0, 0, 0, 0, 0, 0, 0, 0, 0, 0, 0, 0, 0, 0, 0, 0, 0, 0, 0, 0, 0, 0, 0, 0, 0, 0, 0, 0, 0, 0, 0, 0, 0, 0, 0, 0, 0, 0, 0, 0, 0, 0, 0, 0, 0, 0, 0, 0, 0, 0, 0, 0, 0, 0, 0, 0, 0, 0, 0, 0, 0, 0, 0, 0, 0, 0, 0, 0, 0, 0, 0, 0, 0, 0, 0, 0, 0, 0, 0, 0, 0, 0, 0, 0, 0, 0, 0, 0, 0, 0, 0, 0, 0, 0, 0, 0, 0, 0, 0, 0, 0, 0, 0, 0, 0, 0, 0, 0, 0, 0, 0, 0, 0, 0, 0, 0, 0, 0, 0, 0, 0, 0, 0, 0, 0, 0, 0, 0, 0, 0, 0, 0, 0, 0, 0, 0, 0, 0, 0, 0, 0, 0, 0, 0, 0, 0, 0, 0, 0, 0, 43, 43, 43, 164, 44, 44, 44, 255, 44, 44, 44, 255, 44, 44, 44, 255, 44, 44, 44, 255, 44, 44, 44, 255, 44, 44, 44, 255, 44, 44, 44, 255, 44, 44, 44, 255, 44, 44, 44, 255, 44, 44, 44, 255, 44, 44, 44, 255, 44, 44, 44, 255, 41, 41, 41, 198, 35, 33, 31, 255, 35, 33, 31, 255, 35, 33, 31, 255, 35, 33, 31, 255, 35, 33, 31, 255, 35, 33, 31, 255, 35, 33, 31, 255, 34, 32, 30, 253, 35, 32, 30, 168, 32, 32, 26, 48, 0, 0, 0, 0, 0, 0, 0, 0, 0, 0, 0, 0, 0, 0, 0, 0, 0, 0, 0, 0, 0, 0, 0, 0, 0, 0, 0, 0, 0, 0, 0, 0, 0, 0, 0, 0, 0, 0, 0, 0, 0, 0, 0, 0, 0, 0, 0, 0, 0, 0, 0, 0, 0, 0, 0, 0, 0, 0, 0, 0, 0, 0, 0, 0, 0, 0, 0, 0, 0, 0, 0, 0, 0, 0, 0, 0, 0, 0, 0, 0, 0, 0, 0, 0, 0, 0, 0, 0, 0, 0, 0, 0, 0, 0, 0, 0, 0, 0, 0, 0, 0, 0, 0, 0, 0, 0, 0, 0, 0, 0, 0, 0, 0, 0, 0, 0, 0, 0, 0, 0, 0, 0, 0, 0, 0, 0, 0, 0, 0, 0, 0, 0, 0, 0, 0, 0, 0, 0, 0, 0, 0, 0, 0, 0, 0, 0, 0, 0, 0, 0, 0, 0, 0, 0, 0, 0, 0, 0, 0, 0, 0, 0, 0, 0, 0, 0, 0, 0, 0, 0, 0, 0, 0, 0, 0, 0, 0, 0, 0, 0, 0, 0, 0, 0, 0, 0, 0, 0, 0, 0, 0, 0, 0, 0, 0, 0, 0, 0, 0, 0, 0, 0, 0, 0, 0, 0, 0, 0, 0, 0, 0, 0, 0, 0, 0, 0, 0, 0, 0, 0, 0, 0, 0, 0, 0, 0, 0, 0, 0, 0, 0, 0, 0, 0, 0, 0, 0, 0, 0, 0, 0, 0, 0, 0, 0, 0, 0, 0, 0, 0, 0, 0, 0, 0, 0, 0, 0, 0, 0, 0, 0, 0, 0, 0, 0, 0, 0, 0, 0, 0, 0, 0, 0, 0, 0, 0, 0, 0, 0, 0, 0, 0, 0, 0, 0, 0, 0, 0, 0, 0, 0, 0, 0, 0, 0, 0, 0, 0, 0, 0, 0, 0, 0, 0, 0, 0, 0, 0, 0, 0, 0, 0, 0, 0, 0, 0, 0, 0, 0, 0, 0, 0, 0, 0, 0, 0, 0, 0, 0, 0, 0, 0, 0, 0, 0, 0, 0, 0, 0, 0, 0, 0, 0, 0, 0, 0, 0, 0, 0, 0, 0, 0, 0, 0, 0, 0, 0, 0, 0, 0, 0, 0, 0, 0, 0, 0, 0, 0, 0, 0, 0, 0, 0, 0, 0, 0, 0, 0, 0, 0, 0, 0, 0, 0, 0, 0, 0, 0, 0, 0, 0, 0, 0, 0, 0, 0, 0, 0, 0, 0, 0, 0, 0, 0, 0, 0, 0, 0, 0, 0, 0, 0, 0, 0, 0, 0, 0, 0, 0, 0, 0, 0, 0, 0, 0, 0, 0, 0, 0, 0, 0, 0, 0, 0, 0, 0, 0, 0, 0, 0, 0, 0, 0, 0, 0, 0, 0, 0, 0, 0, 0, 0, 0, 0, 0, 0, 0, 0, 0, 0, 0, 0, 0, 0, 0, 0, 0, 0, 0, 0, 0, 0, 0, 0, 0, 0, 0, 0, 0, 0, 0, 0, 0, 0, 0, 0, 0, 0, 0, 0, 0, 0, 0, 0, 0, 0, 0, 0, 0, 0, 0, 0, 0, 0, 0, 0, 0, 0, 0, 0, 0, 0, 0, 0, 0, 0, 0, 0, 0, 0, 0, 0, 0, 0, 0, 0, 0, 0, 0, 0, 0, 0, 0, 0, 0, 0, 0, 0, 0, 0, 0, 0, 0, 0, 0, 0, 0, 0, 0, 0, 0, 0, 0, 0, 0, 0, 0, 0, 0, 0, 0, 0, 0, 0, 0, 0, 0, 0, 0, 0, 0, 0, 0, 0, 0, 0, 0, 0, 0, 0, 0, 0, 0, 0, 0, 0, 0, 0, 0, 0, 0, 0, 0, 0, 0, 0, 0, 0, 0, 0, 0, 0, 0, 0, 0, 0, 0, 0, 0, 0, 0, 0, 0, 0, 0, 0, 0, 0, 0, 0, 0, 0, 0, 0, 0, 0, 0, 0, 0, 0, 0, 0, 0, 0, 0, 0, 0, 0, 0, 0, 0, 0, 0, 0, 0, 0, 0, 0, 0, 0, 0, 0, 0, 0, 0, 0, 0, 0, 0, 0, 0, 0, 0, 0, 0, 0, 0, 0, 0, 0, 0, 0, 36, 36, 36, 14, 43, 43, 43, 193, 44, 44, 44, 255, 44, 44, 44, 255, 44, 44, 44, 255, 44, 44, 44, 255, 44, 44, 44, 255, 44, 44, 44, 255, 44, 44, 44, 255, 44, 44, 44, 255, 44, 44, 44, 255, 44, 44, 44, 255, 44, 44, 44, 255, 39, 39, 39, 193, 35, 33, 31, 255, 35, 33, 31, 255, 35, 33, 31, 255, 35, 33, 31, 255, 35, 33, 31, 255, 34, 32, 30, 249, 35, 31, 30, 153, 35, 28, 28, 36, 0, 0, 0, 0, 0, 0, 0, 0, 0, 0, 0, 0, 0, 0, 0, 0, 0, 0, 0, 0, 0, 0, 0, 0, 0, 0, 0, 0, 0, 0, 0, 0, 0, 0, 0, 0, 0, 0, 0, 0, 0, 0, 0, 0, 0, 0, 0, 0, 0, 0, 0, 0, 0, 0, 0, 0, 0, 0, 0, 0, 0, 0, 0, 0, 0, 0, 0, 0, 0, 0, 0, 0, 0, 0, 0, 0, 0, 0, 0, 0, 0, 0, 0, 0, 0, 0, 0, 0, 0, 0, 0, 0, 0, 0, 0, 0, 0, 0, 0, 0, 0, 0, 0, 0, 0, 0, 0, 0, 0, 0, 0, 0, 0, 0, 0, 0, 0, 0, 0, 0, 0, 0, 0, 0, 0, 0, 0, 0, 0, 0, 0, 0, 0, 0, 0, 0, 0, 0, 0, 0, 0, 0, 0, 0, 0, 0, 0, 0, 0, 0, 0, 0, 0, 0, 0, 0, 0, 0, 0, 0, 0, 0, 0, 0, 0, 0, 0, 0, 0, 0, 0, 0, 0, 0, 0, 0, 0, 0, 0, 0, 0, 0, 0, 0, 0, 0, 0, 0, 0, 0, 0, 0, 0, 0, 0, 0, 0, 0, 0, 0, 0, 0, 0, 0, 0, 0, 0, 0, 0, 0, 0, 0, 0, 0, 0, 0, 0, 0, 0, 0, 0, 0, 0, 0, 0, 0, 0, 0, 0, 0, 0, 0, 0, 0, 0, 0, 0, 0, 0, 0, 0, 0, 0, 0, 0, 0, 0, 0, 0, 0, 0, 0, 0, 0, 0, 0, 0, 0, 0, 0, 0, 0, 0, 0, 0, 0, 0, 0, 0, 0, 0, 0, 0, 0, 0, 0, 0, 0, 0, 0, 0, 0, 0, 0, 0, 0, 0, 0, 0, 0, 0, 0, 0, 0, 0, 0, 0, 0, 0, 0, 0, 0, 0, 0, 0, 0, 0, 0, 0, 0, 0, 0, 0, 0, 0, 0, 0, 0, 0, 0, 0, 0, 0, 0, 0, 0, 0, 0, 0, 0, 0, 0, 0, 0, 0, 0, 0, 0, 0, 0, 0, 0, 0, 0, 0, 0, 0, 0, 0, 0, 0, 0, 0, 0, 0, 0, 0, 0, 0, 0, 0, 0, 0, 0, 0, 0, 0, 0, 0, 0, 0, 0, 0, 0, 0, 0, 0, 0, 0, 0, 0, 0, 0, 0, 0, 0, 0, 0, 0, 0, 0, 0, 0, 0, 0, 0, 0, 0, 0, 0, 0, 0, 0, 0, 0, 0, 0, 0, 0, 0, 0, 0, 0, 0, 0, 0, 0, 0, 0, 0, 0, 0, 0, 0, 0, 0, 0, 0, 0, 0, 0, 0, 0, 0, 0, 0, 0, 0, 0, 0, 0, 0, 0, 0, 0, 0, 0, 0, 0, 0, 0, 0, 0, 0, 0, 0, 0, 0, 0, 0, 0, 0, 0, 0, 0, 0, 0, 0, 0, 0, 0, 0, 0, 0, 0, 0, 0, 0, 0, 0, 0, 0, 0, 0, 0, 0, 0, 0, 0, 0, 0, 0, 0, 0, 0, 0, 0, 0, 0, 0, 0, 0, 0, 0, 0, 0, 0, 0, 0, 0, 0, 0, 0, 0, 0, 0, 0, 0, 0, 0, 0, 0, 0, 0, 0, 0, 0, 0, 0, 0, 0, 0, 0, 0, 0, 0, 0, 0, 0, 0, 0, 0, 0, 0, 0, 0, 0, 0, 0, 0, 0, 0, 0, 0, 0, 0, 0, 0, 0, 0, 0, 0, 0, 0, 0, 0, 0, 0, 0, 0, 0, 0, 0, 0, 0, 0, 0, 0, 0, 0, 0, 0, 0, 0, 0, 0, 0, 0, 0, 0, 0, 0, 0, 0, 0, 0, 0, 0, 0, 0, 0, 0, 0, 0, 0, 0, 0, 0, 0, 0, 0, 0, 0, 0, 0, 0, 0, 0, 0, 0, 0, 0, 0, 0, 0, 0, 0, 0, 0, 0, 0, 0, 0, 0, 0, 0, 0, 0, 0, 0, 0, 0, 0, 0, 0, 0, 0, 0, 0, 0, 0, 0, 0, 0, 0, 0, 0, 0, 0, 0, 0, 0, 0, 0, 0, 0, 0, 0, 0, 0, 0, 0, 0, 0, 0, 0, 0, 0, 0, 0, 0, 0, 0, 0, 28, 28, 28, 9, 43, 43, 43, 153, 43, 43, 43, 253, 44, 44, 44, 255, 44, 44, 44, 255, 44, 44, 44, 255, 44, 44, 44, 255, 44, 44, 44, 255, 44, 44, 44, 255, 44, 44, 44, 255, 44, 44, 44, 255, 44, 44, 44, 255, 38, 38, 37, 192, 35, 33, 31, 255, 35, 33, 31, 255, 35, 33, 31, 255, 34, 32, 30, 243, 35, 31, 29, 138, 29, 29, 29, 26, 0, 0, 0, 0, 0, 0, 0, 0, 0, 0, 0, 0, 0, 0, 0, 0, 0, 0, 0, 0, 0, 0, 0, 0, 0, 0, 0, 0, 0, 0, 0, 0, 0, 0, 0, 0, 0, 0, 0, 0, 0, 0, 0, 0, 0, 0, 0, 0, 0, 0, 0, 0, 0, 0, 0, 0, 0, 0, 0, 0, 0, 0, 0, 0, 0, 0, 0, 0, 0, 0, 0, 0, 0, 0, 0, 0, 0, 0, 0, 0, 0, 0, 0, 0, 0, 0, 0, 0, 0, 0, 0, 0, 0, 0, 0, 0, 0, 0, 0, 0, 0, 0, 0, 0, 0, 0, 0, 0, 0, 0, 0, 0, 0, 0, 0, 0, 0, 0, 0, 0, 0, 0, 0, 0, 0, 0, 0, 0, 0, 0, 0, 0, 0, 0, 0, 0, 0, 0, 0, 0, 0, 0, 0, 0, 0, 0, 0, 0, 0, 0, 0, 0, 0, 0, 0, 0, 0, 0, 0, 0, 0, 0, 0, 0, 0, 0, 0, 0, 0, 0, 0, 0, 0, 0, 0, 0, 0, 0, 0, 0, 0, 0, 0, 0, 0, 0, 0, 0, 0, 0, 0, 0, 0, 0, 0, 0, 0, 0, 0, 0, 0, 0, 0, 0, 0, 0, 0, 0, 0, 0, 0, 0, 0, 0, 0, 0, 0, 0, 0, 0, 0, 0, 0, 0, 0, 0, 0, 0, 0, 0, 0, 0, 0, 0, 0, 0, 0, 0, 0, 0, 0, 0, 0, 0, 0, 0, 0, 0, 0, 0, 0, 0, 0, 0, 0, 0, 0, 0, 0, 0, 0, 0, 0, 0, 0, 0, 0, 0, 0, 0, 0, 0, 0, 0, 0, 0, 0, 0, 0, 0, 0, 0, 0, 0, 0, 0, 0, 0, 0, 0, 0, 0, 0, 0, 0, 0, 0, 0, 0, 0, 0, 0, 0, 0, 0, 0, 0, 0, 0, 0, 0, 0, 0, 0, 0, 0, 0, 0, 0, 0, 0, 0, 0, 0, 0, 0, 0, 0, 0, 0, 0, 0, 0, 0, 0, 0, 0, 0, 0, 0, 0, 0, 0, 0, 0, 0, 0, 0, 0, 0, 0, 0, 0, 0, 0, 0, 0, 0, 0, 0, 0, 0, 0, 0, 0, 0, 0, 0, 0, 0, 0, 0, 0, 0, 0, 0, 0, 0, 0, 0, 0, 0, 0, 0, 0, 0, 0, 0, 0, 0, 0, 0, 0, 0, 0, 0, 0, 0, 0, 0, 0, 0, 0, 0, 0, 0, 0, 0, 0, 0, 0, 0, 0, 0, 0, 0, 0, 0, 0, 0, 0, 0, 0, 0, 0, 0, 0, 0, 0, 0, 0, 0, 0, 0, 0, 0, 0, 0, 0, 0, 0, 0, 0, 0, 0, 0, 0, 0, 0, 0, 0, 0, 0, 0, 0, 0, 0, 0, 0, 0, 0, 0, 0, 0, 0, 0, 0, 0, 0, 0, 0, 0, 0, 0, 0, 0, 0, 0, 0, 0, 0, 0, 0, 0, 0, 0, 0, 0, 0, 0, 0, 0, 0, 0, 0, 0, 0, 0, 0, 0, 0, 0, 0, 0, 0, 0, 0, 0, 0, 0, 0, 0, 0, 0, 0, 0, 0, 0, 0, 0, 0, 0, 0, 0, 0, 0, 0, 0, 0, 0, 0, 0, 0, 0, 0, 0, 0, 0, 0, 0, 0, 0, 0, 0, 0, 0, 0, 0, 0, 0, 0, 0, 0, 0, 0, 0, 0, 0, 0, 0, 0, 0, 0, 0, 0, 0, 0, 0, 0, 0, 0, 0, 0, 0, 0, 0, 0, 0, 0, 0, 0, 0, 0, 0, 0, 0, 0, 0, 0, 0, 0, 0, 0, 0, 0, 0, 0, 0, 0, 0, 0, 0, 0, 0, 0, 0, 0, 0, 0, 0, 0, 0, 0, 0, 0, 0, 0, 0, 0, 0, 0, 0, 0, 0, 0, 0, 0, 0, 0, 0, 0, 0, 0, 0, 0, 0, 0, 0, 0, 0, 0, 0, 0, 0, 0, 0, 0, 0, 0, 0, 0, 0, 0, 0, 0, 0, 0, 0, 0, 0, 0, 0, 0, 0, 0, 0, 0, 0, 0, 0, 0, 0, 0, 0, 0, 0, 0, 0, 0, 0, 0, 0, 0, 0, 0, 0, 0, 0, 0, 0, 0, 0, 0, 0, 0, 0, 0, 0, 0, 0, 40, 40, 40, 44, 43, 43, 43, 163, 43, 43, 43, 240, 44, 44, 44, 255, 44, 44, 44, 255, 44, 44, 44, 255, 44, 44, 44, 255, 44, 44, 44, 255, 44, 44, 44, 255, 44, 44, 44, 255, 38, 38, 36, 194, 35, 33, 31, 255, 34, 32, 30, 235, 33, 31, 31, 123, 30, 30, 30, 17, 0, 0, 0, 0, 0, 0, 0, 0, 0, 0, 0, 0, 0, 0, 0, 0, 0, 0, 0, 0, 0, 0, 0, 0, 0, 0, 0, 0, 0, 0, 0, 0, 0, 0, 0, 0, 0, 0, 0, 0, 0, 0, 0, 0, 0, 0, 0, 0, 0, 0, 0, 0, 0, 0, 0, 0, 0, 0, 0, 0, 0, 0, 0, 0, 0, 0, 0, 0, 0, 0, 0, 0, 0, 0, 0, 0, 0, 0, 0, 0, 0, 0, 0, 0, 0, 0, 0, 0, 0, 0, 0, 0, 0, 0, 0, 0, 0, 0, 0, 0, 0, 0, 0, 0, 0, 0, 0, 0, 0, 0, 0, 0, 0, 0, 0, 0, 0, 0, 0, 0, 0, 0, 0, 0, 0, 0, 0, 0, 0, 0, 0, 0, 0, 0, 0, 0, 0, 0, 0, 0, 0, 0, 0, 0, 0, 0, 0, 0, 0, 0, 0, 0, 0, 0, 0, 0, 0, 0, 0, 0, 0, 0, 0, 0, 0, 0, 0, 0, 0, 0, 0, 0, 0, 0, 0, 0, 0, 0, 0, 0, 0, 0, 0, 0, 0, 0, 0, 0, 0, 0, 0, 0, 0, 0, 0, 0, 0, 0, 0, 0, 0, 0, 0, 0, 0, 0, 0, 0, 0, 0, 0, 0, 0, 0, 0, 0, 0, 0, 0, 0, 0, 0, 0, 0, 0, 0, 0, 0, 0, 0, 0, 0, 0, 0, 0, 0, 0, 0, 0, 0, 0, 0, 0, 0, 0, 0, 0, 0, 0, 0, 0, 0, 0, 0, 0, 0, 0, 0, 0, 0, 0, 0, 0, 0, 0, 0, 0, 0, 0, 0, 0, 0, 0, 0, 0, 0, 0, 0, 0, 0, 0, 0, 0, 0, 0, 0, 0, 0, 0, 0, 0, 0, 0, 0, 0, 0, 0, 0, 0, 0, 0, 0, 0, 0, 0, 0, 0, 0, 0, 0, 0, 0, 0, 0, 0, 0, 0, 0, 0, 0, 0, 0, 0, 0, 0, 0, 0, 0, 0, 0, 0, 0, 0, 0, 0, 0, 0, 0, 0, 0, 0, 0, 0, 0, 0, 0, 0, 0, 0, 0, 0, 0, 0, 0, 0, 0, 0, 0, 0, 0, 0, 0, 0, 0, 0, 0, 0, 0, 0, 0, 0, 0, 0, 0, 0, 0, 0, 0, 0, 0, 0, 0, 0, 0, 0, 0, 0, 0, 0, 0, 0, 0, 0, 0, 0, 0, 0, 0, 0, 0, 0, 0, 0, 0, 0, 0, 0, 0, 0, 0, 0, 0, 0, 0, 0, 0, 0, 0, 0, 0, 0, 0, 0, 0, 0, 0, 0, 0, 0, 0, 0, 0, 0, 0, 0, 0, 0, 0, 0, 0, 0, 0, 0, 0, 0, 0, 0, 0, 0, 0, 0, 0, 0, 0, 0, 0, 0, 0, 0, 0, 0, 0, 0, 0, 0, 0, 0, 0, 0, 0, 0, 0, 0, 0, 0, 0, 0, 0, 0, 0, 0, 0, 0, 0, 0, 0, 0, 0, 0, 0, 0, 0, 0, 0, 0, 0, 0, 0, 0, 0, 0, 0, 0, 0, 0, 0, 0, 0, 0, 0, 0, 0, 0, 0, 0, 0, 0, 0, 0, 0, 0, 0, 0, 0, 0, 0, 0, 0, 0, 0, 0, 0, 0, 0, 0, 0, 0, 0, 0, 0, 0, 0, 0, 0, 0, 0, 0, 0, 0, 0, 0, 0, 0, 0, 0, 0, 0, 0, 0, 0, 0, 0, 0, 0, 0, 0, 0, 0, 0, 0, 0, 0, 0, 0, 0, 0, 0, 0, 0, 0, 0, 0, 0, 0, 0, 0, 0, 0, 0, 0, 0, 0, 0, 0, 0, 0, 0, 0, 0, 0, 0, 0, 0, 0, 0, 0, 0, 0, 0, 0, 0, 0, 0, 0, 0, 0, 0, 0, 0, 0, 0, 0, 0, 0, 0, 0, 0, 0, 0, 0, 0, 0, 0, 0, 0, 0, 0, 0, 0, 0, 0, 0, 0, 0, 0, 0, 0, 0, 0, 0, 0, 0, 0, 0, 0, 0, 0, 0, 0, 0, 0, 0, 0, 0, 0, 0, 0, 0, 0, 0, 0, 0, 0, 0, 0, 0, 0, 0, 0, 0, 0, 0, 0, 0, 0, 0, 0, 0, 0, 0, 0, 0, 0, 0, 0, 0, 0, 0, 0, 0, 0, 0, 0, 0, 0, 0, 0, 0, 0, 0, 0, 0, 0, 0, 0, 0, 42, 42, 42, 6, 44, 44, 44, 69, 42, 42, 42, 121, 44, 44, 44, 162, 43, 43, 43, 202, 43, 43, 43, 222, 43, 43, 43, 234, 43, 43, 43, 246, 37, 37, 35, 179, 35, 32, 30, 109, 25, 25, 25, 10, 0, 0, 0, 0, 0, 0, 0, 0, 0, 0, 0, 0, 0, 0, 0, 0, 0, 0, 0, 0, 0, 0, 0, 0, 0, 0, 0, 0, 0, 0, 0, 0, 0, 0, 0, 0, 0, 0, 0, 0, 0, 0, 0, 0, 0, 0, 0, 0, 0, 0, 0, 0, 0, 0, 0, 0, 0, 0, 0, 0, 0, 0, 0, 0, 0, 0, 0, 0, 0, 0, 0, 0, 0, 0, 0, 0, 0, 0, 0, 0, 0, 0, 0, 0, 0, 0, 0, 0, 0, 0, 0, 0, 0, 0, 0, 0, 0, 0, 0, 0, 0, 0, 0, 0, 0, 0, 0, 0, 0, 0, 0, 0, 0, 0, 0, 0, 0, 0, 0, 0, 0, 0, 0, 0, 0, 0, 0, 0, 0, 0, 0, 0, 0, 0, 0, 0, 0, 0, 0, 0, 0, 0, 0, 0, 0, 0, 0, 0, 0, 0, 0, 0, 0, 0, 0, 0, 0, 0, 0, 0, 0, 0, 0, 0, 0, 0, 0, 0, 0, 0, 0, 0, 0, 0, 0, 0, 0, 0, 0, 0, 0, 0, 0, 0, 0, 0, 0, 0, 0, 0, 0, 0, 0, 0, 0, 0, 0, 0, 0, 0, 0, 0, 0, 0, 0, 0, 0, 0, 0, 0, 0, 0, 0, 0, 0, 0, 0, 0, 0, 0, 0, 0, 0, 0, 0, 0, 0, 0, 0, 0, 0, 0, 0, 0, 0, 0, 0, 0, 0, 0, 0, 0, 0, 0, 0, 0, 0, 0, 0, 0, 0, 0, 0, 0, 0, 0, 0, 0, 0, 0, 0, 0, 0, 0, 0, 0, 0, 0, 0, 0, 0, 0, 0, 0, 0, 0, 0, 0, 0, 0, 0, 0, 0, 0, 0, 0, 0, 0, 0, 0, 0, 0, 0, 0, 0, 0, 0, 0, 0, 0, 0, 0, 0, 0, 0, 0, 0, 0, 0, 0, 0, 0, 0, 0, 0, 0, 0, 0, 0, 0, 0, 0, 0, 0, 0, 0, 0, 0, 0, 0, 0, 0, 0, 0, 0, 0, 0, 0, 0, 0, 0, 0, 0, 0, 0, 0, 0, 0, 0, 0, 0, 0, 0, 0, 0, 0, 0, 0, 0, 0, 0, 0, 0, 0, 0, 0, 0, 0, 0, 0, 0, 0, 0, 0, 0, 0, 0, 0, 0, 0, 0, 0, 0, 0, 0, 0, 0, 0, 0, 0, 0, 0, 0, 0, 0, 0, 0, 0, 0, 0, 0, 0, 0, 0, 0, 0, 0, 0, 0, 0, 0, 0, 0, 0, 0, 0, 0, 0, 0, 0),
"format": "RGBA8",
"height": 231,
"mipmaps": false,
"width": 192
}

[sub_resource type="ImageTexture" id="ImageTexture_2dcy5"]
image = SubResource("Image_ms2qc")

[sub_resource type="SpriteFrames" id="SpriteFrames_bsree"]
animations = [{
"frames": [{
"duration": 1.0,
"texture": SubResource("ImageTexture_2dcy5")
}],
"loop": true,
"name": &"default",
"speed": 24.0
}]

[node name="PlushieRedPanda" type="Node2D"]
script = SubResource("GDScript_6e4p7")
data = {
"contentHeight": 217.0,
"contentWidth": 281.0
}
metadata/ysort_ref = &"y_sort_point"
metadata/contentWidth = 64.0
metadata/contentHeight = 77.0

[node name="y_sort_point" type="Marker2D" parent="."]
position = Vector2(28.6586, 72.1125)

[node name="_AnimatedSprite2D_26" type="AnimatedSprite2D" parent="."]
position = Vector2(32, 38.5)
scale = Vector2(0.333333, 0.333333)
sprite_frames = SubResource("SpriteFrames_bsree")
